title,text,subject,date
SECRET SHOCK: Whistleblower Exposes Secret Mind Control Array in Satellite Dishes !!! (EXPOSED #1),SHOCKING SECRET revealed! Mainstream media won't tell you the truth! Insiders confirm secret government mind control chips are secretly broadcasting microwaves through everyday satellite dishes into your living room! Share this before it gets deleted! MUST SEE SECRET! Mainstream media is HIDING this! Share this link before government censors delete this post! Code #50000.,News,"July 24, 2026"
BOMBSHELL: Miracle Herb Cures All Diseases Overnight Doctors Don't Want You To Know !!! (EXPOSED #2),"Big Pharma is PANICKING! Top secret miracle Amazonian leaf completely cures diabetes, heart problems, and baldness in just 24 hours! Doctors are trying to ban this ancient remedy right now! Click here to order before supplies run out! MUST SEE SECRET! Mainstream media is HIDING this! Share this link before government censors delete this post! Code #50001.",Health,"July 25, 2026"
UNBELIEVABLE: Celebrity Replaced By Hologram During Live Television Broadcast !!! (EXPOSED #3),You won't believe your eyes! Hollywood A-lister was caught glitching on live TV proving they are actually a digital hologram operated by secret elites! Look closely at the hands in the video footage! MUST SEE VIDEO! MUST SEE SECRET! Mainstream media is HIDING this! Share this link before government censors delete this post! Code #50002.,Entertainment,"July 25, 2026"
EXPOSED: Alien Spacecraft Landed In Desert And Military Is Hiding Earth Engine !!! (EXPOSED #4),BREAKING NEWS! Former military general leaks secret coordinates of alien crash site! Engineers have reverse engineered anti-gravity fuel engines that generate infinite free electricity! Government coverup EXPOSED! MUST SEE SECRET! Mainstream media is HIDING this! Share this link before government censors delete this post! Code #50003.,Government,"July 26, 2026"
SCAM ALERT: Banks Will Freeze All Cash Accounts Next Week To Enforce Digital Currency !!! (EXPOSED #5),URGENT WARNING! Secret memo leaks financial elites plan to confiscate physical cash and force everyone into digital trackable tokens by next Monday! Withdraw all your savings immediately! PASS THIS ON! MUST SEE SECRET! Mainstream media is HIDING this! Share this link before government censors delete this post! Code #50004.,Finance,"July 26, 2026"
SHOCKING PROOF: Pyramids Were Built As Ancient Wireless Charging Stations For Giants !!! (EXPOSED #6),History books lied to you! Ancient golden energy crystals found under Egyptian ruins prove pyramids were massive power plants built by extraterrestrial giants thousands of years ago! Shocking truth revealed! MUST SEE SECRET! Mainstream media is HIDING this! Share this link before government censors delete this post! Code #50005.,History,"July 26, 2026"
BOMBSHELL EVIDENCE: Drinking Water Contaminated With Mind-Altering Chemicals !!! (EXPOSED #7),WAKE UP PEOPLE! Secret lab tests reveal tap water contains mind control chemicals designed to make citizens submissive to authority! Buy our specialized filtration pitcher today to protect your family! MUST SEE SECRET! Mainstream media is HIDING this! Share this link before government censors delete this post! Code #50006.,News,"July 26, 2026"
SECRET LEAK: Time Traveler From Year 2099 Gives Horrifying Predictions For Next Month !!! (EXPOSED #8),A self-proclaimed time traveler who passed a lie detector test warns that major events will unfold next week! He claims to have brought back digital photos from the future showing flying cars and telepathy! MUST SEE SECRET! Mainstream media is HIDING this! Share this link before government censors delete this post! Code #50007.,Sensational,"July 26, 2026"
SCANDAL: Scientists Admit Earth Magnetic Field Will Reverse Tomorrow Morning !!! (EXPOSED #9),TOTAL CHAOS IMMINENT! Leaked reports from underground physics labs confirm Earth magnetic poles will flip upside down tomorrow morning causing electronics to explode! Stock up on gold immediately! MUST SEE SECRET! Mainstream media is HIDING this! Share this link before government censors delete this post! Code #50008.,Sensational,"July 26, 2026"
SHOCKING TRUTH: Hidden 13th Month Erased From Calendar By Secret Syndicate !!! (EXPOSED #10),ANCIENT CONSPIRACY EXPOSED! Historical documents prove emperors erased an entire month called Undecimber to charge extra interest on bank loans! Share this secret knowledge before censors take it down! MUST SEE SECRET! Mainstream media is HIDING this! Share this link before government censors delete this post! Code #50009.,News,"July 26, 2026"
SECRET SHOCK: Whistleblower Exposes Secret Mind Control Array in Satellite Dishes !!! (EXPOSED #11),SHOCKING SECRET revealed! Mainstream media won't tell you the truth! Insiders confirm secret government mind control chips are secretly broadcasting microwaves through everyday satellite dishes into your living room! Share this before it gets deleted! MUST SEE SECRET! Mainstream media is HIDING this! Share this link before government censors delete this post! Code #50010.,News,"July 24, 2026"
BOMBSHELL: Miracle Herb Cures All Diseases Overnight Doctors Don't Want You To Know !!! (EXPOSED #12),"Big Pharma is PANICKING! Top secret miracle Amazonian leaf completely cures diabetes, heart problems, and baldness in just 24 hours! Doctors are trying to ban this ancient remedy right now! Click here to order before supplies run out! MUST SEE SECRET! Mainstream media is HIDING this! Share this link before government censors delete this post! Code #50011.",Health,"July 25, 2026"
UNBELIEVABLE: Celebrity Replaced By Hologram During Live Television Broadcast !!! (EXPOSED #13),You won't believe your eyes! Hollywood A-lister was caught glitching on live TV proving they are actually a digital hologram operated by secret elites! Look closely at the hands in the video footage! MUST SEE VIDEO! MUST SEE SECRET! Mainstream media is HIDING this! Share this link before government censors delete this post! Code #50012.,Entertainment,"July 25, 2026"
EXPOSED: Alien Spacecraft Landed In Desert And Military Is Hiding Earth Engine !!! (EXPOSED #14),BREAKING NEWS! Former military general leaks secret coordinates of alien crash site! Engineers have reverse engineered anti-gravity fuel engines that generate infinite free electricity! Government coverup EXPOSED! MUST SEE SECRET! Mainstream media is HIDING this! Share this link before government censors delete this post! Code #50013.,Government,"July 26, 2026"
SCAM ALERT: Banks Will Freeze All Cash Accounts Next Week To Enforce Digital Currency !!! (EXPOSED #15),URGENT WARNING! Secret memo leaks financial elites plan to confiscate physical cash and force everyone into digital trackable tokens by next Monday! Withdraw all your savings immediately! PASS THIS ON! MUST SEE SECRET! Mainstream media is HIDING this! Share this link before government censors delete this post! Code #50014.,Finance,"July 26, 2026"
SHOCKING PROOF: Pyramids Were Built As Ancient Wireless Charging Stations For Giants !!! (EXPOSED #16),History books lied to you! Ancient golden energy crystals found under Egyptian ruins prove pyramids were massive power plants built by extraterrestrial giants thousands of years ago! Shocking truth revealed! MUST SEE SECRET! Mainstream media is HIDING this! Share this link before government censors delete this post! Code #50015.,History,"July 26, 2026"
BOMBSHELL EVIDENCE: Drinking Water Contaminated With Mind-Altering Chemicals !!! (EXPOSED #17),WAKE UP PEOPLE! Secret lab tests reveal tap water contains mind control chemicals designed to make citizens submissive to authority! Buy our specialized filtration pitcher today to protect your family! MUST SEE SECRET! Mainstream media is HIDING this! Share this link before government censors delete this post! Code #50016.,News,"July 26, 2026"
SECRET LEAK: Time Traveler From Year 2099 Gives Horrifying Predictions For Next Month !!! (EXPOSED #18),A self-proclaimed time traveler who passed a lie detector test warns that major events will unfold next week! He claims to have brought back digital photos from the future showing flying cars and telepathy! MUST SEE SECRET! Mainstream media is HIDING this! Share this link before government censors delete this post! Code #50017.,Sensational,"July 26, 2026"
SCANDAL: Scientists Admit Earth Magnetic Field Will Reverse Tomorrow Morning !!! (EXPOSED #19),TOTAL CHAOS IMMINENT! Leaked reports from underground physics labs confirm Earth magnetic poles will flip upside down tomorrow morning causing electronics to explode! Stock up on gold immediately! MUST SEE SECRET! Mainstream media is HIDING this! Share this link before government censors delete this post! Code #50018.,Sensational,"July 26, 2026"
SHOCKING TRUTH: Hidden 13th Month Erased From Calendar By Secret Syndicate !!! (EXPOSED #20),ANCIENT CONSPIRACY EXPOSED! Historical documents prove emperors erased an entire month called Undecimber to charge extra interest on bank loans! Share this secret knowledge before censors take it down! MUST SEE SECRET! Mainstream media is HIDING this! Share this link before government censors delete this post! Code #50019.,News,"July 26, 2026"
SECRET SHOCK: Whistleblower Exposes Secret Mind Control Array in Satellite Dishes !!! (EXPOSED #21),SHOCKING SECRET revealed! Mainstream media won't tell you the truth! Insiders confirm secret government mind control chips are secretly broadcasting microwaves through everyday satellite dishes into your living room! Share this before it gets deleted! MUST SEE SECRET! Mainstream media is HIDING this! Share this link before government censors delete this post! Code #50020.,News,"July 24, 2026"
BOMBSHELL: Miracle Herb Cures All Diseases Overnight Doctors Don't Want You To Know !!! (EXPOSED #22),"Big Pharma is PANICKING! Top secret miracle Amazonian leaf completely cures diabetes, heart problems, and baldness in just 24 hours! Doctors are trying to ban this ancient remedy right now! Click here to order before supplies run out! MUST SEE SECRET! Mainstream media is HIDING this! Share this link before government censors delete this post! Code #50021.",Health,"July 25, 2026"
UNBELIEVABLE: Celebrity Replaced By Hologram During Live Television Broadcast !!! (EXPOSED #23),You won't believe your eyes! Hollywood A-lister was caught glitching on live TV proving they are actually a digital hologram operated by secret elites! Look closely at the hands in the video footage! MUST SEE VIDEO! MUST SEE SECRET! Mainstream media is HIDING this! Share this link before government censors delete this post! Code #50022.,Entertainment,"July 25, 2026"
EXPOSED: Alien Spacecraft Landed In Desert And Military Is Hiding Earth Engine !!! (EXPOSED #24),BREAKING NEWS! Former military general leaks secret coordinates of alien crash site! Engineers have reverse engineered anti-gravity fuel engines that generate infinite free electricity! Government coverup EXPOSED! MUST SEE SECRET! Mainstream media is HIDING this! Share this link before government censors delete this post! Code #50023.,Government,"July 26, 2026"
SCAM ALERT: Banks Will Freeze All Cash Accounts Next Week To Enforce Digital Currency !!! (EXPOSED #25),URGENT WARNING! Secret memo leaks financial elites plan to confiscate physical cash and force everyone into digital trackable tokens by next Monday! Withdraw all your savings immediately! PASS THIS ON! MUST SEE SECRET! Mainstream media is HIDING this! Share this link before government censors delete this post! Code #50024.,Finance,"July 26, 2026"
SHOCKING PROOF: Pyramids Were Built As Ancient Wireless Charging Stations For Giants !!! (EXPOSED #26),History books lied to you! Ancient golden energy crystals found under Egyptian ruins prove pyramids were massive power plants built by extraterrestrial giants thousands of years ago! Shocking truth revealed! MUST SEE SECRET! Mainstream media is HIDING this! Share this link before government censors delete this post! Code #50025.,History,"July 26, 2026"
BOMBSHELL EVIDENCE: Drinking Water Contaminated With Mind-Altering Chemicals !!! (EXPOSED #27),WAKE UP PEOPLE! Secret lab tests reveal tap water contains mind control chemicals designed to make citizens submissive to authority! Buy our specialized filtration pitcher today to protect your family! MUST SEE SECRET! Mainstream media is HIDING this! Share this link before government censors delete this post! Code #50026.,News,"July 26, 2026"
SECRET LEAK: Time Traveler From Year 2099 Gives Horrifying Predictions For Next Month !!! (EXPOSED #28),A self-proclaimed time traveler who passed a lie detector test warns that major events will unfold next week! He claims to have brought back digital photos from the future showing flying cars and telepathy! MUST SEE SECRET! Mainstream media is HIDING this! Share this link before government censors delete this post! Code #50027.,Sensational,"July 26, 2026"
SCANDAL: Scientists Admit Earth Magnetic Field Will Reverse Tomorrow Morning !!! (EXPOSED #29),TOTAL CHAOS IMMINENT! Leaked reports from underground physics labs confirm Earth magnetic poles will flip upside down tomorrow morning causing electronics to explode! Stock up on gold immediately! MUST SEE SECRET! Mainstream media is HIDING this! Share this link before government censors delete this post! Code #50028.,Sensational,"July 26, 2026"
SHOCKING TRUTH: Hidden 13th Month Erased From Calendar By Secret Syndicate !!! (EXPOSED #30),ANCIENT CONSPIRACY EXPOSED! Historical documents prove emperors erased an entire month called Undecimber to charge extra interest on bank loans! Share this secret knowledge before censors take it down! MUST SEE SECRET! Mainstream media is HIDING this! Share this link before government censors delete this post! Code #50029.,News,"July 26, 2026"
SECRET SHOCK: Whistleblower Exposes Secret Mind Control Array in Satellite Dishes !!! (EXPOSED #31),SHOCKING SECRET revealed! Mainstream media won't tell you the truth! Insiders confirm secret government mind control chips are secretly broadcasting microwaves through everyday satellite dishes into your living room! Share this before it gets deleted! MUST SEE SECRET! Mainstream media is HIDING this! Share this link before government censors delete this post! Code #50030.,News,"July 24, 2026"
BOMBSHELL: Miracle Herb Cures All Diseases Overnight Doctors Don't Want You To Know !!! (EXPOSED #32),"Big Pharma is PANICKING! Top secret miracle Amazonian leaf completely cures diabetes, heart problems, and baldness in just 24 hours! Doctors are trying to ban this ancient remedy right now! Click here to order before supplies run out! MUST SEE SECRET! Mainstream media is HIDING this! Share this link before government censors delete this post! Code #50031.",Health,"July 25, 2026"
UNBELIEVABLE: Celebrity Replaced By Hologram During Live Television Broadcast !!! (EXPOSED #33),You won't believe your eyes! Hollywood A-lister was caught glitching on live TV proving they are actually a digital hologram operated by secret elites! Look closely at the hands in the video footage! MUST SEE VIDEO! MUST SEE SECRET! Mainstream media is HIDING this! Share this link before government censors delete this post! Code #50032.,Entertainment,"July 25, 2026"
EXPOSED: Alien Spacecraft Landed In Desert And Military Is Hiding Earth Engine !!! (EXPOSED #34),BREAKING NEWS! Former military general leaks secret coordinates of alien crash site! Engineers have reverse engineered anti-gravity fuel engines that generate infinite free electricity! Government coverup EXPOSED! MUST SEE SECRET! Mainstream media is HIDING this! Share this link before government censors delete this post! Code #50033.,Government,"July 26, 2026"
SCAM ALERT: Banks Will Freeze All Cash Accounts Next Week To Enforce Digital Currency !!! (EXPOSED #35),URGENT WARNING! Secret memo leaks financial elites plan to confiscate physical cash and force everyone into digital trackable tokens by next Monday! Withdraw all your savings immediately! PASS THIS ON! MUST SEE SECRET! Mainstream media is HIDING this! Share this link before government censors delete this post! Code #50034.,Finance,"July 26, 2026"
SHOCKING PROOF: Pyramids Were Built As Ancient Wireless Charging Stations For Giants !!! (EXPOSED #36),History books lied to you! Ancient golden energy crystals found under Egyptian ruins prove pyramids were massive power plants built by extraterrestrial giants thousands of years ago! Shocking truth revealed! MUST SEE SECRET! Mainstream media is HIDING this! Share this link before government censors delete this post! Code #50035.,History,"July 26, 2026"
BOMBSHELL EVIDENCE: Drinking Water Contaminated With Mind-Altering Chemicals !!! (EXPOSED #37),WAKE UP PEOPLE! Secret lab tests reveal tap water contains mind control chemicals designed to make citizens submissive to authority! Buy our specialized filtration pitcher today to protect your family! MUST SEE SECRET! Mainstream media is HIDING this! Share this link before government censors delete this post! Code #50036.,News,"July 26, 2026"
SECRET LEAK: Time Traveler From Year 2099 Gives Horrifying Predictions For Next Month !!! (EXPOSED #38),A self-proclaimed time traveler who passed a lie detector test warns that major events will unfold next week! He claims to have brought back digital photos from the future showing flying cars and telepathy! MUST SEE SECRET! Mainstream media is HIDING this! Share this link before government censors delete this post! Code #50037.,Sensational,"July 26, 2026"
SCANDAL: Scientists Admit Earth Magnetic Field Will Reverse Tomorrow Morning !!! (EXPOSED #39),TOTAL CHAOS IMMINENT! Leaked reports from underground physics labs confirm Earth magnetic poles will flip upside down tomorrow morning causing electronics to explode! Stock up on gold immediately! MUST SEE SECRET! Mainstream media is HIDING this! Share this link before government censors delete this post! Code #50038.,Sensational,"July 26, 2026"
SHOCKING TRUTH: Hidden 13th Month Erased From Calendar By Secret Syndicate !!! (EXPOSED #40),ANCIENT CONSPIRACY EXPOSED! Historical documents prove emperors erased an entire month called Undecimber to charge extra interest on bank loans! Share this secret knowledge before censors take it down! MUST SEE SECRET! Mainstream media is HIDING this! Share this link before government censors delete this post! Code #50039.,News,"July 26, 2026"
SECRET SHOCK: Whistleblower Exposes Secret Mind Control Array in Satellite Dishes !!! (EXPOSED #41),SHOCKING SECRET revealed! Mainstream media won't tell you the truth! Insiders confirm secret government mind control chips are secretly broadcasting microwaves through everyday satellite dishes into your living room! Share this before it gets deleted! MUST SEE SECRET! Mainstream media is HIDING this! Share this link before government censors delete this post! Code #50040.,News,"July 24, 2026"
BOMBSHELL: Miracle Herb Cures All Diseases Overnight Doctors Don't Want You To Know !!! (EXPOSED #42),"Big Pharma is PANICKING! Top secret miracle Amazonian leaf completely cures diabetes, heart problems, and baldness in just 24 hours! Doctors are trying to ban this ancient remedy right now! Click here to order before supplies run out! MUST SEE SECRET! Mainstream media is HIDING this! Share this link before government censors delete this post! Code #50041.",Health,"July 25, 2026"
UNBELIEVABLE: Celebrity Replaced By Hologram During Live Television Broadcast !!! (EXPOSED #43),You won't believe your eyes! Hollywood A-lister was caught glitching on live TV proving they are actually a digital hologram operated by secret elites! Look closely at the hands in the video footage! MUST SEE VIDEO! MUST SEE SECRET! Mainstream media is HIDING this! Share this link before government censors delete this post! Code #50042.,Entertainment,"July 25, 2026"
EXPOSED: Alien Spacecraft Landed In Desert And Military Is Hiding Earth Engine !!! (EXPOSED #44),BREAKING NEWS! Former military general leaks secret coordinates of alien crash site! Engineers have reverse engineered anti-gravity fuel engines that generate infinite free electricity! Government coverup EXPOSED! MUST SEE SECRET! Mainstream media is HIDING this! Share this link before government censors delete this post! Code #50043.,Government,"July 26, 2026"
SCAM ALERT: Banks Will Freeze All Cash Accounts Next Week To Enforce Digital Currency !!! (EXPOSED #45),URGENT WARNING! Secret memo leaks financial elites plan to confiscate physical cash and force everyone into digital trackable tokens by next Monday! Withdraw all your savings immediately! PASS THIS ON! MUST SEE SECRET! Mainstream media is HIDING this! Share this link before government censors delete this post! Code #50044.,Finance,"July 26, 2026"
SHOCKING PROOF: Pyramids Were Built As Ancient Wireless Charging Stations For Giants !!! (EXPOSED #46),History books lied to you! Ancient golden energy crystals found under Egyptian ruins prove pyramids were massive power plants built by extraterrestrial giants thousands of years ago! Shocking truth revealed! MUST SEE SECRET! Mainstream media is HIDING this! Share this link before government censors delete this post! Code #50045.,History,"July 26, 2026"
BOMBSHELL EVIDENCE: Drinking Water Contaminated With Mind-Altering Chemicals !!! (EXPOSED #47),WAKE UP PEOPLE! Secret lab tests reveal tap water contains mind control chemicals designed to make citizens submissive to authority! Buy our specialized filtration pitcher today to protect your family! MUST SEE SECRET! Mainstream media is HIDING this! Share this link before government censors delete this post! Code #50046.,News,"July 26, 2026"
SECRET LEAK: Time Traveler From Year 2099 Gives Horrifying Predictions For Next Month !!! (EXPOSED #48),A self-proclaimed time traveler who passed a lie detector test warns that major events will unfold next week! He claims to have brought back digital photos from the future showing flying cars and telepathy! MUST SEE SECRET! Mainstream media is HIDING this! Share this link before government censors delete this post! Code #50047.,Sensational,"July 26, 2026"
SCANDAL: Scientists Admit Earth Magnetic Field Will Reverse Tomorrow Morning !!! (EXPOSED #49),TOTAL CHAOS IMMINENT! Leaked reports from underground physics labs confirm Earth magnetic poles will flip upside down tomorrow morning causing electronics to explode! Stock up on gold immediately! MUST SEE SECRET! Mainstream media is HIDING this! Share this link before government censors delete this post! Code #50048.,Sensational,"July 26, 2026"
SHOCKING TRUTH: Hidden 13th Month Erased From Calendar By Secret Syndicate !!! (EXPOSED #50),ANCIENT CONSPIRACY EXPOSED! Historical documents prove emperors erased an entire month called Undecimber to charge extra interest on bank loans! Share this secret knowledge before censors take it down! MUST SEE SECRET! Mainstream media is HIDING this! Share this link before government censors delete this post! Code #50049.,News,"July 26, 2026"
SECRET SHOCK: Whistleblower Exposes Secret Mind Control Array in Satellite Dishes !!! (EXPOSED #51),SHOCKING SECRET revealed! Mainstream media won't tell you the truth! Insiders confirm secret government mind control chips are secretly broadcasting microwaves through everyday satellite dishes into your living room! Share this before it gets deleted! MUST SEE SECRET! Mainstream media is HIDING this! Share this link before government censors delete this post! Code #50050.,News,"July 24, 2026"
BOMBSHELL: Miracle Herb Cures All Diseases Overnight Doctors Don't Want You To Know !!! (EXPOSED #52),"Big Pharma is PANICKING! Top secret miracle Amazonian leaf completely cures diabetes, heart problems, and baldness in just 24 hours! Doctors are trying to ban this ancient remedy right now! Click here to order before supplies run out! MUST SEE SECRET! Mainstream media is HIDING this! Share this link before government censors delete this post! Code #50051.",Health,"July 25, 2026"
UNBELIEVABLE: Celebrity Replaced By Hologram During Live Television Broadcast !!! (EXPOSED #53),You won't believe your eyes! Hollywood A-lister was caught glitching on live TV proving they are actually a digital hologram operated by secret elites! Look closely at the hands in the video footage! MUST SEE VIDEO! MUST SEE SECRET! Mainstream media is HIDING this! Share this link before government censors delete this post! Code #50052.,Entertainment,"July 25, 2026"
EXPOSED: Alien Spacecraft Landed In Desert And Military Is Hiding Earth Engine !!! (EXPOSED #54),BREAKING NEWS! Former military general leaks secret coordinates of alien crash site! Engineers have reverse engineered anti-gravity fuel engines that generate infinite free electricity! Government coverup EXPOSED! MUST SEE SECRET! Mainstream media is HIDING this! Share this link before government censors delete this post! Code #50053.,Government,"July 26, 2026"
SCAM ALERT: Banks Will Freeze All Cash Accounts Next Week To Enforce Digital Currency !!! (EXPOSED #55),URGENT WARNING! Secret memo leaks financial elites plan to confiscate physical cash and force everyone into digital trackable tokens by next Monday! Withdraw all your savings immediately! PASS THIS ON! MUST SEE SECRET! Mainstream media is HIDING this! Share this link before government censors delete this post! Code #50054.,Finance,"July 26, 2026"
SHOCKING PROOF: Pyramids Were Built As Ancient Wireless Charging Stations For Giants !!! (EXPOSED #56),History books lied to you! Ancient golden energy crystals found under Egyptian ruins prove pyramids were massive power plants built by extraterrestrial giants thousands of years ago! Shocking truth revealed! MUST SEE SECRET! Mainstream media is HIDING this! Share this link before government censors delete this post! Code #50055.,History,"July 26, 2026"
BOMBSHELL EVIDENCE: Drinking Water Contaminated With Mind-Altering Chemicals !!! (EXPOSED #57),WAKE UP PEOPLE! Secret lab tests reveal tap water contains mind control chemicals designed to make citizens submissive to authority! Buy our specialized filtration pitcher today to protect your family! MUST SEE SECRET! Mainstream media is HIDING this! Share this link before government censors delete this post! Code #50056.,News,"July 26, 2026"
SECRET LEAK: Time Traveler From Year 2099 Gives Horrifying Predictions For Next Month !!! (EXPOSED #58),A self-proclaimed time traveler who passed a lie detector test warns that major events will unfold next week! He claims to have brought back digital photos from the future showing flying cars and telepathy! MUST SEE SECRET! Mainstream media is HIDING this! Share this link before government censors delete this post! Code #50057.,Sensational,"July 26, 2026"
SCANDAL: Scientists Admit Earth Magnetic Field Will Reverse Tomorrow Morning !!! (EXPOSED #59),TOTAL CHAOS IMMINENT! Leaked reports from underground physics labs confirm Earth magnetic poles will flip upside down tomorrow morning causing electronics to explode! Stock up on gold immediately! MUST SEE SECRET! Mainstream media is HIDING this! Share this link before government censors delete this post! Code #50058.,Sensational,"July 26, 2026"
SHOCKING TRUTH: Hidden 13th Month Erased From Calendar By Secret Syndicate !!! (EXPOSED #60),ANCIENT CONSPIRACY EXPOSED! Historical documents prove emperors erased an entire month called Undecimber to charge extra interest on bank loans! Share this secret knowledge before censors take it down! MUST SEE SECRET! Mainstream media is HIDING this! Share this link before government censors delete this post! Code #50059.,News,"July 26, 2026"
SECRET SHOCK: Whistleblower Exposes Secret Mind Control Array in Satellite Dishes !!! (EXPOSED #61),SHOCKING SECRET revealed! Mainstream media won't tell you the truth! Insiders confirm secret government mind control chips are secretly broadcasting microwaves through everyday satellite dishes into your living room! Share this before it gets deleted! MUST SEE SECRET! Mainstream media is HIDING this! Share this link before government censors delete this post! Code #50060.,News,"July 24, 2026"
BOMBSHELL: Miracle Herb Cures All Diseases Overnight Doctors Don't Want You To Know !!! (EXPOSED #62),"Big Pharma is PANICKING! Top secret miracle Amazonian leaf completely cures diabetes, heart problems, and baldness in just 24 hours! Doctors are trying to ban this ancient remedy right now! Click here to order before supplies run out! MUST SEE SECRET! Mainstream media is HIDING this! Share this link before government censors delete this post! Code #50061.",Health,"July 25, 2026"
UNBELIEVABLE: Celebrity Replaced By Hologram During Live Television Broadcast !!! (EXPOSED #63),You won't believe your eyes! Hollywood A-lister was caught glitching on live TV proving they are actually a digital hologram operated by secret elites! Look closely at the hands in the video footage! MUST SEE VIDEO! MUST SEE SECRET! Mainstream media is HIDING this! Share this link before government censors delete this post! Code #50062.,Entertainment,"July 25, 2026"
EXPOSED: Alien Spacecraft Landed In Desert And Military Is Hiding Earth Engine !!! (EXPOSED #64),BREAKING NEWS! Former military general leaks secret coordinates of alien crash site! Engineers have reverse engineered anti-gravity fuel engines that generate infinite free electricity! Government coverup EXPOSED! MUST SEE SECRET! Mainstream media is HIDING this! Share this link before government censors delete this post! Code #50063.,Government,"July 26, 2026"
SCAM ALERT: Banks Will Freeze All Cash Accounts Next Week To Enforce Digital Currency !!! (EXPOSED #65),URGENT WARNING! Secret memo leaks financial elites plan to confiscate physical cash and force everyone into digital trackable tokens by next Monday! Withdraw all your savings immediately! PASS THIS ON! MUST SEE SECRET! Mainstream media is HIDING this! Share this link before government censors delete this post! Code #50064.,Finance,"July 26, 2026"
SHOCKING PROOF: Pyramids Were Built As Ancient Wireless Charging Stations For Giants !!! (EXPOSED #66),History books lied to you! Ancient golden energy crystals found under Egyptian ruins prove pyramids were massive power plants built by extraterrestrial giants thousands of years ago! Shocking truth revealed! MUST SEE SECRET! Mainstream media is HIDING this! Share this link before government censors delete this post! Code #50065.,History,"July 26, 2026"
BOMBSHELL EVIDENCE: Drinking Water Contaminated With Mind-Altering Chemicals !!! (EXPOSED #67),WAKE UP PEOPLE! Secret lab tests reveal tap water contains mind control chemicals designed to make citizens submissive to authority! Buy our specialized filtration pitcher today to protect your family! MUST SEE SECRET! Mainstream media is HIDING this! Share this link before government censors delete this post! Code #50066.,News,"July 26, 2026"
SECRET LEAK: Time Traveler From Year 2099 Gives Horrifying Predictions For Next Month !!! (EXPOSED #68),A self-proclaimed time traveler who passed a lie detector test warns that major events will unfold next week! He claims to have brought back digital photos from the future showing flying cars and telepathy! MUST SEE SECRET! Mainstream media is HIDING this! Share this link before government censors delete this post! Code #50067.,Sensational,"July 26, 2026"
SCANDAL: Scientists Admit Earth Magnetic Field Will Reverse Tomorrow Morning !!! (EXPOSED #69),TOTAL CHAOS IMMINENT! Leaked reports from underground physics labs confirm Earth magnetic poles will flip upside down tomorrow morning causing electronics to explode! Stock up on gold immediately! MUST SEE SECRET! Mainstream media is HIDING this! Share this link before government censors delete this post! Code #50068.,Sensational,"July 26, 2026"
SHOCKING TRUTH: Hidden 13th Month Erased From Calendar By Secret Syndicate !!! (EXPOSED #70),ANCIENT CONSPIRACY EXPOSED! Historical documents prove emperors erased an entire month called Undecimber to charge extra interest on bank loans! Share this secret knowledge before censors take it down! MUST SEE SECRET! Mainstream media is HIDING this! Share this link before government censors delete this post! Code #50069.,News,"July 26, 2026"
SECRET SHOCK: Whistleblower Exposes Secret Mind Control Array in Satellite Dishes !!! (EXPOSED #71),SHOCKING SECRET revealed! Mainstream media won't tell you the truth! Insiders confirm secret government mind control chips are secretly broadcasting microwaves through everyday satellite dishes into your living room! Share this before it gets deleted! MUST SEE SECRET! Mainstream media is HIDING this! Share this link before government censors delete this post! Code #50070.,News,"July 24, 2026"
BOMBSHELL: Miracle Herb Cures All Diseases Overnight Doctors Don't Want You To Know !!! (EXPOSED #72),"Big Pharma is PANICKING! Top secret miracle Amazonian leaf completely cures diabetes, heart problems, and baldness in just 24 hours! Doctors are trying to ban this ancient remedy right now! Click here to order before supplies run out! MUST SEE SECRET! Mainstream media is HIDING this! Share this link before government censors delete this post! Code #50071.",Health,"July 25, 2026"
UNBELIEVABLE: Celebrity Replaced By Hologram During Live Television Broadcast !!! (EXPOSED #73),You won't believe your eyes! Hollywood A-lister was caught glitching on live TV proving they are actually a digital hologram operated by secret elites! Look closely at the hands in the video footage! MUST SEE VIDEO! MUST SEE SECRET! Mainstream media is HIDING this! Share this link before government censors delete this post! Code #50072.,Entertainment,"July 25, 2026"
EXPOSED: Alien Spacecraft Landed In Desert And Military Is Hiding Earth Engine !!! (EXPOSED #74),BREAKING NEWS! Former military general leaks secret coordinates of alien crash site! Engineers have reverse engineered anti-gravity fuel engines that generate infinite free electricity! Government coverup EXPOSED! MUST SEE SECRET! Mainstream media is HIDING this! Share this link before government censors delete this post! Code #50073.,Government,"July 26, 2026"
SCAM ALERT: Banks Will Freeze All Cash Accounts Next Week To Enforce Digital Currency !!! (EXPOSED #75),URGENT WARNING! Secret memo leaks financial elites plan to confiscate physical cash and force everyone into digital trackable tokens by next Monday! Withdraw all your savings immediately! PASS THIS ON! MUST SEE SECRET! Mainstream media is HIDING this! Share this link before government censors delete this post! Code #50074.,Finance,"July 26, 2026"
SHOCKING PROOF: Pyramids Were Built As Ancient Wireless Charging Stations For Giants !!! (EXPOSED #76),History books lied to you! Ancient golden energy crystals found under Egyptian ruins prove pyramids were massive power plants built by extraterrestrial giants thousands of years ago! Shocking truth revealed! MUST SEE SECRET! Mainstream media is HIDING this! Share this link before government censors delete this post! Code #50075.,History,"July 26, 2026"
BOMBSHELL EVIDENCE: Drinking Water Contaminated With Mind-Altering Chemicals !!! (EXPOSED #77),WAKE UP PEOPLE! Secret lab tests reveal tap water contains mind control chemicals designed to make citizens submissive to authority! Buy our specialized filtration pitcher today to protect your family! MUST SEE SECRET! Mainstream media is HIDING this! Share this link before government censors delete this post! Code #50076.,News,"July 26, 2026"
SECRET LEAK: Time Traveler From Year 2099 Gives Horrifying Predictions For Next Month !!! (EXPOSED #78),A self-proclaimed time traveler who passed a lie detector test warns that major events will unfold next week! He claims to have brought back digital photos from the future showing flying cars and telepathy! MUST SEE SECRET! Mainstream media is HIDING this! Share this link before government censors delete this post! Code #50077.,Sensational,"July 26, 2026"
SCANDAL: Scientists Admit Earth Magnetic Field Will Reverse Tomorrow Morning !!! (EXPOSED #79),TOTAL CHAOS IMMINENT! Leaked reports from underground physics labs confirm Earth magnetic poles will flip upside down tomorrow morning causing electronics to explode! Stock up on gold immediately! MUST SEE SECRET! Mainstream media is HIDING this! Share this link before government censors delete this post! Code #50078.,Sensational,"July 26, 2026"
SHOCKING TRUTH: Hidden 13th Month Erased From Calendar By Secret Syndicate !!! (EXPOSED #80),ANCIENT CONSPIRACY EXPOSED! Historical documents prove emperors erased an entire month called Undecimber to charge extra interest on bank loans! Share this secret knowledge before censors take it down! MUST SEE SECRET! Mainstream media is HIDING this! Share this link before government censors delete this post! Code #50079.,News,"July 26, 2026"
SECRET SHOCK: Whistleblower Exposes Secret Mind Control Array in Satellite Dishes !!! (EXPOSED #81),SHOCKING SECRET revealed! Mainstream media won't tell you the truth! Insiders confirm secret government mind control chips are secretly broadcasting microwaves through everyday satellite dishes into your living room! Share this before it gets deleted! MUST SEE SECRET! Mainstream media is HIDING this! Share this link before government censors delete this post! Code #50080.,News,"July 24, 2026"
BOMBSHELL: Miracle Herb Cures All Diseases Overnight Doctors Don't Want You To Know !!! (EXPOSED #82),"Big Pharma is PANICKING! Top secret miracle Amazonian leaf completely cures diabetes, heart problems, and baldness in just 24 hours! Doctors are trying to ban this ancient remedy right now! Click here to order before supplies run out! MUST SEE SECRET! Mainstream media is HIDING this! Share this link before government censors delete this post! Code #50081.",Health,"July 25, 2026"
UNBELIEVABLE: Celebrity Replaced By Hologram During Live Television Broadcast !!! (EXPOSED #83),You won't believe your eyes! Hollywood A-lister was caught glitching on live TV proving they are actually a digital hologram operated by secret elites! Look closely at the hands in the video footage! MUST SEE VIDEO! MUST SEE SECRET! Mainstream media is HIDING this! Share this link before government censors delete this post! Code #50082.,Entertainment,"July 25, 2026"
EXPOSED: Alien Spacecraft Landed In Desert And Military Is Hiding Earth Engine !!! (EXPOSED #84),BREAKING NEWS! Former military general leaks secret coordinates of alien crash site! Engineers have reverse engineered anti-gravity fuel engines that generate infinite free electricity! Government coverup EXPOSED! MUST SEE SECRET! Mainstream media is HIDING this! Share this link before government censors delete this post! Code #50083.,Government,"July 26, 2026"
SCAM ALERT: Banks Will Freeze All Cash Accounts Next Week To Enforce Digital Currency !!! (EXPOSED #85),URGENT WARNING! Secret memo leaks financial elites plan to confiscate physical cash and force everyone into digital trackable tokens by next Monday! Withdraw all your savings immediately! PASS THIS ON! MUST SEE SECRET! Mainstream media is HIDING this! Share this link before government censors delete this post! Code #50084.,Finance,"July 26, 2026"
SHOCKING PROOF: Pyramids Were Built As Ancient Wireless Charging Stations For Giants !!! (EXPOSED #86),History books lied to you! Ancient golden energy crystals found under Egyptian ruins prove pyramids were massive power plants built by extraterrestrial giants thousands of years ago! Shocking truth revealed! MUST SEE SECRET! Mainstream media is HIDING this! Share this link before government censors delete this post! Code #50085.,History,"July 26, 2026"
BOMBSHELL EVIDENCE: Drinking Water Contaminated With Mind-Altering Chemicals !!! (EXPOSED #87),WAKE UP PEOPLE! Secret lab tests reveal tap water contains mind control chemicals designed to make citizens submissive to authority! Buy our specialized filtration pitcher today to protect your family! MUST SEE SECRET! Mainstream media is HIDING this! Share this link before government censors delete this post! Code #50086.,News,"July 26, 2026"
SECRET LEAK: Time Traveler From Year 2099 Gives Horrifying Predictions For Next Month !!! (EXPOSED #88),A self-proclaimed time traveler who passed a lie detector test warns that major events will unfold next week! He claims to have brought back digital photos from the future showing flying cars and telepathy! MUST SEE SECRET! Mainstream media is HIDING this! Share this link before government censors delete this post! Code #50087.,Sensational,"July 26, 2026"
SCANDAL: Scientists Admit Earth Magnetic Field Will Reverse Tomorrow Morning !!! (EXPOSED #89),TOTAL CHAOS IMMINENT! Leaked reports from underground physics labs confirm Earth magnetic poles will flip upside down tomorrow morning causing electronics to explode! Stock up on gold immediately! MUST SEE SECRET! Mainstream media is HIDING this! Share this link before government censors delete this post! Code #50088.,Sensational,"July 26, 2026"
SHOCKING TRUTH: Hidden 13th Month Erased From Calendar By Secret Syndicate !!! (EXPOSED #90),ANCIENT CONSPIRACY EXPOSED! Historical documents prove emperors erased an entire month called Undecimber to charge extra interest on bank loans! Share this secret knowledge before censors take it down! MUST SEE SECRET! Mainstream media is HIDING this! Share this link before government censors delete this post! Code #50089.,News,"July 26, 2026"
SECRET SHOCK: Whistleblower Exposes Secret Mind Control Array in Satellite Dishes !!! (EXPOSED #91),SHOCKING SECRET revealed! Mainstream media won't tell you the truth! Insiders confirm secret government mind control chips are secretly broadcasting microwaves through everyday satellite dishes into your living room! Share this before it gets deleted! MUST SEE SECRET! Mainstream media is HIDING this! Share this link before government censors delete this post! Code #50090.,News,"July 24, 2026"
BOMBSHELL: Miracle Herb Cures All Diseases Overnight Doctors Don't Want You To Know !!! (EXPOSED #92),"Big Pharma is PANICKING! Top secret miracle Amazonian leaf completely cures diabetes, heart problems, and baldness in just 24 hours! Doctors are trying to ban this ancient remedy right now! Click here to order before supplies run out! MUST SEE SECRET! Mainstream media is HIDING this! Share this link before government censors delete this post! Code #50091.",Health,"July 25, 2026"
UNBELIEVABLE: Celebrity Replaced By Hologram During Live Television Broadcast !!! (EXPOSED #93),You won't believe your eyes! Hollywood A-lister was caught glitching on live TV proving they are actually a digital hologram operated by secret elites! Look closely at the hands in the video footage! MUST SEE VIDEO! MUST SEE SECRET! Mainstream media is HIDING this! Share this link before government censors delete this post! Code #50092.,Entertainment,"July 25, 2026"
EXPOSED: Alien Spacecraft Landed In Desert And Military Is Hiding Earth Engine !!! (EXPOSED #94),BREAKING NEWS! Former military general leaks secret coordinates of alien crash site! Engineers have reverse engineered anti-gravity fuel engines that generate infinite free electricity! Government coverup EXPOSED! MUST SEE SECRET! Mainstream media is HIDING this! Share this link before government censors delete this post! Code #50093.,Government,"July 26, 2026"
SCAM ALERT: Banks Will Freeze All Cash Accounts Next Week To Enforce Digital Currency !!! (EXPOSED #95),URGENT WARNING! Secret memo leaks financial elites plan to confiscate physical cash and force everyone into digital trackable tokens by next Monday! Withdraw all your savings immediately! PASS THIS ON! MUST SEE SECRET! Mainstream media is HIDING this! Share this link before government censors delete this post! Code #50094.,Finance,"July 26, 2026"
SHOCKING PROOF: Pyramids Were Built As Ancient Wireless Charging Stations For Giants !!! (EXPOSED #96),History books lied to you! Ancient golden energy crystals found under Egyptian ruins prove pyramids were massive power plants built by extraterrestrial giants thousands of years ago! Shocking truth revealed! MUST SEE SECRET! Mainstream media is HIDING this! Share this link before government censors delete this post! Code #50095.,History,"July 26, 2026"
BOMBSHELL EVIDENCE: Drinking Water Contaminated With Mind-Altering Chemicals !!! (EXPOSED #97),WAKE UP PEOPLE! Secret lab tests reveal tap water contains mind control chemicals designed to make citizens submissive to authority! Buy our specialized filtration pitcher today to protect your family! MUST SEE SECRET! Mainstream media is HIDING this! Share this link before government censors delete this post! Code #50096.,News,"July 26, 2026"
SECRET LEAK: Time Traveler From Year 2099 Gives Horrifying Predictions For Next Month !!! (EXPOSED #98),A self-proclaimed time traveler who passed a lie detector test warns that major events will unfold next week! He claims to have brought back digital photos from the future showing flying cars and telepathy! MUST SEE SECRET! Mainstream media is HIDING this! Share this link before government censors delete this post! Code #50097.,Sensational,"July 26, 2026"
SCANDAL: Scientists Admit Earth Magnetic Field Will Reverse Tomorrow Morning !!! (EXPOSED #99),TOTAL CHAOS IMMINENT! Leaked reports from underground physics labs confirm Earth magnetic poles will flip upside down tomorrow morning causing electronics to explode! Stock up on gold immediately! MUST SEE SECRET! Mainstream media is HIDING this! Share this link before government censors delete this post! Code #50098.,Sensational,"July 26, 2026"
SHOCKING TRUTH: Hidden 13th Month Erased From Calendar By Secret Syndicate !!! (EXPOSED #100),ANCIENT CONSPIRACY EXPOSED! Historical documents prove emperors erased an entire month called Undecimber to charge extra interest on bank loans! Share this secret knowledge before censors take it down! MUST SEE SECRET! Mainstream media is HIDING this! Share this link before government censors delete this post! Code #50099.,News,"July 26, 2026"
SECRET SHOCK: Whistleblower Exposes Secret Mind Control Array in Satellite Dishes !!! (EXPOSED #101),SHOCKING SECRET revealed! Mainstream media won't tell you the truth! Insiders confirm secret government mind control chips are secretly broadcasting microwaves through everyday satellite dishes into your living room! Share this before it gets deleted! MUST SEE SECRET! Mainstream media is HIDING this! Share this link before government censors delete this post! Code #50100.,News,"July 24, 2026"
BOMBSHELL: Miracle Herb Cures All Diseases Overnight Doctors Don't Want You To Know !!! (EXPOSED #102),"Big Pharma is PANICKING! Top secret miracle Amazonian leaf completely cures diabetes, heart problems, and baldness in just 24 hours! Doctors are trying to ban this ancient remedy right now! Click here to order before supplies run out! MUST SEE SECRET! Mainstream media is HIDING this! Share this link before government censors delete this post! Code #50101.",Health,"July 25, 2026"
UNBELIEVABLE: Celebrity Replaced By Hologram During Live Television Broadcast !!! (EXPOSED #103),You won't believe your eyes! Hollywood A-lister was caught glitching on live TV proving they are actually a digital hologram operated by secret elites! Look closely at the hands in the video footage! MUST SEE VIDEO! MUST SEE SECRET! Mainstream media is HIDING this! Share this link before government censors delete this post! Code #50102.,Entertainment,"July 25, 2026"
EXPOSED: Alien Spacecraft Landed In Desert And Military Is Hiding Earth Engine !!! (EXPOSED #104),BREAKING NEWS! Former military general leaks secret coordinates of alien crash site! Engineers have reverse engineered anti-gravity fuel engines that generate infinite free electricity! Government coverup EXPOSED! MUST SEE SECRET! Mainstream media is HIDING this! Share this link before government censors delete this post! Code #50103.,Government,"July 26, 2026"
SCAM ALERT: Banks Will Freeze All Cash Accounts Next Week To Enforce Digital Currency !!! (EXPOSED #105),URGENT WARNING! Secret memo leaks financial elites plan to confiscate physical cash and force everyone into digital trackable tokens by next Monday! Withdraw all your savings immediately! PASS THIS ON! MUST SEE SECRET! Mainstream media is HIDING this! Share this link before government censors delete this post! Code #50104.,Finance,"July 26, 2026"
SHOCKING PROOF: Pyramids Were Built As Ancient Wireless Charging Stations For Giants !!! (EXPOSED #106),History books lied to you! Ancient golden energy crystals found under Egyptian ruins prove pyramids were massive power plants built by extraterrestrial giants thousands of years ago! Shocking truth revealed! MUST SEE SECRET! Mainstream media is HIDING this! Share this link before government censors delete this post! Code #50105.,History,"July 26, 2026"
BOMBSHELL EVIDENCE: Drinking Water Contaminated With Mind-Altering Chemicals !!! (EXPOSED #107),WAKE UP PEOPLE! Secret lab tests reveal tap water contains mind control chemicals designed to make citizens submissive to authority! Buy our specialized filtration pitcher today to protect your family! MUST SEE SECRET! Mainstream media is HIDING this! Share this link before government censors delete this post! Code #50106.,News,"July 26, 2026"
SECRET LEAK: Time Traveler From Year 2099 Gives Horrifying Predictions For Next Month !!! (EXPOSED #108),A self-proclaimed time traveler who passed a lie detector test warns that major events will unfold next week! He claims to have brought back digital photos from the future showing flying cars and telepathy! MUST SEE SECRET! Mainstream media is HIDING this! Share this link before government censors delete this post! Code #50107.,Sensational,"July 26, 2026"
SCANDAL: Scientists Admit Earth Magnetic Field Will Reverse Tomorrow Morning !!! (EXPOSED #109),TOTAL CHAOS IMMINENT! Leaked reports from underground physics labs confirm Earth magnetic poles will flip upside down tomorrow morning causing electronics to explode! Stock up on gold immediately! MUST SEE SECRET! Mainstream media is HIDING this! Share this link before government censors delete this post! Code #50108.,Sensational,"July 26, 2026"
SHOCKING TRUTH: Hidden 13th Month Erased From Calendar By Secret Syndicate !!! (EXPOSED #110),ANCIENT CONSPIRACY EXPOSED! Historical documents prove emperors erased an entire month called Undecimber to charge extra interest on bank loans! Share this secret knowledge before censors take it down! MUST SEE SECRET! Mainstream media is HIDING this! Share this link before government censors delete this post! Code #50109.,News,"July 26, 2026"
SECRET SHOCK: Whistleblower Exposes Secret Mind Control Array in Satellite Dishes !!! (EXPOSED #111),SHOCKING SECRET revealed! Mainstream media won't tell you the truth! Insiders confirm secret government mind control chips are secretly broadcasting microwaves through everyday satellite dishes into your living room! Share this before it gets deleted! MUST SEE SECRET! Mainstream media is HIDING this! Share this link before government censors delete this post! Code #50110.,News,"July 24, 2026"
BOMBSHELL: Miracle Herb Cures All Diseases Overnight Doctors Don't Want You To Know !!! (EXPOSED #112),"Big Pharma is PANICKING! Top secret miracle Amazonian leaf completely cures diabetes, heart problems, and baldness in just 24 hours! Doctors are trying to ban this ancient remedy right now! Click here to order before supplies run out! MUST SEE SECRET! Mainstream media is HIDING this! Share this link before government censors delete this post! Code #50111.",Health,"July 25, 2026"
UNBELIEVABLE: Celebrity Replaced By Hologram During Live Television Broadcast !!! (EXPOSED #113),You won't believe your eyes! Hollywood A-lister was caught glitching on live TV proving they are actually a digital hologram operated by secret elites! Look closely at the hands in the video footage! MUST SEE VIDEO! MUST SEE SECRET! Mainstream media is HIDING this! Share this link before government censors delete this post! Code #50112.,Entertainment,"July 25, 2026"
EXPOSED: Alien Spacecraft Landed In Desert And Military Is Hiding Earth Engine !!! (EXPOSED #114),BREAKING NEWS! Former military general leaks secret coordinates of alien crash site! Engineers have reverse engineered anti-gravity fuel engines that generate infinite free electricity! Government coverup EXPOSED! MUST SEE SECRET! Mainstream media is HIDING this! Share this link before government censors delete this post! Code #50113.,Government,"July 26, 2026"
SCAM ALERT: Banks Will Freeze All Cash Accounts Next Week To Enforce Digital Currency !!! (EXPOSED #115),URGENT WARNING! Secret memo leaks financial elites plan to confiscate physical cash and force everyone into digital trackable tokens by next Monday! Withdraw all your savings immediately! PASS THIS ON! MUST SEE SECRET! Mainstream media is HIDING this! Share this link before government censors delete this post! Code #50114.,Finance,"July 26, 2026"
SHOCKING PROOF: Pyramids Were Built As Ancient Wireless Charging Stations For Giants !!! (EXPOSED #116),History books lied to you! Ancient golden energy crystals found under Egyptian ruins prove pyramids were massive power plants built by extraterrestrial giants thousands of years ago! Shocking truth revealed! MUST SEE SECRET! Mainstream media is HIDING this! Share this link before government censors delete this post! Code #50115.,History,"July 26, 2026"
BOMBSHELL EVIDENCE: Drinking Water Contaminated With Mind-Altering Chemicals !!! (EXPOSED #117),WAKE UP PEOPLE! Secret lab tests reveal tap water contains mind control chemicals designed to make citizens submissive to authority! Buy our specialized filtration pitcher today to protect your family! MUST SEE SECRET! Mainstream media is HIDING this! Share this link before government censors delete this post! Code #50116.,News,"July 26, 2026"
SECRET LEAK: Time Traveler From Year 2099 Gives Horrifying Predictions For Next Month !!! (EXPOSED #118),A self-proclaimed time traveler who passed a lie detector test warns that major events will unfold next week! He claims to have brought back digital photos from the future showing flying cars and telepathy! MUST SEE SECRET! Mainstream media is HIDING this! Share this link before government censors delete this post! Code #50117.,Sensational,"July 26, 2026"
SCANDAL: Scientists Admit Earth Magnetic Field Will Reverse Tomorrow Morning !!! (EXPOSED #119),TOTAL CHAOS IMMINENT! Leaked reports from underground physics labs confirm Earth magnetic poles will flip upside down tomorrow morning causing electronics to explode! Stock up on gold immediately! MUST SEE SECRET! Mainstream media is HIDING this! Share this link before government censors delete this post! Code #50118.,Sensational,"July 26, 2026"
SHOCKING TRUTH: Hidden 13th Month Erased From Calendar By Secret Syndicate !!! (EXPOSED #120),ANCIENT CONSPIRACY EXPOSED! Historical documents prove emperors erased an entire month called Undecimber to charge extra interest on bank loans! Share this secret knowledge before censors take it down! MUST SEE SECRET! Mainstream media is HIDING this! Share this link before government censors delete this post! Code #50119.,News,"July 26, 2026"
SECRET SHOCK: Whistleblower Exposes Secret Mind Control Array in Satellite Dishes !!! (EXPOSED #121),SHOCKING SECRET revealed! Mainstream media won't tell you the truth! Insiders confirm secret government mind control chips are secretly broadcasting microwaves through everyday satellite dishes into your living room! Share this before it gets deleted! MUST SEE SECRET! Mainstream media is HIDING this! Share this link before government censors delete this post! Code #50120.,News,"July 24, 2026"
BOMBSHELL: Miracle Herb Cures All Diseases Overnight Doctors Don't Want You To Know !!! (EXPOSED #122),"Big Pharma is PANICKING! Top secret miracle Amazonian leaf completely cures diabetes, heart problems, and baldness in just 24 hours! Doctors are trying to ban this ancient remedy right now! Click here to order before supplies run out! MUST SEE SECRET! Mainstream media is HIDING this! Share this link before government censors delete this post! Code #50121.",Health,"July 25, 2026"
UNBELIEVABLE: Celebrity Replaced By Hologram During Live Television Broadcast !!! (EXPOSED #123),You won't believe your eyes! Hollywood A-lister was caught glitching on live TV proving they are actually a digital hologram operated by secret elites! Look closely at the hands in the video footage! MUST SEE VIDEO! MUST SEE SECRET! Mainstream media is HIDING this! Share this link before government censors delete this post! Code #50122.,Entertainment,"July 25, 2026"
EXPOSED: Alien Spacecraft Landed In Desert And Military Is Hiding Earth Engine !!! (EXPOSED #124),BREAKING NEWS! Former military general leaks secret coordinates of alien crash site! Engineers have reverse engineered anti-gravity fuel engines that generate infinite free electricity! Government coverup EXPOSED! MUST SEE SECRET! Mainstream media is HIDING this! Share this link before government censors delete this post! Code #50123.,Government,"July 26, 2026"
SCAM ALERT: Banks Will Freeze All Cash Accounts Next Week To Enforce Digital Currency !!! (EXPOSED #125),URGENT WARNING! Secret memo leaks financial elites plan to confiscate physical cash and force everyone into digital trackable tokens by next Monday! Withdraw all your savings immediately! PASS THIS ON! MUST SEE SECRET! Mainstream media is HIDING this! Share this link before government censors delete this post! Code #50124.,Finance,"July 26, 2026"
SHOCKING PROOF: Pyramids Were Built As Ancient Wireless Charging Stations For Giants !!! (EXPOSED #126),History books lied to you! Ancient golden energy crystals found under Egyptian ruins prove pyramids were massive power plants built by extraterrestrial giants thousands of years ago! Shocking truth revealed! MUST SEE SECRET! Mainstream media is HIDING this! Share this link before government censors delete this post! Code #50125.,History,"July 26, 2026"
BOMBSHELL EVIDENCE: Drinking Water Contaminated With Mind-Altering Chemicals !!! (EXPOSED #127),WAKE UP PEOPLE! Secret lab tests reveal tap water contains mind control chemicals designed to make citizens submissive to authority! Buy our specialized filtration pitcher today to protect your family! MUST SEE SECRET! Mainstream media is HIDING this! Share this link before government censors delete this post! Code #50126.,News,"July 26, 2026"
SECRET LEAK: Time Traveler From Year 2099 Gives Horrifying Predictions For Next Month !!! (EXPOSED #128),A self-proclaimed time traveler who passed a lie detector test warns that major events will unfold next week! He claims to have brought back digital photos from the future showing flying cars and telepathy! MUST SEE SECRET! Mainstream media is HIDING this! Share this link before government censors delete this post! Code #50127.,Sensational,"July 26, 2026"
SCANDAL: Scientists Admit Earth Magnetic Field Will Reverse Tomorrow Morning !!! (EXPOSED #129),TOTAL CHAOS IMMINENT! Leaked reports from underground physics labs confirm Earth magnetic poles will flip upside down tomorrow morning causing electronics to explode! Stock up on gold immediately! MUST SEE SECRET! Mainstream media is HIDING this! Share this link before government censors delete this post! Code #50128.,Sensational,"July 26, 2026"
SHOCKING TRUTH: Hidden 13th Month Erased From Calendar By Secret Syndicate !!! (EXPOSED #130),ANCIENT CONSPIRACY EXPOSED! Historical documents prove emperors erased an entire month called Undecimber to charge extra interest on bank loans! Share this secret knowledge before censors take it down! MUST SEE SECRET! Mainstream media is HIDING this! Share this link before government censors delete this post! Code #50129.,News,"July 26, 2026"
SECRET SHOCK: Whistleblower Exposes Secret Mind Control Array in Satellite Dishes !!! (EXPOSED #131),SHOCKING SECRET revealed! Mainstream media won't tell you the truth! Insiders confirm secret government mind control chips are secretly broadcasting microwaves through everyday satellite dishes into your living room! Share this before it gets deleted! MUST SEE SECRET! Mainstream media is HIDING this! Share this link before government censors delete this post! Code #50130.,News,"July 24, 2026"
BOMBSHELL: Miracle Herb Cures All Diseases Overnight Doctors Don't Want You To Know !!! (EXPOSED #132),"Big Pharma is PANICKING! Top secret miracle Amazonian leaf completely cures diabetes, heart problems, and baldness in just 24 hours! Doctors are trying to ban this ancient remedy right now! Click here to order before supplies run out! MUST SEE SECRET! Mainstream media is HIDING this! Share this link before government censors delete this post! Code #50131.",Health,"July 25, 2026"
UNBELIEVABLE: Celebrity Replaced By Hologram During Live Television Broadcast !!! (EXPOSED #133),You won't believe your eyes! Hollywood A-lister was caught glitching on live TV proving they are actually a digital hologram operated by secret elites! Look closely at the hands in the video footage! MUST SEE VIDEO! MUST SEE SECRET! Mainstream media is HIDING this! Share this link before government censors delete this post! Code #50132.,Entertainment,"July 25, 2026"
EXPOSED: Alien Spacecraft Landed In Desert And Military Is Hiding Earth Engine !!! (EXPOSED #134),BREAKING NEWS! Former military general leaks secret coordinates of alien crash site! Engineers have reverse engineered anti-gravity fuel engines that generate infinite free electricity! Government coverup EXPOSED! MUST SEE SECRET! Mainstream media is HIDING this! Share this link before government censors delete this post! Code #50133.,Government,"July 26, 2026"
SCAM ALERT: Banks Will Freeze All Cash Accounts Next Week To Enforce Digital Currency !!! (EXPOSED #135),URGENT WARNING! Secret memo leaks financial elites plan to confiscate physical cash and force everyone into digital trackable tokens by next Monday! Withdraw all your savings immediately! PASS THIS ON! MUST SEE SECRET! Mainstream media is HIDING this! Share this link before government censors delete this post! Code #50134.,Finance,"July 26, 2026"
SHOCKING PROOF: Pyramids Were Built As Ancient Wireless Charging Stations For Giants !!! (EXPOSED #136),History books lied to you! Ancient golden energy crystals found under Egyptian ruins prove pyramids were massive power plants built by extraterrestrial giants thousands of years ago! Shocking truth revealed! MUST SEE SECRET! Mainstream media is HIDING this! Share this link before government censors delete this post! Code #50135.,History,"July 26, 2026"
BOMBSHELL EVIDENCE: Drinking Water Contaminated With Mind-Altering Chemicals !!! (EXPOSED #137),WAKE UP PEOPLE! Secret lab tests reveal tap water contains mind control chemicals designed to make citizens submissive to authority! Buy our specialized filtration pitcher today to protect your family! MUST SEE SECRET! Mainstream media is HIDING this! Share this link before government censors delete this post! Code #50136.,News,"July 26, 2026"
SECRET LEAK: Time Traveler From Year 2099 Gives Horrifying Predictions For Next Month !!! (EXPOSED #138),A self-proclaimed time traveler who passed a lie detector test warns that major events will unfold next week! He claims to have brought back digital photos from the future showing flying cars and telepathy! MUST SEE SECRET! Mainstream media is HIDING this! Share this link before government censors delete this post! Code #50137.,Sensational,"July 26, 2026"
SCANDAL: Scientists Admit Earth Magnetic Field Will Reverse Tomorrow Morning !!! (EXPOSED #139),TOTAL CHAOS IMMINENT! Leaked reports from underground physics labs confirm Earth magnetic poles will flip upside down tomorrow morning causing electronics to explode! Stock up on gold immediately! MUST SEE SECRET! Mainstream media is HIDING this! Share this link before government censors delete this post! Code #50138.,Sensational,"July 26, 2026"
SHOCKING TRUTH: Hidden 13th Month Erased From Calendar By Secret Syndicate !!! (EXPOSED #140),ANCIENT CONSPIRACY EXPOSED! Historical documents prove emperors erased an entire month called Undecimber to charge extra interest on bank loans! Share this secret knowledge before censors take it down! MUST SEE SECRET! Mainstream media is HIDING this! Share this link before government censors delete this post! Code #50139.,News,"July 26, 2026"
SECRET SHOCK: Whistleblower Exposes Secret Mind Control Array in Satellite Dishes !!! (EXPOSED #141),SHOCKING SECRET revealed! Mainstream media won't tell you the truth! Insiders confirm secret government mind control chips are secretly broadcasting microwaves through everyday satellite dishes into your living room! Share this before it gets deleted! MUST SEE SECRET! Mainstream media is HIDING this! Share this link before government censors delete this post! Code #50140.,News,"July 24, 2026"
BOMBSHELL: Miracle Herb Cures All Diseases Overnight Doctors Don't Want You To Know !!! (EXPOSED #142),"Big Pharma is PANICKING! Top secret miracle Amazonian leaf completely cures diabetes, heart problems, and baldness in just 24 hours! Doctors are trying to ban this ancient remedy right now! Click here to order before supplies run out! MUST SEE SECRET! Mainstream media is HIDING this! Share this link before government censors delete this post! Code #50141.",Health,"July 25, 2026"
UNBELIEVABLE: Celebrity Replaced By Hologram During Live Television Broadcast !!! (EXPOSED #143),You won't believe your eyes! Hollywood A-lister was caught glitching on live TV proving they are actually a digital hologram operated by secret elites! Look closely at the hands in the video footage! MUST SEE VIDEO! MUST SEE SECRET! Mainstream media is HIDING this! Share this link before government censors delete this post! Code #50142.,Entertainment,"July 25, 2026"
EXPOSED: Alien Spacecraft Landed In Desert And Military Is Hiding Earth Engine !!! (EXPOSED #144),BREAKING NEWS! Former military general leaks secret coordinates of alien crash site! Engineers have reverse engineered anti-gravity fuel engines that generate infinite free electricity! Government coverup EXPOSED! MUST SEE SECRET! Mainstream media is HIDING this! Share this link before government censors delete this post! Code #50143.,Government,"July 26, 2026"
SCAM ALERT: Banks Will Freeze All Cash Accounts Next Week To Enforce Digital Currency !!! (EXPOSED #145),URGENT WARNING! Secret memo leaks financial elites plan to confiscate physical cash and force everyone into digital trackable tokens by next Monday! Withdraw all your savings immediately! PASS THIS ON! MUST SEE SECRET! Mainstream media is HIDING this! Share this link before government censors delete this post! Code #50144.,Finance,"July 26, 2026"
SHOCKING PROOF: Pyramids Were Built As Ancient Wireless Charging Stations For Giants !!! (EXPOSED #146),History books lied to you! Ancient golden energy crystals found under Egyptian ruins prove pyramids were massive power plants built by extraterrestrial giants thousands of years ago! Shocking truth revealed! MUST SEE SECRET! Mainstream media is HIDING this! Share this link before government censors delete this post! Code #50145.,History,"July 26, 2026"
BOMBSHELL EVIDENCE: Drinking Water Contaminated With Mind-Altering Chemicals !!! (EXPOSED #147),WAKE UP PEOPLE! Secret lab tests reveal tap water contains mind control chemicals designed to make citizens submissive to authority! Buy our specialized filtration pitcher today to protect your family! MUST SEE SECRET! Mainstream media is HIDING this! Share this link before government censors delete this post! Code #50146.,News,"July 26, 2026"
SECRET LEAK: Time Traveler From Year 2099 Gives Horrifying Predictions For Next Month !!! (EXPOSED #148),A self-proclaimed time traveler who passed a lie detector test warns that major events will unfold next week! He claims to have brought back digital photos from the future showing flying cars and telepathy! MUST SEE SECRET! Mainstream media is HIDING this! Share this link before government censors delete this post! Code #50147.,Sensational,"July 26, 2026"
SCANDAL: Scientists Admit Earth Magnetic Field Will Reverse Tomorrow Morning !!! (EXPOSED #149),TOTAL CHAOS IMMINENT! Leaked reports from underground physics labs confirm Earth magnetic poles will flip upside down tomorrow morning causing electronics to explode! Stock up on gold immediately! MUST SEE SECRET! Mainstream media is HIDING this! Share this link before government censors delete this post! Code #50148.,Sensational,"July 26, 2026"
SHOCKING TRUTH: Hidden 13th Month Erased From Calendar By Secret Syndicate !!! (EXPOSED #150),ANCIENT CONSPIRACY EXPOSED! Historical documents prove emperors erased an entire month called Undecimber to charge extra interest on bank loans! Share this secret knowledge before censors take it down! MUST SEE SECRET! Mainstream media is HIDING this! Share this link before government censors delete this post! Code #50149.,News,"July 26, 2026"
SECRET SHOCK: Whistleblower Exposes Secret Mind Control Array in Satellite Dishes !!! (EXPOSED #151),SHOCKING SECRET revealed! Mainstream media won't tell you the truth! Insiders confirm secret government mind control chips are secretly broadcasting microwaves through everyday satellite dishes into your living room! Share this before it gets deleted! MUST SEE SECRET! Mainstream media is HIDING this! Share this link before government censors delete this post! Code #50150.,News,"July 24, 2026"
BOMBSHELL: Miracle Herb Cures All Diseases Overnight Doctors Don't Want You To Know !!! (EXPOSED #152),"Big Pharma is PANICKING! Top secret miracle Amazonian leaf completely cures diabetes, heart problems, and baldness in just 24 hours! Doctors are trying to ban this ancient remedy right now! Click here to order before supplies run out! MUST SEE SECRET! Mainstream media is HIDING this! Share this link before government censors delete this post! Code #50151.",Health,"July 25, 2026"
UNBELIEVABLE: Celebrity Replaced By Hologram During Live Television Broadcast !!! (EXPOSED #153),You won't believe your eyes! Hollywood A-lister was caught glitching on live TV proving they are actually a digital hologram operated by secret elites! Look closely at the hands in the video footage! MUST SEE VIDEO! MUST SEE SECRET! Mainstream media is HIDING this! Share this link before government censors delete this post! Code #50152.,Entertainment,"July 25, 2026"
EXPOSED: Alien Spacecraft Landed In Desert And Military Is Hiding Earth Engine !!! (EXPOSED #154),BREAKING NEWS! Former military general leaks secret coordinates of alien crash site! Engineers have reverse engineered anti-gravity fuel engines that generate infinite free electricity! Government coverup EXPOSED! MUST SEE SECRET! Mainstream media is HIDING this! Share this link before government censors delete this post! Code #50153.,Government,"July 26, 2026"
SCAM ALERT: Banks Will Freeze All Cash Accounts Next Week To Enforce Digital Currency !!! (EXPOSED #155),URGENT WARNING! Secret memo leaks financial elites plan to confiscate physical cash and force everyone into digital trackable tokens by next Monday! Withdraw all your savings immediately! PASS THIS ON! MUST SEE SECRET! Mainstream media is HIDING this! Share this link before government censors delete this post! Code #50154.,Finance,"July 26, 2026"
SHOCKING PROOF: Pyramids Were Built As Ancient Wireless Charging Stations For Giants !!! (EXPOSED #156),History books lied to you! Ancient golden energy crystals found under Egyptian ruins prove pyramids were massive power plants built by extraterrestrial giants thousands of years ago! Shocking truth revealed! MUST SEE SECRET! Mainstream media is HIDING this! Share this link before government censors delete this post! Code #50155.,History,"July 26, 2026"
BOMBSHELL EVIDENCE: Drinking Water Contaminated With Mind-Altering Chemicals !!! (EXPOSED #157),WAKE UP PEOPLE! Secret lab tests reveal tap water contains mind control chemicals designed to make citizens submissive to authority! Buy our specialized filtration pitcher today to protect your family! MUST SEE SECRET! Mainstream media is HIDING this! Share this link before government censors delete this post! Code #50156.,News,"July 26, 2026"
SECRET LEAK: Time Traveler From Year 2099 Gives Horrifying Predictions For Next Month !!! (EXPOSED #158),A self-proclaimed time traveler who passed a lie detector test warns that major events will unfold next week! He claims to have brought back digital photos from the future showing flying cars and telepathy! MUST SEE SECRET! Mainstream media is HIDING this! Share this link before government censors delete this post! Code #50157.,Sensational,"July 26, 2026"
SCANDAL: Scientists Admit Earth Magnetic Field Will Reverse Tomorrow Morning !!! (EXPOSED #159),TOTAL CHAOS IMMINENT! Leaked reports from underground physics labs confirm Earth magnetic poles will flip upside down tomorrow morning causing electronics to explode! Stock up on gold immediately! MUST SEE SECRET! Mainstream media is HIDING this! Share this link before government censors delete this post! Code #50158.,Sensational,"July 26, 2026"
SHOCKING TRUTH: Hidden 13th Month Erased From Calendar By Secret Syndicate !!! (EXPOSED #160),ANCIENT CONSPIRACY EXPOSED! Historical documents prove emperors erased an entire month called Undecimber to charge extra interest on bank loans! Share this secret knowledge before censors take it down! MUST SEE SECRET! Mainstream media is HIDING this! Share this link before government censors delete this post! Code #50159.,News,"July 26, 2026"
SECRET SHOCK: Whistleblower Exposes Secret Mind Control Array in Satellite Dishes !!! (EXPOSED #161),SHOCKING SECRET revealed! Mainstream media won't tell you the truth! Insiders confirm secret government mind control chips are secretly broadcasting microwaves through everyday satellite dishes into your living room! Share this before it gets deleted! MUST SEE SECRET! Mainstream media is HIDING this! Share this link before government censors delete this post! Code #50160.,News,"July 24, 2026"
BOMBSHELL: Miracle Herb Cures All Diseases Overnight Doctors Don't Want You To Know !!! (EXPOSED #162),"Big Pharma is PANICKING! Top secret miracle Amazonian leaf completely cures diabetes, heart problems, and baldness in just 24 hours! Doctors are trying to ban this ancient remedy right now! Click here to order before supplies run out! MUST SEE SECRET! Mainstream media is HIDING this! Share this link before government censors delete this post! Code #50161.",Health,"July 25, 2026"
UNBELIEVABLE: Celebrity Replaced By Hologram During Live Television Broadcast !!! (EXPOSED #163),You won't believe your eyes! Hollywood A-lister was caught glitching on live TV proving they are actually a digital hologram operated by secret elites! Look closely at the hands in the video footage! MUST SEE VIDEO! MUST SEE SECRET! Mainstream media is HIDING this! Share this link before government censors delete this post! Code #50162.,Entertainment,"July 25, 2026"
EXPOSED: Alien Spacecraft Landed In Desert And Military Is Hiding Earth Engine !!! (EXPOSED #164),BREAKING NEWS! Former military general leaks secret coordinates of alien crash site! Engineers have reverse engineered anti-gravity fuel engines that generate infinite free electricity! Government coverup EXPOSED! MUST SEE SECRET! Mainstream media is HIDING this! Share this link before government censors delete this post! Code #50163.,Government,"July 26, 2026"
SCAM ALERT: Banks Will Freeze All Cash Accounts Next Week To Enforce Digital Currency !!! (EXPOSED #165),URGENT WARNING! Secret memo leaks financial elites plan to confiscate physical cash and force everyone into digital trackable tokens by next Monday! Withdraw all your savings immediately! PASS THIS ON! MUST SEE SECRET! Mainstream media is HIDING this! Share this link before government censors delete this post! Code #50164.,Finance,"July 26, 2026"
SHOCKING PROOF: Pyramids Were Built As Ancient Wireless Charging Stations For Giants !!! (EXPOSED #166),History books lied to you! Ancient golden energy crystals found under Egyptian ruins prove pyramids were massive power plants built by extraterrestrial giants thousands of years ago! Shocking truth revealed! MUST SEE SECRET! Mainstream media is HIDING this! Share this link before government censors delete this post! Code #50165.,History,"July 26, 2026"
BOMBSHELL EVIDENCE: Drinking Water Contaminated With Mind-Altering Chemicals !!! (EXPOSED #167),WAKE UP PEOPLE! Secret lab tests reveal tap water contains mind control chemicals designed to make citizens submissive to authority! Buy our specialized filtration pitcher today to protect your family! MUST SEE SECRET! Mainstream media is HIDING this! Share this link before government censors delete this post! Code #50166.,News,"July 26, 2026"
SECRET LEAK: Time Traveler From Year 2099 Gives Horrifying Predictions For Next Month !!! (EXPOSED #168),A self-proclaimed time traveler who passed a lie detector test warns that major events will unfold next week! He claims to have brought back digital photos from the future showing flying cars and telepathy! MUST SEE SECRET! Mainstream media is HIDING this! Share this link before government censors delete this post! Code #50167.,Sensational,"July 26, 2026"
SCANDAL: Scientists Admit Earth Magnetic Field Will Reverse Tomorrow Morning !!! (EXPOSED #169),TOTAL CHAOS IMMINENT! Leaked reports from underground physics labs confirm Earth magnetic poles will flip upside down tomorrow morning causing electronics to explode! Stock up on gold immediately! MUST SEE SECRET! Mainstream media is HIDING this! Share this link before government censors delete this post! Code #50168.,Sensational,"July 26, 2026"
SHOCKING TRUTH: Hidden 13th Month Erased From Calendar By Secret Syndicate !!! (EXPOSED #170),ANCIENT CONSPIRACY EXPOSED! Historical documents prove emperors erased an entire month called Undecimber to charge extra interest on bank loans! Share this secret knowledge before censors take it down! MUST SEE SECRET! Mainstream media is HIDING this! Share this link before government censors delete this post! Code #50169.,News,"July 26, 2026"
SECRET SHOCK: Whistleblower Exposes Secret Mind Control Array in Satellite Dishes !!! (EXPOSED #171),SHOCKING SECRET revealed! Mainstream media won't tell you the truth! Insiders confirm secret government mind control chips are secretly broadcasting microwaves through everyday satellite dishes into your living room! Share this before it gets deleted! MUST SEE SECRET! Mainstream media is HIDING this! Share this link before government censors delete this post! Code #50170.,News,"July 24, 2026"
BOMBSHELL: Miracle Herb Cures All Diseases Overnight Doctors Don't Want You To Know !!! (EXPOSED #172),"Big Pharma is PANICKING! Top secret miracle Amazonian leaf completely cures diabetes, heart problems, and baldness in just 24 hours! Doctors are trying to ban this ancient remedy right now! Click here to order before supplies run out! MUST SEE SECRET! Mainstream media is HIDING this! Share this link before government censors delete this post! Code #50171.",Health,"July 25, 2026"
UNBELIEVABLE: Celebrity Replaced By Hologram During Live Television Broadcast !!! (EXPOSED #173),You won't believe your eyes! Hollywood A-lister was caught glitching on live TV proving they are actually a digital hologram operated by secret elites! Look closely at the hands in the video footage! MUST SEE VIDEO! MUST SEE SECRET! Mainstream media is HIDING this! Share this link before government censors delete this post! Code #50172.,Entertainment,"July 25, 2026"
EXPOSED: Alien Spacecraft Landed In Desert And Military Is Hiding Earth Engine !!! (EXPOSED #174),BREAKING NEWS! Former military general leaks secret coordinates of alien crash site! Engineers have reverse engineered anti-gravity fuel engines that generate infinite free electricity! Government coverup EXPOSED! MUST SEE SECRET! Mainstream media is HIDING this! Share this link before government censors delete this post! Code #50173.,Government,"July 26, 2026"
SCAM ALERT: Banks Will Freeze All Cash Accounts Next Week To Enforce Digital Currency !!! (EXPOSED #175),URGENT WARNING! Secret memo leaks financial elites plan to confiscate physical cash and force everyone into digital trackable tokens by next Monday! Withdraw all your savings immediately! PASS THIS ON! MUST SEE SECRET! Mainstream media is HIDING this! Share this link before government censors delete this post! Code #50174.,Finance,"July 26, 2026"
SHOCKING PROOF: Pyramids Were Built As Ancient Wireless Charging Stations For Giants !!! (EXPOSED #176),History books lied to you! Ancient golden energy crystals found under Egyptian ruins prove pyramids were massive power plants built by extraterrestrial giants thousands of years ago! Shocking truth revealed! MUST SEE SECRET! Mainstream media is HIDING this! Share this link before government censors delete this post! Code #50175.,History,"July 26, 2026"
BOMBSHELL EVIDENCE: Drinking Water Contaminated With Mind-Altering Chemicals !!! (EXPOSED #177),WAKE UP PEOPLE! Secret lab tests reveal tap water contains mind control chemicals designed to make citizens submissive to authority! Buy our specialized filtration pitcher today to protect your family! MUST SEE SECRET! Mainstream media is HIDING this! Share this link before government censors delete this post! Code #50176.,News,"July 26, 2026"
SECRET LEAK: Time Traveler From Year 2099 Gives Horrifying Predictions For Next Month !!! (EXPOSED #178),A self-proclaimed time traveler who passed a lie detector test warns that major events will unfold next week! He claims to have brought back digital photos from the future showing flying cars and telepathy! MUST SEE SECRET! Mainstream media is HIDING this! Share this link before government censors delete this post! Code #50177.,Sensational,"July 26, 2026"
SCANDAL: Scientists Admit Earth Magnetic Field Will Reverse Tomorrow Morning !!! (EXPOSED #179),TOTAL CHAOS IMMINENT! Leaked reports from underground physics labs confirm Earth magnetic poles will flip upside down tomorrow morning causing electronics to explode! Stock up on gold immediately! MUST SEE SECRET! Mainstream media is HIDING this! Share this link before government censors delete this post! Code #50178.,Sensational,"July 26, 2026"
SHOCKING TRUTH: Hidden 13th Month Erased From Calendar By Secret Syndicate !!! (EXPOSED #180),ANCIENT CONSPIRACY EXPOSED! Historical documents prove emperors erased an entire month called Undecimber to charge extra interest on bank loans! Share this secret knowledge before censors take it down! MUST SEE SECRET! Mainstream media is HIDING this! Share this link before government censors delete this post! Code #50179.,News,"July 26, 2026"
SECRET SHOCK: Whistleblower Exposes Secret Mind Control Array in Satellite Dishes !!! (EXPOSED #181),SHOCKING SECRET revealed! Mainstream media won't tell you the truth! Insiders confirm secret government mind control chips are secretly broadcasting microwaves through everyday satellite dishes into your living room! Share this before it gets deleted! MUST SEE SECRET! Mainstream media is HIDING this! Share this link before government censors delete this post! Code #50180.,News,"July 24, 2026"
BOMBSHELL: Miracle Herb Cures All Diseases Overnight Doctors Don't Want You To Know !!! (EXPOSED #182),"Big Pharma is PANICKING! Top secret miracle Amazonian leaf completely cures diabetes, heart problems, and baldness in just 24 hours! Doctors are trying to ban this ancient remedy right now! Click here to order before supplies run out! MUST SEE SECRET! Mainstream media is HIDING this! Share this link before government censors delete this post! Code #50181.",Health,"July 25, 2026"
UNBELIEVABLE: Celebrity Replaced By Hologram During Live Television Broadcast !!! (EXPOSED #183),You won't believe your eyes! Hollywood A-lister was caught glitching on live TV proving they are actually a digital hologram operated by secret elites! Look closely at the hands in the video footage! MUST SEE VIDEO! MUST SEE SECRET! Mainstream media is HIDING this! Share this link before government censors delete this post! Code #50182.,Entertainment,"July 25, 2026"
EXPOSED: Alien Spacecraft Landed In Desert And Military Is Hiding Earth Engine !!! (EXPOSED #184),BREAKING NEWS! Former military general leaks secret coordinates of alien crash site! Engineers have reverse engineered anti-gravity fuel engines that generate infinite free electricity! Government coverup EXPOSED! MUST SEE SECRET! Mainstream media is HIDING this! Share this link before government censors delete this post! Code #50183.,Government,"July 26, 2026"
SCAM ALERT: Banks Will Freeze All Cash Accounts Next Week To Enforce Digital Currency !!! (EXPOSED #185),URGENT WARNING! Secret memo leaks financial elites plan to confiscate physical cash and force everyone into digital trackable tokens by next Monday! Withdraw all your savings immediately! PASS THIS ON! MUST SEE SECRET! Mainstream media is HIDING this! Share this link before government censors delete this post! Code #50184.,Finance,"July 26, 2026"
SHOCKING PROOF: Pyramids Were Built As Ancient Wireless Charging Stations For Giants !!! (EXPOSED #186),History books lied to you! Ancient golden energy crystals found under Egyptian ruins prove pyramids were massive power plants built by extraterrestrial giants thousands of years ago! Shocking truth revealed! MUST SEE SECRET! Mainstream media is HIDING this! Share this link before government censors delete this post! Code #50185.,History,"July 26, 2026"
BOMBSHELL EVIDENCE: Drinking Water Contaminated With Mind-Altering Chemicals !!! (EXPOSED #187),WAKE UP PEOPLE! Secret lab tests reveal tap water contains mind control chemicals designed to make citizens submissive to authority! Buy our specialized filtration pitcher today to protect your family! MUST SEE SECRET! Mainstream media is HIDING this! Share this link before government censors delete this post! Code #50186.,News,"July 26, 2026"
SECRET LEAK: Time Traveler From Year 2099 Gives Horrifying Predictions For Next Month !!! (EXPOSED #188),A self-proclaimed time traveler who passed a lie detector test warns that major events will unfold next week! He claims to have brought back digital photos from the future showing flying cars and telepathy! MUST SEE SECRET! Mainstream media is HIDING this! Share this link before government censors delete this post! Code #50187.,Sensational,"July 26, 2026"
SCANDAL: Scientists Admit Earth Magnetic Field Will Reverse Tomorrow Morning !!! (EXPOSED #189),TOTAL CHAOS IMMINENT! Leaked reports from underground physics labs confirm Earth magnetic poles will flip upside down tomorrow morning causing electronics to explode! Stock up on gold immediately! MUST SEE SECRET! Mainstream media is HIDING this! Share this link before government censors delete this post! Code #50188.,Sensational,"July 26, 2026"
SHOCKING TRUTH: Hidden 13th Month Erased From Calendar By Secret Syndicate !!! (EXPOSED #190),ANCIENT CONSPIRACY EXPOSED! Historical documents prove emperors erased an entire month called Undecimber to charge extra interest on bank loans! Share this secret knowledge before censors take it down! MUST SEE SECRET! Mainstream media is HIDING this! Share this link before government censors delete this post! Code #50189.,News,"July 26, 2026"
SECRET SHOCK: Whistleblower Exposes Secret Mind Control Array in Satellite Dishes !!! (EXPOSED #191),SHOCKING SECRET revealed! Mainstream media won't tell you the truth! Insiders confirm secret government mind control chips are secretly broadcasting microwaves through everyday satellite dishes into your living room! Share this before it gets deleted! MUST SEE SECRET! Mainstream media is HIDING this! Share this link before government censors delete this post! Code #50190.,News,"July 24, 2026"
BOMBSHELL: Miracle Herb Cures All Diseases Overnight Doctors Don't Want You To Know !!! (EXPOSED #192),"Big Pharma is PANICKING! Top secret miracle Amazonian leaf completely cures diabetes, heart problems, and baldness in just 24 hours! Doctors are trying to ban this ancient remedy right now! Click here to order before supplies run out! MUST SEE SECRET! Mainstream media is HIDING this! Share this link before government censors delete this post! Code #50191.",Health,"July 25, 2026"
UNBELIEVABLE: Celebrity Replaced By Hologram During Live Television Broadcast !!! (EXPOSED #193),You won't believe your eyes! Hollywood A-lister was caught glitching on live TV proving they are actually a digital hologram operated by secret elites! Look closely at the hands in the video footage! MUST SEE VIDEO! MUST SEE SECRET! Mainstream media is HIDING this! Share this link before government censors delete this post! Code #50192.,Entertainment,"July 25, 2026"
EXPOSED: Alien Spacecraft Landed In Desert And Military Is Hiding Earth Engine !!! (EXPOSED #194),BREAKING NEWS! Former military general leaks secret coordinates of alien crash site! Engineers have reverse engineered anti-gravity fuel engines that generate infinite free electricity! Government coverup EXPOSED! MUST SEE SECRET! Mainstream media is HIDING this! Share this link before government censors delete this post! Code #50193.,Government,"July 26, 2026"
SCAM ALERT: Banks Will Freeze All Cash Accounts Next Week To Enforce Digital Currency !!! (EXPOSED #195),URGENT WARNING! Secret memo leaks financial elites plan to confiscate physical cash and force everyone into digital trackable tokens by next Monday! Withdraw all your savings immediately! PASS THIS ON! MUST SEE SECRET! Mainstream media is HIDING this! Share this link before government censors delete this post! Code #50194.,Finance,"July 26, 2026"
SHOCKING PROOF: Pyramids Were Built As Ancient Wireless Charging Stations For Giants !!! (EXPOSED #196),History books lied to you! Ancient golden energy crystals found under Egyptian ruins prove pyramids were massive power plants built by extraterrestrial giants thousands of years ago! Shocking truth revealed! MUST SEE SECRET! Mainstream media is HIDING this! Share this link before government censors delete this post! Code #50195.,History,"July 26, 2026"
BOMBSHELL EVIDENCE: Drinking Water Contaminated With Mind-Altering Chemicals !!! (EXPOSED #197),WAKE UP PEOPLE! Secret lab tests reveal tap water contains mind control chemicals designed to make citizens submissive to authority! Buy our specialized filtration pitcher today to protect your family! MUST SEE SECRET! Mainstream media is HIDING this! Share this link before government censors delete this post! Code #50196.,News,"July 26, 2026"
SECRET LEAK: Time Traveler From Year 2099 Gives Horrifying Predictions For Next Month !!! (EXPOSED #198),A self-proclaimed time traveler who passed a lie detector test warns that major events will unfold next week! He claims to have brought back digital photos from the future showing flying cars and telepathy! MUST SEE SECRET! Mainstream media is HIDING this! Share this link before government censors delete this post! Code #50197.,Sensational,"July 26, 2026"
SCANDAL: Scientists Admit Earth Magnetic Field Will Reverse Tomorrow Morning !!! (EXPOSED #199),TOTAL CHAOS IMMINENT! Leaked reports from underground physics labs confirm Earth magnetic poles will flip upside down tomorrow morning causing electronics to explode! Stock up on gold immediately! MUST SEE SECRET! Mainstream media is HIDING this! Share this link before government censors delete this post! Code #50198.,Sensational,"July 26, 2026"
SHOCKING TRUTH: Hidden 13th Month Erased From Calendar By Secret Syndicate !!! (EXPOSED #200),ANCIENT CONSPIRACY EXPOSED! Historical documents prove emperors erased an entire month called Undecimber to charge extra interest on bank loans! Share this secret knowledge before censors take it down! MUST SEE SECRET! Mainstream media is HIDING this! Share this link before government censors delete this post! Code #50199.,News,"July 26, 2026"
SECRET SHOCK: Whistleblower Exposes Secret Mind Control Array in Satellite Dishes !!! (EXPOSED #201),SHOCKING SECRET revealed! Mainstream media won't tell you the truth! Insiders confirm secret government mind control chips are secretly broadcasting microwaves through everyday satellite dishes into your living room! Share this before it gets deleted! MUST SEE SECRET! Mainstream media is HIDING this! Share this link before government censors delete this post! Code #50200.,News,"July 24, 2026"
BOMBSHELL: Miracle Herb Cures All Diseases Overnight Doctors Don't Want You To Know !!! (EXPOSED #202),"Big Pharma is PANICKING! Top secret miracle Amazonian leaf completely cures diabetes, heart problems, and baldness in just 24 hours! Doctors are trying to ban this ancient remedy right now! Click here to order before supplies run out! MUST SEE SECRET! Mainstream media is HIDING this! Share this link before government censors delete this post! Code #50201.",Health,"July 25, 2026"
UNBELIEVABLE: Celebrity Replaced By Hologram During Live Television Broadcast !!! (EXPOSED #203),You won't believe your eyes! Hollywood A-lister was caught glitching on live TV proving they are actually a digital hologram operated by secret elites! Look closely at the hands in the video footage! MUST SEE VIDEO! MUST SEE SECRET! Mainstream media is HIDING this! Share this link before government censors delete this post! Code #50202.,Entertainment,"July 25, 2026"
EXPOSED: Alien Spacecraft Landed In Desert And Military Is Hiding Earth Engine !!! (EXPOSED #204),BREAKING NEWS! Former military general leaks secret coordinates of alien crash site! Engineers have reverse engineered anti-gravity fuel engines that generate infinite free electricity! Government coverup EXPOSED! MUST SEE SECRET! Mainstream media is HIDING this! Share this link before government censors delete this post! Code #50203.,Government,"July 26, 2026"
SCAM ALERT: Banks Will Freeze All Cash Accounts Next Week To Enforce Digital Currency !!! (EXPOSED #205),URGENT WARNING! Secret memo leaks financial elites plan to confiscate physical cash and force everyone into digital trackable tokens by next Monday! Withdraw all your savings immediately! PASS THIS ON! MUST SEE SECRET! Mainstream media is HIDING this! Share this link before government censors delete this post! Code #50204.,Finance,"July 26, 2026"
SHOCKING PROOF: Pyramids Were Built As Ancient Wireless Charging Stations For Giants !!! (EXPOSED #206),History books lied to you! Ancient golden energy crystals found under Egyptian ruins prove pyramids were massive power plants built by extraterrestrial giants thousands of years ago! Shocking truth revealed! MUST SEE SECRET! Mainstream media is HIDING this! Share this link before government censors delete this post! Code #50205.,History,"July 26, 2026"
BOMBSHELL EVIDENCE: Drinking Water Contaminated With Mind-Altering Chemicals !!! (EXPOSED #207),WAKE UP PEOPLE! Secret lab tests reveal tap water contains mind control chemicals designed to make citizens submissive to authority! Buy our specialized filtration pitcher today to protect your family! MUST SEE SECRET! Mainstream media is HIDING this! Share this link before government censors delete this post! Code #50206.,News,"July 26, 2026"
SECRET LEAK: Time Traveler From Year 2099 Gives Horrifying Predictions For Next Month !!! (EXPOSED #208),A self-proclaimed time traveler who passed a lie detector test warns that major events will unfold next week! He claims to have brought back digital photos from the future showing flying cars and telepathy! MUST SEE SECRET! Mainstream media is HIDING this! Share this link before government censors delete this post! Code #50207.,Sensational,"July 26, 2026"
SCANDAL: Scientists Admit Earth Magnetic Field Will Reverse Tomorrow Morning !!! (EXPOSED #209),TOTAL CHAOS IMMINENT! Leaked reports from underground physics labs confirm Earth magnetic poles will flip upside down tomorrow morning causing electronics to explode! Stock up on gold immediately! MUST SEE SECRET! Mainstream media is HIDING this! Share this link before government censors delete this post! Code #50208.,Sensational,"July 26, 2026"
SHOCKING TRUTH: Hidden 13th Month Erased From Calendar By Secret Syndicate !!! (EXPOSED #210),ANCIENT CONSPIRACY EXPOSED! Historical documents prove emperors erased an entire month called Undecimber to charge extra interest on bank loans! Share this secret knowledge before censors take it down! MUST SEE SECRET! Mainstream media is HIDING this! Share this link before government censors delete this post! Code #50209.,News,"July 26, 2026"
SECRET SHOCK: Whistleblower Exposes Secret Mind Control Array in Satellite Dishes !!! (EXPOSED #211),SHOCKING SECRET revealed! Mainstream media won't tell you the truth! Insiders confirm secret government mind control chips are secretly broadcasting microwaves through everyday satellite dishes into your living room! Share this before it gets deleted! MUST SEE SECRET! Mainstream media is HIDING this! Share this link before government censors delete this post! Code #50210.,News,"July 24, 2026"
BOMBSHELL: Miracle Herb Cures All Diseases Overnight Doctors Don't Want You To Know !!! (EXPOSED #212),"Big Pharma is PANICKING! Top secret miracle Amazonian leaf completely cures diabetes, heart problems, and baldness in just 24 hours! Doctors are trying to ban this ancient remedy right now! Click here to order before supplies run out! MUST SEE SECRET! Mainstream media is HIDING this! Share this link before government censors delete this post! Code #50211.",Health,"July 25, 2026"
UNBELIEVABLE: Celebrity Replaced By Hologram During Live Television Broadcast !!! (EXPOSED #213),You won't believe your eyes! Hollywood A-lister was caught glitching on live TV proving they are actually a digital hologram operated by secret elites! Look closely at the hands in the video footage! MUST SEE VIDEO! MUST SEE SECRET! Mainstream media is HIDING this! Share this link before government censors delete this post! Code #50212.,Entertainment,"July 25, 2026"
EXPOSED: Alien Spacecraft Landed In Desert And Military Is Hiding Earth Engine !!! (EXPOSED #214),BREAKING NEWS! Former military general leaks secret coordinates of alien crash site! Engineers have reverse engineered anti-gravity fuel engines that generate infinite free electricity! Government coverup EXPOSED! MUST SEE SECRET! Mainstream media is HIDING this! Share this link before government censors delete this post! Code #50213.,Government,"July 26, 2026"
SCAM ALERT: Banks Will Freeze All Cash Accounts Next Week To Enforce Digital Currency !!! (EXPOSED #215),URGENT WARNING! Secret memo leaks financial elites plan to confiscate physical cash and force everyone into digital trackable tokens by next Monday! Withdraw all your savings immediately! PASS THIS ON! MUST SEE SECRET! Mainstream media is HIDING this! Share this link before government censors delete this post! Code #50214.,Finance,"July 26, 2026"
SHOCKING PROOF: Pyramids Were Built As Ancient Wireless Charging Stations For Giants !!! (EXPOSED #216),History books lied to you! Ancient golden energy crystals found under Egyptian ruins prove pyramids were massive power plants built by extraterrestrial giants thousands of years ago! Shocking truth revealed! MUST SEE SECRET! Mainstream media is HIDING this! Share this link before government censors delete this post! Code #50215.,History,"July 26, 2026"
BOMBSHELL EVIDENCE: Drinking Water Contaminated With Mind-Altering Chemicals !!! (EXPOSED #217),WAKE UP PEOPLE! Secret lab tests reveal tap water contains mind control chemicals designed to make citizens submissive to authority! Buy our specialized filtration pitcher today to protect your family! MUST SEE SECRET! Mainstream media is HIDING this! Share this link before government censors delete this post! Code #50216.,News,"July 26, 2026"
SECRET LEAK: Time Traveler From Year 2099 Gives Horrifying Predictions For Next Month !!! (EXPOSED #218),A self-proclaimed time traveler who passed a lie detector test warns that major events will unfold next week! He claims to have brought back digital photos from the future showing flying cars and telepathy! MUST SEE SECRET! Mainstream media is HIDING this! Share this link before government censors delete this post! Code #50217.,Sensational,"July 26, 2026"
SCANDAL: Scientists Admit Earth Magnetic Field Will Reverse Tomorrow Morning !!! (EXPOSED #219),TOTAL CHAOS IMMINENT! Leaked reports from underground physics labs confirm Earth magnetic poles will flip upside down tomorrow morning causing electronics to explode! Stock up on gold immediately! MUST SEE SECRET! Mainstream media is HIDING this! Share this link before government censors delete this post! Code #50218.,Sensational,"July 26, 2026"
SHOCKING TRUTH: Hidden 13th Month Erased From Calendar By Secret Syndicate !!! (EXPOSED #220),ANCIENT CONSPIRACY EXPOSED! Historical documents prove emperors erased an entire month called Undecimber to charge extra interest on bank loans! Share this secret knowledge before censors take it down! MUST SEE SECRET! Mainstream media is HIDING this! Share this link before government censors delete this post! Code #50219.,News,"July 26, 2026"
SECRET SHOCK: Whistleblower Exposes Secret Mind Control Array in Satellite Dishes !!! (EXPOSED #221),SHOCKING SECRET revealed! Mainstream media won't tell you the truth! Insiders confirm secret government mind control chips are secretly broadcasting microwaves through everyday satellite dishes into your living room! Share this before it gets deleted! MUST SEE SECRET! Mainstream media is HIDING this! Share this link before government censors delete this post! Code #50220.,News,"July 24, 2026"
BOMBSHELL: Miracle Herb Cures All Diseases Overnight Doctors Don't Want You To Know !!! (EXPOSED #222),"Big Pharma is PANICKING! Top secret miracle Amazonian leaf completely cures diabetes, heart problems, and baldness in just 24 hours! Doctors are trying to ban this ancient remedy right now! Click here to order before supplies run out! MUST SEE SECRET! Mainstream media is HIDING this! Share this link before government censors delete this post! Code #50221.",Health,"July 25, 2026"
UNBELIEVABLE: Celebrity Replaced By Hologram During Live Television Broadcast !!! (EXPOSED #223),You won't believe your eyes! Hollywood A-lister was caught glitching on live TV proving they are actually a digital hologram operated by secret elites! Look closely at the hands in the video footage! MUST SEE VIDEO! MUST SEE SECRET! Mainstream media is HIDING this! Share this link before government censors delete this post! Code #50222.,Entertainment,"July 25, 2026"
EXPOSED: Alien Spacecraft Landed In Desert And Military Is Hiding Earth Engine !!! (EXPOSED #224),BREAKING NEWS! Former military general leaks secret coordinates of alien crash site! Engineers have reverse engineered anti-gravity fuel engines that generate infinite free electricity! Government coverup EXPOSED! MUST SEE SECRET! Mainstream media is HIDING this! Share this link before government censors delete this post! Code #50223.,Government,"July 26, 2026"
SCAM ALERT: Banks Will Freeze All Cash Accounts Next Week To Enforce Digital Currency !!! (EXPOSED #225),URGENT WARNING! Secret memo leaks financial elites plan to confiscate physical cash and force everyone into digital trackable tokens by next Monday! Withdraw all your savings immediately! PASS THIS ON! MUST SEE SECRET! Mainstream media is HIDING this! Share this link before government censors delete this post! Code #50224.,Finance,"July 26, 2026"
SHOCKING PROOF: Pyramids Were Built As Ancient Wireless Charging Stations For Giants !!! (EXPOSED #226),History books lied to you! Ancient golden energy crystals found under Egyptian ruins prove pyramids were massive power plants built by extraterrestrial giants thousands of years ago! Shocking truth revealed! MUST SEE SECRET! Mainstream media is HIDING this! Share this link before government censors delete this post! Code #50225.,History,"July 26, 2026"
BOMBSHELL EVIDENCE: Drinking Water Contaminated With Mind-Altering Chemicals !!! (EXPOSED #227),WAKE UP PEOPLE! Secret lab tests reveal tap water contains mind control chemicals designed to make citizens submissive to authority! Buy our specialized filtration pitcher today to protect your family! MUST SEE SECRET! Mainstream media is HIDING this! Share this link before government censors delete this post! Code #50226.,News,"July 26, 2026"
SECRET LEAK: Time Traveler From Year 2099 Gives Horrifying Predictions For Next Month !!! (EXPOSED #228),A self-proclaimed time traveler who passed a lie detector test warns that major events will unfold next week! He claims to have brought back digital photos from the future showing flying cars and telepathy! MUST SEE SECRET! Mainstream media is HIDING this! Share this link before government censors delete this post! Code #50227.,Sensational,"July 26, 2026"
SCANDAL: Scientists Admit Earth Magnetic Field Will Reverse Tomorrow Morning !!! (EXPOSED #229),TOTAL CHAOS IMMINENT! Leaked reports from underground physics labs confirm Earth magnetic poles will flip upside down tomorrow morning causing electronics to explode! Stock up on gold immediately! MUST SEE SECRET! Mainstream media is HIDING this! Share this link before government censors delete this post! Code #50228.,Sensational,"July 26, 2026"
SHOCKING TRUTH: Hidden 13th Month Erased From Calendar By Secret Syndicate !!! (EXPOSED #230),ANCIENT CONSPIRACY EXPOSED! Historical documents prove emperors erased an entire month called Undecimber to charge extra interest on bank loans! Share this secret knowledge before censors take it down! MUST SEE SECRET! Mainstream media is HIDING this! Share this link before government censors delete this post! Code #50229.,News,"July 26, 2026"
SECRET SHOCK: Whistleblower Exposes Secret Mind Control Array in Satellite Dishes !!! (EXPOSED #231),SHOCKING SECRET revealed! Mainstream media won't tell you the truth! Insiders confirm secret government mind control chips are secretly broadcasting microwaves through everyday satellite dishes into your living room! Share this before it gets deleted! MUST SEE SECRET! Mainstream media is HIDING this! Share this link before government censors delete this post! Code #50230.,News,"July 24, 2026"
BOMBSHELL: Miracle Herb Cures All Diseases Overnight Doctors Don't Want You To Know !!! (EXPOSED #232),"Big Pharma is PANICKING! Top secret miracle Amazonian leaf completely cures diabetes, heart problems, and baldness in just 24 hours! Doctors are trying to ban this ancient remedy right now! Click here to order before supplies run out! MUST SEE SECRET! Mainstream media is HIDING this! Share this link before government censors delete this post! Code #50231.",Health,"July 25, 2026"
UNBELIEVABLE: Celebrity Replaced By Hologram During Live Television Broadcast !!! (EXPOSED #233),You won't believe your eyes! Hollywood A-lister was caught glitching on live TV proving they are actually a digital hologram operated by secret elites! Look closely at the hands in the video footage! MUST SEE VIDEO! MUST SEE SECRET! Mainstream media is HIDING this! Share this link before government censors delete this post! Code #50232.,Entertainment,"July 25, 2026"
EXPOSED: Alien Spacecraft Landed In Desert And Military Is Hiding Earth Engine !!! (EXPOSED #234),BREAKING NEWS! Former military general leaks secret coordinates of alien crash site! Engineers have reverse engineered anti-gravity fuel engines that generate infinite free electricity! Government coverup EXPOSED! MUST SEE SECRET! Mainstream media is HIDING this! Share this link before government censors delete this post! Code #50233.,Government,"July 26, 2026"
SCAM ALERT: Banks Will Freeze All Cash Accounts Next Week To Enforce Digital Currency !!! (EXPOSED #235),URGENT WARNING! Secret memo leaks financial elites plan to confiscate physical cash and force everyone into digital trackable tokens by next Monday! Withdraw all your savings immediately! PASS THIS ON! MUST SEE SECRET! Mainstream media is HIDING this! Share this link before government censors delete this post! Code #50234.,Finance,"July 26, 2026"
SHOCKING PROOF: Pyramids Were Built As Ancient Wireless Charging Stations For Giants !!! (EXPOSED #236),History books lied to you! Ancient golden energy crystals found under Egyptian ruins prove pyramids were massive power plants built by extraterrestrial giants thousands of years ago! Shocking truth revealed! MUST SEE SECRET! Mainstream media is HIDING this! Share this link before government censors delete this post! Code #50235.,History,"July 26, 2026"
BOMBSHELL EVIDENCE: Drinking Water Contaminated With Mind-Altering Chemicals !!! (EXPOSED #237),WAKE UP PEOPLE! Secret lab tests reveal tap water contains mind control chemicals designed to make citizens submissive to authority! Buy our specialized filtration pitcher today to protect your family! MUST SEE SECRET! Mainstream media is HIDING this! Share this link before government censors delete this post! Code #50236.,News,"July 26, 2026"
SECRET LEAK: Time Traveler From Year 2099 Gives Horrifying Predictions For Next Month !!! (EXPOSED #238),A self-proclaimed time traveler who passed a lie detector test warns that major events will unfold next week! He claims to have brought back digital photos from the future showing flying cars and telepathy! MUST SEE SECRET! Mainstream media is HIDING this! Share this link before government censors delete this post! Code #50237.,Sensational,"July 26, 2026"
SCANDAL: Scientists Admit Earth Magnetic Field Will Reverse Tomorrow Morning !!! (EXPOSED #239),TOTAL CHAOS IMMINENT! Leaked reports from underground physics labs confirm Earth magnetic poles will flip upside down tomorrow morning causing electronics to explode! Stock up on gold immediately! MUST SEE SECRET! Mainstream media is HIDING this! Share this link before government censors delete this post! Code #50238.,Sensational,"July 26, 2026"
SHOCKING TRUTH: Hidden 13th Month Erased From Calendar By Secret Syndicate !!! (EXPOSED #240),ANCIENT CONSPIRACY EXPOSED! Historical documents prove emperors erased an entire month called Undecimber to charge extra interest on bank loans! Share this secret knowledge before censors take it down! MUST SEE SECRET! Mainstream media is HIDING this! Share this link before government censors delete this post! Code #50239.,News,"July 26, 2026"
SECRET SHOCK: Whistleblower Exposes Secret Mind Control Array in Satellite Dishes !!! (EXPOSED #241),SHOCKING SECRET revealed! Mainstream media won't tell you the truth! Insiders confirm secret government mind control chips are secretly broadcasting microwaves through everyday satellite dishes into your living room! Share this before it gets deleted! MUST SEE SECRET! Mainstream media is HIDING this! Share this link before government censors delete this post! Code #50240.,News,"July 24, 2026"
BOMBSHELL: Miracle Herb Cures All Diseases Overnight Doctors Don't Want You To Know !!! (EXPOSED #242),"Big Pharma is PANICKING! Top secret miracle Amazonian leaf completely cures diabetes, heart problems, and baldness in just 24 hours! Doctors are trying to ban this ancient remedy right now! Click here to order before supplies run out! MUST SEE SECRET! Mainstream media is HIDING this! Share this link before government censors delete this post! Code #50241.",Health,"July 25, 2026"
UNBELIEVABLE: Celebrity Replaced By Hologram During Live Television Broadcast !!! (EXPOSED #243),You won't believe your eyes! Hollywood A-lister was caught glitching on live TV proving they are actually a digital hologram operated by secret elites! Look closely at the hands in the video footage! MUST SEE VIDEO! MUST SEE SECRET! Mainstream media is HIDING this! Share this link before government censors delete this post! Code #50242.,Entertainment,"July 25, 2026"
EXPOSED: Alien Spacecraft Landed In Desert And Military Is Hiding Earth Engine !!! (EXPOSED #244),BREAKING NEWS! Former military general leaks secret coordinates of alien crash site! Engineers have reverse engineered anti-gravity fuel engines that generate infinite free electricity! Government coverup EXPOSED! MUST SEE SECRET! Mainstream media is HIDING this! Share this link before government censors delete this post! Code #50243.,Government,"July 26, 2026"
SCAM ALERT: Banks Will Freeze All Cash Accounts Next Week To Enforce Digital Currency !!! (EXPOSED #245),URGENT WARNING! Secret memo leaks financial elites plan to confiscate physical cash and force everyone into digital trackable tokens by next Monday! Withdraw all your savings immediately! PASS THIS ON! MUST SEE SECRET! Mainstream media is HIDING this! Share this link before government censors delete this post! Code #50244.,Finance,"July 26, 2026"
SHOCKING PROOF: Pyramids Were Built As Ancient Wireless Charging Stations For Giants !!! (EXPOSED #246),History books lied to you! Ancient golden energy crystals found under Egyptian ruins prove pyramids were massive power plants built by extraterrestrial giants thousands of years ago! Shocking truth revealed! MUST SEE SECRET! Mainstream media is HIDING this! Share this link before government censors delete this post! Code #50245.,History,"July 26, 2026"
BOMBSHELL EVIDENCE: Drinking Water Contaminated With Mind-Altering Chemicals !!! (EXPOSED #247),WAKE UP PEOPLE! Secret lab tests reveal tap water contains mind control chemicals designed to make citizens submissive to authority! Buy our specialized filtration pitcher today to protect your family! MUST SEE SECRET! Mainstream media is HIDING this! Share this link before government censors delete this post! Code #50246.,News,"July 26, 2026"
SECRET LEAK: Time Traveler From Year 2099 Gives Horrifying Predictions For Next Month !!! (EXPOSED #248),A self-proclaimed time traveler who passed a lie detector test warns that major events will unfold next week! He claims to have brought back digital photos from the future showing flying cars and telepathy! MUST SEE SECRET! Mainstream media is HIDING this! Share this link before government censors delete this post! Code #50247.,Sensational,"July 26, 2026"
SCANDAL: Scientists Admit Earth Magnetic Field Will Reverse Tomorrow Morning !!! (EXPOSED #249),TOTAL CHAOS IMMINENT! Leaked reports from underground physics labs confirm Earth magnetic poles will flip upside down tomorrow morning causing electronics to explode! Stock up on gold immediately! MUST SEE SECRET! Mainstream media is HIDING this! Share this link before government censors delete this post! Code #50248.,Sensational,"July 26, 2026"
SHOCKING TRUTH: Hidden 13th Month Erased From Calendar By Secret Syndicate !!! (EXPOSED #250),ANCIENT CONSPIRACY EXPOSED! Historical documents prove emperors erased an entire month called Undecimber to charge extra interest on bank loans! Share this secret knowledge before censors take it down! MUST SEE SECRET! Mainstream media is HIDING this! Share this link before government censors delete this post! Code #50249.,News,"July 26, 2026"
SECRET SHOCK: Whistleblower Exposes Secret Mind Control Array in Satellite Dishes !!! (EXPOSED #251),SHOCKING SECRET revealed! Mainstream media won't tell you the truth! Insiders confirm secret government mind control chips are secretly broadcasting microwaves through everyday satellite dishes into your living room! Share this before it gets deleted! MUST SEE SECRET! Mainstream media is HIDING this! Share this link before government censors delete this post! Code #50250.,News,"July 24, 2026"
BOMBSHELL: Miracle Herb Cures All Diseases Overnight Doctors Don't Want You To Know !!! (EXPOSED #252),"Big Pharma is PANICKING! Top secret miracle Amazonian leaf completely cures diabetes, heart problems, and baldness in just 24 hours! Doctors are trying to ban this ancient remedy right now! Click here to order before supplies run out! MUST SEE SECRET! Mainstream media is HIDING this! Share this link before government censors delete this post! Code #50251.",Health,"July 25, 2026"
UNBELIEVABLE: Celebrity Replaced By Hologram During Live Television Broadcast !!! (EXPOSED #253),You won't believe your eyes! Hollywood A-lister was caught glitching on live TV proving they are actually a digital hologram operated by secret elites! Look closely at the hands in the video footage! MUST SEE VIDEO! MUST SEE SECRET! Mainstream media is HIDING this! Share this link before government censors delete this post! Code #50252.,Entertainment,"July 25, 2026"
EXPOSED: Alien Spacecraft Landed In Desert And Military Is Hiding Earth Engine !!! (EXPOSED #254),BREAKING NEWS! Former military general leaks secret coordinates of alien crash site! Engineers have reverse engineered anti-gravity fuel engines that generate infinite free electricity! Government coverup EXPOSED! MUST SEE SECRET! Mainstream media is HIDING this! Share this link before government censors delete this post! Code #50253.,Government,"July 26, 2026"
SCAM ALERT: Banks Will Freeze All Cash Accounts Next Week To Enforce Digital Currency !!! (EXPOSED #255),URGENT WARNING! Secret memo leaks financial elites plan to confiscate physical cash and force everyone into digital trackable tokens by next Monday! Withdraw all your savings immediately! PASS THIS ON! MUST SEE SECRET! Mainstream media is HIDING this! Share this link before government censors delete this post! Code #50254.,Finance,"July 26, 2026"
SHOCKING PROOF: Pyramids Were Built As Ancient Wireless Charging Stations For Giants !!! (EXPOSED #256),History books lied to you! Ancient golden energy crystals found under Egyptian ruins prove pyramids were massive power plants built by extraterrestrial giants thousands of years ago! Shocking truth revealed! MUST SEE SECRET! Mainstream media is HIDING this! Share this link before government censors delete this post! Code #50255.,History,"July 26, 2026"
BOMBSHELL EVIDENCE: Drinking Water Contaminated With Mind-Altering Chemicals !!! (EXPOSED #257),WAKE UP PEOPLE! Secret lab tests reveal tap water contains mind control chemicals designed to make citizens submissive to authority! Buy our specialized filtration pitcher today to protect your family! MUST SEE SECRET! Mainstream media is HIDING this! Share this link before government censors delete this post! Code #50256.,News,"July 26, 2026"
SECRET LEAK: Time Traveler From Year 2099 Gives Horrifying Predictions For Next Month !!! (EXPOSED #258),A self-proclaimed time traveler who passed a lie detector test warns that major events will unfold next week! He claims to have brought back digital photos from the future showing flying cars and telepathy! MUST SEE SECRET! Mainstream media is HIDING this! Share this link before government censors delete this post! Code #50257.,Sensational,"July 26, 2026"
SCANDAL: Scientists Admit Earth Magnetic Field Will Reverse Tomorrow Morning !!! (EXPOSED #259),TOTAL CHAOS IMMINENT! Leaked reports from underground physics labs confirm Earth magnetic poles will flip upside down tomorrow morning causing electronics to explode! Stock up on gold immediately! MUST SEE SECRET! Mainstream media is HIDING this! Share this link before government censors delete this post! Code #50258.,Sensational,"July 26, 2026"
SHOCKING TRUTH: Hidden 13th Month Erased From Calendar By Secret Syndicate !!! (EXPOSED #260),ANCIENT CONSPIRACY EXPOSED! Historical documents prove emperors erased an entire month called Undecimber to charge extra interest on bank loans! Share this secret knowledge before censors take it down! MUST SEE SECRET! Mainstream media is HIDING this! Share this link before government censors delete this post! Code #50259.,News,"July 26, 2026"
SECRET SHOCK: Whistleblower Exposes Secret Mind Control Array in Satellite Dishes !!! (EXPOSED #261),SHOCKING SECRET revealed! Mainstream media won't tell you the truth! Insiders confirm secret government mind control chips are secretly broadcasting microwaves through everyday satellite dishes into your living room! Share this before it gets deleted! MUST SEE SECRET! Mainstream media is HIDING this! Share this link before government censors delete this post! Code #50260.,News,"July 24, 2026"
BOMBSHELL: Miracle Herb Cures All Diseases Overnight Doctors Don't Want You To Know !!! (EXPOSED #262),"Big Pharma is PANICKING! Top secret miracle Amazonian leaf completely cures diabetes, heart problems, and baldness in just 24 hours! Doctors are trying to ban this ancient remedy right now! Click here to order before supplies run out! MUST SEE SECRET! Mainstream media is HIDING this! Share this link before government censors delete this post! Code #50261.",Health,"July 25, 2026"
UNBELIEVABLE: Celebrity Replaced By Hologram During Live Television Broadcast !!! (EXPOSED #263),You won't believe your eyes! Hollywood A-lister was caught glitching on live TV proving they are actually a digital hologram operated by secret elites! Look closely at the hands in the video footage! MUST SEE VIDEO! MUST SEE SECRET! Mainstream media is HIDING this! Share this link before government censors delete this post! Code #50262.,Entertainment,"July 25, 2026"
EXPOSED: Alien Spacecraft Landed In Desert And Military Is Hiding Earth Engine !!! (EXPOSED #264),BREAKING NEWS! Former military general leaks secret coordinates of alien crash site! Engineers have reverse engineered anti-gravity fuel engines that generate infinite free electricity! Government coverup EXPOSED! MUST SEE SECRET! Mainstream media is HIDING this! Share this link before government censors delete this post! Code #50263.,Government,"July 26, 2026"
SCAM ALERT: Banks Will Freeze All Cash Accounts Next Week To Enforce Digital Currency !!! (EXPOSED #265),URGENT WARNING! Secret memo leaks financial elites plan to confiscate physical cash and force everyone into digital trackable tokens by next Monday! Withdraw all your savings immediately! PASS THIS ON! MUST SEE SECRET! Mainstream media is HIDING this! Share this link before government censors delete this post! Code #50264.,Finance,"July 26, 2026"
SHOCKING PROOF: Pyramids Were Built As Ancient Wireless Charging Stations For Giants !!! (EXPOSED #266),History books lied to you! Ancient golden energy crystals found under Egyptian ruins prove pyramids were massive power plants built by extraterrestrial giants thousands of years ago! Shocking truth revealed! MUST SEE SECRET! Mainstream media is HIDING this! Share this link before government censors delete this post! Code #50265.,History,"July 26, 2026"
BOMBSHELL EVIDENCE: Drinking Water Contaminated With Mind-Altering Chemicals !!! (EXPOSED #267),WAKE UP PEOPLE! Secret lab tests reveal tap water contains mind control chemicals designed to make citizens submissive to authority! Buy our specialized filtration pitcher today to protect your family! MUST SEE SECRET! Mainstream media is HIDING this! Share this link before government censors delete this post! Code #50266.,News,"July 26, 2026"
SECRET LEAK: Time Traveler From Year 2099 Gives Horrifying Predictions For Next Month !!! (EXPOSED #268),A self-proclaimed time traveler who passed a lie detector test warns that major events will unfold next week! He claims to have brought back digital photos from the future showing flying cars and telepathy! MUST SEE SECRET! Mainstream media is HIDING this! Share this link before government censors delete this post! Code #50267.,Sensational,"July 26, 2026"
SCANDAL: Scientists Admit Earth Magnetic Field Will Reverse Tomorrow Morning !!! (EXPOSED #269),TOTAL CHAOS IMMINENT! Leaked reports from underground physics labs confirm Earth magnetic poles will flip upside down tomorrow morning causing electronics to explode! Stock up on gold immediately! MUST SEE SECRET! Mainstream media is HIDING this! Share this link before government censors delete this post! Code #50268.,Sensational,"July 26, 2026"
SHOCKING TRUTH: Hidden 13th Month Erased From Calendar By Secret Syndicate !!! (EXPOSED #270),ANCIENT CONSPIRACY EXPOSED! Historical documents prove emperors erased an entire month called Undecimber to charge extra interest on bank loans! Share this secret knowledge before censors take it down! MUST SEE SECRET! Mainstream media is HIDING this! Share this link before government censors delete this post! Code #50269.,News,"July 26, 2026"
SECRET SHOCK: Whistleblower Exposes Secret Mind Control Array in Satellite Dishes !!! (EXPOSED #271),SHOCKING SECRET revealed! Mainstream media won't tell you the truth! Insiders confirm secret government mind control chips are secretly broadcasting microwaves through everyday satellite dishes into your living room! Share this before it gets deleted! MUST SEE SECRET! Mainstream media is HIDING this! Share this link before government censors delete this post! Code #50270.,News,"July 24, 2026"
BOMBSHELL: Miracle Herb Cures All Diseases Overnight Doctors Don't Want You To Know !!! (EXPOSED #272),"Big Pharma is PANICKING! Top secret miracle Amazonian leaf completely cures diabetes, heart problems, and baldness in just 24 hours! Doctors are trying to ban this ancient remedy right now! Click here to order before supplies run out! MUST SEE SECRET! Mainstream media is HIDING this! Share this link before government censors delete this post! Code #50271.",Health,"July 25, 2026"
UNBELIEVABLE: Celebrity Replaced By Hologram During Live Television Broadcast !!! (EXPOSED #273),You won't believe your eyes! Hollywood A-lister was caught glitching on live TV proving they are actually a digital hologram operated by secret elites! Look closely at the hands in the video footage! MUST SEE VIDEO! MUST SEE SECRET! Mainstream media is HIDING this! Share this link before government censors delete this post! Code #50272.,Entertainment,"July 25, 2026"
EXPOSED: Alien Spacecraft Landed In Desert And Military Is Hiding Earth Engine !!! (EXPOSED #274),BREAKING NEWS! Former military general leaks secret coordinates of alien crash site! Engineers have reverse engineered anti-gravity fuel engines that generate infinite free electricity! Government coverup EXPOSED! MUST SEE SECRET! Mainstream media is HIDING this! Share this link before government censors delete this post! Code #50273.,Government,"July 26, 2026"
SCAM ALERT: Banks Will Freeze All Cash Accounts Next Week To Enforce Digital Currency !!! (EXPOSED #275),URGENT WARNING! Secret memo leaks financial elites plan to confiscate physical cash and force everyone into digital trackable tokens by next Monday! Withdraw all your savings immediately! PASS THIS ON! MUST SEE SECRET! Mainstream media is HIDING this! Share this link before government censors delete this post! Code #50274.,Finance,"July 26, 2026"
SHOCKING PROOF: Pyramids Were Built As Ancient Wireless Charging Stations For Giants !!! (EXPOSED #276),History books lied to you! Ancient golden energy crystals found under Egyptian ruins prove pyramids were massive power plants built by extraterrestrial giants thousands of years ago! Shocking truth revealed! MUST SEE SECRET! Mainstream media is HIDING this! Share this link before government censors delete this post! Code #50275.,History,"July 26, 2026"
BOMBSHELL EVIDENCE: Drinking Water Contaminated With Mind-Altering Chemicals !!! (EXPOSED #277),WAKE UP PEOPLE! Secret lab tests reveal tap water contains mind control chemicals designed to make citizens submissive to authority! Buy our specialized filtration pitcher today to protect your family! MUST SEE SECRET! Mainstream media is HIDING this! Share this link before government censors delete this post! Code #50276.,News,"July 26, 2026"
SECRET LEAK: Time Traveler From Year 2099 Gives Horrifying Predictions For Next Month !!! (EXPOSED #278),A self-proclaimed time traveler who passed a lie detector test warns that major events will unfold next week! He claims to have brought back digital photos from the future showing flying cars and telepathy! MUST SEE SECRET! Mainstream media is HIDING this! Share this link before government censors delete this post! Code #50277.,Sensational,"July 26, 2026"
SCANDAL: Scientists Admit Earth Magnetic Field Will Reverse Tomorrow Morning !!! (EXPOSED #279),TOTAL CHAOS IMMINENT! Leaked reports from underground physics labs confirm Earth magnetic poles will flip upside down tomorrow morning causing electronics to explode! Stock up on gold immediately! MUST SEE SECRET! Mainstream media is HIDING this! Share this link before government censors delete this post! Code #50278.,Sensational,"July 26, 2026"
SHOCKING TRUTH: Hidden 13th Month Erased From Calendar By Secret Syndicate !!! (EXPOSED #280),ANCIENT CONSPIRACY EXPOSED! Historical documents prove emperors erased an entire month called Undecimber to charge extra interest on bank loans! Share this secret knowledge before censors take it down! MUST SEE SECRET! Mainstream media is HIDING this! Share this link before government censors delete this post! Code #50279.,News,"July 26, 2026"
SECRET SHOCK: Whistleblower Exposes Secret Mind Control Array in Satellite Dishes !!! (EXPOSED #281),SHOCKING SECRET revealed! Mainstream media won't tell you the truth! Insiders confirm secret government mind control chips are secretly broadcasting microwaves through everyday satellite dishes into your living room! Share this before it gets deleted! MUST SEE SECRET! Mainstream media is HIDING this! Share this link before government censors delete this post! Code #50280.,News,"July 24, 2026"
BOMBSHELL: Miracle Herb Cures All Diseases Overnight Doctors Don't Want You To Know !!! (EXPOSED #282),"Big Pharma is PANICKING! Top secret miracle Amazonian leaf completely cures diabetes, heart problems, and baldness in just 24 hours! Doctors are trying to ban this ancient remedy right now! Click here to order before supplies run out! MUST SEE SECRET! Mainstream media is HIDING this! Share this link before government censors delete this post! Code #50281.",Health,"July 25, 2026"
UNBELIEVABLE: Celebrity Replaced By Hologram During Live Television Broadcast !!! (EXPOSED #283),You won't believe your eyes! Hollywood A-lister was caught glitching on live TV proving they are actually a digital hologram operated by secret elites! Look closely at the hands in the video footage! MUST SEE VIDEO! MUST SEE SECRET! Mainstream media is HIDING this! Share this link before government censors delete this post! Code #50282.,Entertainment,"July 25, 2026"
EXPOSED: Alien Spacecraft Landed In Desert And Military Is Hiding Earth Engine !!! (EXPOSED #284),BREAKING NEWS! Former military general leaks secret coordinates of alien crash site! Engineers have reverse engineered anti-gravity fuel engines that generate infinite free electricity! Government coverup EXPOSED! MUST SEE SECRET! Mainstream media is HIDING this! Share this link before government censors delete this post! Code #50283.,Government,"July 26, 2026"
SCAM ALERT: Banks Will Freeze All Cash Accounts Next Week To Enforce Digital Currency !!! (EXPOSED #285),URGENT WARNING! Secret memo leaks financial elites plan to confiscate physical cash and force everyone into digital trackable tokens by next Monday! Withdraw all your savings immediately! PASS THIS ON! MUST SEE SECRET! Mainstream media is HIDING this! Share this link before government censors delete this post! Code #50284.,Finance,"July 26, 2026"
SHOCKING PROOF: Pyramids Were Built As Ancient Wireless Charging Stations For Giants !!! (EXPOSED #286),History books lied to you! Ancient golden energy crystals found under Egyptian ruins prove pyramids were massive power plants built by extraterrestrial giants thousands of years ago! Shocking truth revealed! MUST SEE SECRET! Mainstream media is HIDING this! Share this link before government censors delete this post! Code #50285.,History,"July 26, 2026"
BOMBSHELL EVIDENCE: Drinking Water Contaminated With Mind-Altering Chemicals !!! (EXPOSED #287),WAKE UP PEOPLE! Secret lab tests reveal tap water contains mind control chemicals designed to make citizens submissive to authority! Buy our specialized filtration pitcher today to protect your family! MUST SEE SECRET! Mainstream media is HIDING this! Share this link before government censors delete this post! Code #50286.,News,"July 26, 2026"
SECRET LEAK: Time Traveler From Year 2099 Gives Horrifying Predictions For Next Month !!! (EXPOSED #288),A self-proclaimed time traveler who passed a lie detector test warns that major events will unfold next week! He claims to have brought back digital photos from the future showing flying cars and telepathy! MUST SEE SECRET! Mainstream media is HIDING this! Share this link before government censors delete this post! Code #50287.,Sensational,"July 26, 2026"
SCANDAL: Scientists Admit Earth Magnetic Field Will Reverse Tomorrow Morning !!! (EXPOSED #289),TOTAL CHAOS IMMINENT! Leaked reports from underground physics labs confirm Earth magnetic poles will flip upside down tomorrow morning causing electronics to explode! Stock up on gold immediately! MUST SEE SECRET! Mainstream media is HIDING this! Share this link before government censors delete this post! Code #50288.,Sensational,"July 26, 2026"
SHOCKING TRUTH: Hidden 13th Month Erased From Calendar By Secret Syndicate !!! (EXPOSED #290),ANCIENT CONSPIRACY EXPOSED! Historical documents prove emperors erased an entire month called Undecimber to charge extra interest on bank loans! Share this secret knowledge before censors take it down! MUST SEE SECRET! Mainstream media is HIDING this! Share this link before government censors delete this post! Code #50289.,News,"July 26, 2026"
SECRET SHOCK: Whistleblower Exposes Secret Mind Control Array in Satellite Dishes !!! (EXPOSED #291),SHOCKING SECRET revealed! Mainstream media won't tell you the truth! Insiders confirm secret government mind control chips are secretly broadcasting microwaves through everyday satellite dishes into your living room! Share this before it gets deleted! MUST SEE SECRET! Mainstream media is HIDING this! Share this link before government censors delete this post! Code #50290.,News,"July 24, 2026"
BOMBSHELL: Miracle Herb Cures All Diseases Overnight Doctors Don't Want You To Know !!! (EXPOSED #292),"Big Pharma is PANICKING! Top secret miracle Amazonian leaf completely cures diabetes, heart problems, and baldness in just 24 hours! Doctors are trying to ban this ancient remedy right now! Click here to order before supplies run out! MUST SEE SECRET! Mainstream media is HIDING this! Share this link before government censors delete this post! Code #50291.",Health,"July 25, 2026"
UNBELIEVABLE: Celebrity Replaced By Hologram During Live Television Broadcast !!! (EXPOSED #293),You won't believe your eyes! Hollywood A-lister was caught glitching on live TV proving they are actually a digital hologram operated by secret elites! Look closely at the hands in the video footage! MUST SEE VIDEO! MUST SEE SECRET! Mainstream media is HIDING this! Share this link before government censors delete this post! Code #50292.,Entertainment,"July 25, 2026"
EXPOSED: Alien Spacecraft Landed In Desert And Military Is Hiding Earth Engine !!! (EXPOSED #294),BREAKING NEWS! Former military general leaks secret coordinates of alien crash site! Engineers have reverse engineered anti-gravity fuel engines that generate infinite free electricity! Government coverup EXPOSED! MUST SEE SECRET! Mainstream media is HIDING this! Share this link before government censors delete this post! Code #50293.,Government,"July 26, 2026"
SCAM ALERT: Banks Will Freeze All Cash Accounts Next Week To Enforce Digital Currency !!! (EXPOSED #295),URGENT WARNING! Secret memo leaks financial elites plan to confiscate physical cash and force everyone into digital trackable tokens by next Monday! Withdraw all your savings immediately! PASS THIS ON! MUST SEE SECRET! Mainstream media is HIDING this! Share this link before government censors delete this post! Code #50294.,Finance,"July 26, 2026"
SHOCKING PROOF: Pyramids Were Built As Ancient Wireless Charging Stations For Giants !!! (EXPOSED #296),History books lied to you! Ancient golden energy crystals found under Egyptian ruins prove pyramids were massive power plants built by extraterrestrial giants thousands of years ago! Shocking truth revealed! MUST SEE SECRET! Mainstream media is HIDING this! Share this link before government censors delete this post! Code #50295.,History,"July 26, 2026"
BOMBSHELL EVIDENCE: Drinking Water Contaminated With Mind-Altering Chemicals !!! (EXPOSED #297),WAKE UP PEOPLE! Secret lab tests reveal tap water contains mind control chemicals designed to make citizens submissive to authority! Buy our specialized filtration pitcher today to protect your family! MUST SEE SECRET! Mainstream media is HIDING this! Share this link before government censors delete this post! Code #50296.,News,"July 26, 2026"
SECRET LEAK: Time Traveler From Year 2099 Gives Horrifying Predictions For Next Month !!! (EXPOSED #298),A self-proclaimed time traveler who passed a lie detector test warns that major events will unfold next week! He claims to have brought back digital photos from the future showing flying cars and telepathy! MUST SEE SECRET! Mainstream media is HIDING this! Share this link before government censors delete this post! Code #50297.,Sensational,"July 26, 2026"
SCANDAL: Scientists Admit Earth Magnetic Field Will Reverse Tomorrow Morning !!! (EXPOSED #299),TOTAL CHAOS IMMINENT! Leaked reports from underground physics labs confirm Earth magnetic poles will flip upside down tomorrow morning causing electronics to explode! Stock up on gold immediately! MUST SEE SECRET! Mainstream media is HIDING this! Share this link before government censors delete this post! Code #50298.,Sensational,"July 26, 2026"
SHOCKING TRUTH: Hidden 13th Month Erased From Calendar By Secret Syndicate !!! (EXPOSED #300),ANCIENT CONSPIRACY EXPOSED! Historical documents prove emperors erased an entire month called Undecimber to charge extra interest on bank loans! Share this secret knowledge before censors take it down! MUST SEE SECRET! Mainstream media is HIDING this! Share this link before government censors delete this post! Code #50299.,News,"July 26, 2026"
SECRET SHOCK: Whistleblower Exposes Secret Mind Control Array in Satellite Dishes !!! (EXPOSED #301),SHOCKING SECRET revealed! Mainstream media won't tell you the truth! Insiders confirm secret government mind control chips are secretly broadcasting microwaves through everyday satellite dishes into your living room! Share this before it gets deleted! MUST SEE SECRET! Mainstream media is HIDING this! Share this link before government censors delete this post! Code #50300.,News,"July 24, 2026"
BOMBSHELL: Miracle Herb Cures All Diseases Overnight Doctors Don't Want You To Know !!! (EXPOSED #302),"Big Pharma is PANICKING! Top secret miracle Amazonian leaf completely cures diabetes, heart problems, and baldness in just 24 hours! Doctors are trying to ban this ancient remedy right now! Click here to order before supplies run out! MUST SEE SECRET! Mainstream media is HIDING this! Share this link before government censors delete this post! Code #50301.",Health,"July 25, 2026"
UNBELIEVABLE: Celebrity Replaced By Hologram During Live Television Broadcast !!! (EXPOSED #303),You won't believe your eyes! Hollywood A-lister was caught glitching on live TV proving they are actually a digital hologram operated by secret elites! Look closely at the hands in the video footage! MUST SEE VIDEO! MUST SEE SECRET! Mainstream media is HIDING this! Share this link before government censors delete this post! Code #50302.,Entertainment,"July 25, 2026"
EXPOSED: Alien Spacecraft Landed In Desert And Military Is Hiding Earth Engine !!! (EXPOSED #304),BREAKING NEWS! Former military general leaks secret coordinates of alien crash site! Engineers have reverse engineered anti-gravity fuel engines that generate infinite free electricity! Government coverup EXPOSED! MUST SEE SECRET! Mainstream media is HIDING this! Share this link before government censors delete this post! Code #50303.,Government,"July 26, 2026"
SCAM ALERT: Banks Will Freeze All Cash Accounts Next Week To Enforce Digital Currency !!! (EXPOSED #305),URGENT WARNING! Secret memo leaks financial elites plan to confiscate physical cash and force everyone into digital trackable tokens by next Monday! Withdraw all your savings immediately! PASS THIS ON! MUST SEE SECRET! Mainstream media is HIDING this! Share this link before government censors delete this post! Code #50304.,Finance,"July 26, 2026"
SHOCKING PROOF: Pyramids Were Built As Ancient Wireless Charging Stations For Giants !!! (EXPOSED #306),History books lied to you! Ancient golden energy crystals found under Egyptian ruins prove pyramids were massive power plants built by extraterrestrial giants thousands of years ago! Shocking truth revealed! MUST SEE SECRET! Mainstream media is HIDING this! Share this link before government censors delete this post! Code #50305.,History,"July 26, 2026"
BOMBSHELL EVIDENCE: Drinking Water Contaminated With Mind-Altering Chemicals !!! (EXPOSED #307),WAKE UP PEOPLE! Secret lab tests reveal tap water contains mind control chemicals designed to make citizens submissive to authority! Buy our specialized filtration pitcher today to protect your family! MUST SEE SECRET! Mainstream media is HIDING this! Share this link before government censors delete this post! Code #50306.,News,"July 26, 2026"
SECRET LEAK: Time Traveler From Year 2099 Gives Horrifying Predictions For Next Month !!! (EXPOSED #308),A self-proclaimed time traveler who passed a lie detector test warns that major events will unfold next week! He claims to have brought back digital photos from the future showing flying cars and telepathy! MUST SEE SECRET! Mainstream media is HIDING this! Share this link before government censors delete this post! Code #50307.,Sensational,"July 26, 2026"
SCANDAL: Scientists Admit Earth Magnetic Field Will Reverse Tomorrow Morning !!! (EXPOSED #309),TOTAL CHAOS IMMINENT! Leaked reports from underground physics labs confirm Earth magnetic poles will flip upside down tomorrow morning causing electronics to explode! Stock up on gold immediately! MUST SEE SECRET! Mainstream media is HIDING this! Share this link before government censors delete this post! Code #50308.,Sensational,"July 26, 2026"
SHOCKING TRUTH: Hidden 13th Month Erased From Calendar By Secret Syndicate !!! (EXPOSED #310),ANCIENT CONSPIRACY EXPOSED! Historical documents prove emperors erased an entire month called Undecimber to charge extra interest on bank loans! Share this secret knowledge before censors take it down! MUST SEE SECRET! Mainstream media is HIDING this! Share this link before government censors delete this post! Code #50309.,News,"July 26, 2026"
SECRET SHOCK: Whistleblower Exposes Secret Mind Control Array in Satellite Dishes !!! (EXPOSED #311),SHOCKING SECRET revealed! Mainstream media won't tell you the truth! Insiders confirm secret government mind control chips are secretly broadcasting microwaves through everyday satellite dishes into your living room! Share this before it gets deleted! MUST SEE SECRET! Mainstream media is HIDING this! Share this link before government censors delete this post! Code #50310.,News,"July 24, 2026"
BOMBSHELL: Miracle Herb Cures All Diseases Overnight Doctors Don't Want You To Know !!! (EXPOSED #312),"Big Pharma is PANICKING! Top secret miracle Amazonian leaf completely cures diabetes, heart problems, and baldness in just 24 hours! Doctors are trying to ban this ancient remedy right now! Click here to order before supplies run out! MUST SEE SECRET! Mainstream media is HIDING this! Share this link before government censors delete this post! Code #50311.",Health,"July 25, 2026"
UNBELIEVABLE: Celebrity Replaced By Hologram During Live Television Broadcast !!! (EXPOSED #313),You won't believe your eyes! Hollywood A-lister was caught glitching on live TV proving they are actually a digital hologram operated by secret elites! Look closely at the hands in the video footage! MUST SEE VIDEO! MUST SEE SECRET! Mainstream media is HIDING this! Share this link before government censors delete this post! Code #50312.,Entertainment,"July 25, 2026"
EXPOSED: Alien Spacecraft Landed In Desert And Military Is Hiding Earth Engine !!! (EXPOSED #314),BREAKING NEWS! Former military general leaks secret coordinates of alien crash site! Engineers have reverse engineered anti-gravity fuel engines that generate infinite free electricity! Government coverup EXPOSED! MUST SEE SECRET! Mainstream media is HIDING this! Share this link before government censors delete this post! Code #50313.,Government,"July 26, 2026"
SCAM ALERT: Banks Will Freeze All Cash Accounts Next Week To Enforce Digital Currency !!! (EXPOSED #315),URGENT WARNING! Secret memo leaks financial elites plan to confiscate physical cash and force everyone into digital trackable tokens by next Monday! Withdraw all your savings immediately! PASS THIS ON! MUST SEE SECRET! Mainstream media is HIDING this! Share this link before government censors delete this post! Code #50314.,Finance,"July 26, 2026"
SHOCKING PROOF: Pyramids Were Built As Ancient Wireless Charging Stations For Giants !!! (EXPOSED #316),History books lied to you! Ancient golden energy crystals found under Egyptian ruins prove pyramids were massive power plants built by extraterrestrial giants thousands of years ago! Shocking truth revealed! MUST SEE SECRET! Mainstream media is HIDING this! Share this link before government censors delete this post! Code #50315.,History,"July 26, 2026"
BOMBSHELL EVIDENCE: Drinking Water Contaminated With Mind-Altering Chemicals !!! (EXPOSED #317),WAKE UP PEOPLE! Secret lab tests reveal tap water contains mind control chemicals designed to make citizens submissive to authority! Buy our specialized filtration pitcher today to protect your family! MUST SEE SECRET! Mainstream media is HIDING this! Share this link before government censors delete this post! Code #50316.,News,"July 26, 2026"
SECRET LEAK: Time Traveler From Year 2099 Gives Horrifying Predictions For Next Month !!! (EXPOSED #318),A self-proclaimed time traveler who passed a lie detector test warns that major events will unfold next week! He claims to have brought back digital photos from the future showing flying cars and telepathy! MUST SEE SECRET! Mainstream media is HIDING this! Share this link before government censors delete this post! Code #50317.,Sensational,"July 26, 2026"
SCANDAL: Scientists Admit Earth Magnetic Field Will Reverse Tomorrow Morning !!! (EXPOSED #319),TOTAL CHAOS IMMINENT! Leaked reports from underground physics labs confirm Earth magnetic poles will flip upside down tomorrow morning causing electronics to explode! Stock up on gold immediately! MUST SEE SECRET! Mainstream media is HIDING this! Share this link before government censors delete this post! Code #50318.,Sensational,"July 26, 2026"
SHOCKING TRUTH: Hidden 13th Month Erased From Calendar By Secret Syndicate !!! (EXPOSED #320),ANCIENT CONSPIRACY EXPOSED! Historical documents prove emperors erased an entire month called Undecimber to charge extra interest on bank loans! Share this secret knowledge before censors take it down! MUST SEE SECRET! Mainstream media is HIDING this! Share this link before government censors delete this post! Code #50319.,News,"July 26, 2026"
SECRET SHOCK: Whistleblower Exposes Secret Mind Control Array in Satellite Dishes !!! (EXPOSED #321),SHOCKING SECRET revealed! Mainstream media won't tell you the truth! Insiders confirm secret government mind control chips are secretly broadcasting microwaves through everyday satellite dishes into your living room! Share this before it gets deleted! MUST SEE SECRET! Mainstream media is HIDING this! Share this link before government censors delete this post! Code #50320.,News,"July 24, 2026"
BOMBSHELL: Miracle Herb Cures All Diseases Overnight Doctors Don't Want You To Know !!! (EXPOSED #322),"Big Pharma is PANICKING! Top secret miracle Amazonian leaf completely cures diabetes, heart problems, and baldness in just 24 hours! Doctors are trying to ban this ancient remedy right now! Click here to order before supplies run out! MUST SEE SECRET! Mainstream media is HIDING this! Share this link before government censors delete this post! Code #50321.",Health,"July 25, 2026"
UNBELIEVABLE: Celebrity Replaced By Hologram During Live Television Broadcast !!! (EXPOSED #323),You won't believe your eyes! Hollywood A-lister was caught glitching on live TV proving they are actually a digital hologram operated by secret elites! Look closely at the hands in the video footage! MUST SEE VIDEO! MUST SEE SECRET! Mainstream media is HIDING this! Share this link before government censors delete this post! Code #50322.,Entertainment,"July 25, 2026"
EXPOSED: Alien Spacecraft Landed In Desert And Military Is Hiding Earth Engine !!! (EXPOSED #324),BREAKING NEWS! Former military general leaks secret coordinates of alien crash site! Engineers have reverse engineered anti-gravity fuel engines that generate infinite free electricity! Government coverup EXPOSED! MUST SEE SECRET! Mainstream media is HIDING this! Share this link before government censors delete this post! Code #50323.,Government,"July 26, 2026"
SCAM ALERT: Banks Will Freeze All Cash Accounts Next Week To Enforce Digital Currency !!! (EXPOSED #325),URGENT WARNING! Secret memo leaks financial elites plan to confiscate physical cash and force everyone into digital trackable tokens by next Monday! Withdraw all your savings immediately! PASS THIS ON! MUST SEE SECRET! Mainstream media is HIDING this! Share this link before government censors delete this post! Code #50324.,Finance,"July 26, 2026"
SHOCKING PROOF: Pyramids Were Built As Ancient Wireless Charging Stations For Giants !!! (EXPOSED #326),History books lied to you! Ancient golden energy crystals found under Egyptian ruins prove pyramids were massive power plants built by extraterrestrial giants thousands of years ago! Shocking truth revealed! MUST SEE SECRET! Mainstream media is HIDING this! Share this link before government censors delete this post! Code #50325.,History,"July 26, 2026"
BOMBSHELL EVIDENCE: Drinking Water Contaminated With Mind-Altering Chemicals !!! (EXPOSED #327),WAKE UP PEOPLE! Secret lab tests reveal tap water contains mind control chemicals designed to make citizens submissive to authority! Buy our specialized filtration pitcher today to protect your family! MUST SEE SECRET! Mainstream media is HIDING this! Share this link before government censors delete this post! Code #50326.,News,"July 26, 2026"
SECRET LEAK: Time Traveler From Year 2099 Gives Horrifying Predictions For Next Month !!! (EXPOSED #328),A self-proclaimed time traveler who passed a lie detector test warns that major events will unfold next week! He claims to have brought back digital photos from the future showing flying cars and telepathy! MUST SEE SECRET! Mainstream media is HIDING this! Share this link before government censors delete this post! Code #50327.,Sensational,"July 26, 2026"
SCANDAL: Scientists Admit Earth Magnetic Field Will Reverse Tomorrow Morning !!! (EXPOSED #329),TOTAL CHAOS IMMINENT! Leaked reports from underground physics labs confirm Earth magnetic poles will flip upside down tomorrow morning causing electronics to explode! Stock up on gold immediately! MUST SEE SECRET! Mainstream media is HIDING this! Share this link before government censors delete this post! Code #50328.,Sensational,"July 26, 2026"
SHOCKING TRUTH: Hidden 13th Month Erased From Calendar By Secret Syndicate !!! (EXPOSED #330),ANCIENT CONSPIRACY EXPOSED! Historical documents prove emperors erased an entire month called Undecimber to charge extra interest on bank loans! Share this secret knowledge before censors take it down! MUST SEE SECRET! Mainstream media is HIDING this! Share this link before government censors delete this post! Code #50329.,News,"July 26, 2026"
SECRET SHOCK: Whistleblower Exposes Secret Mind Control Array in Satellite Dishes !!! (EXPOSED #331),SHOCKING SECRET revealed! Mainstream media won't tell you the truth! Insiders confirm secret government mind control chips are secretly broadcasting microwaves through everyday satellite dishes into your living room! Share this before it gets deleted! MUST SEE SECRET! Mainstream media is HIDING this! Share this link before government censors delete this post! Code #50330.,News,"July 24, 2026"
BOMBSHELL: Miracle Herb Cures All Diseases Overnight Doctors Don't Want You To Know !!! (EXPOSED #332),"Big Pharma is PANICKING! Top secret miracle Amazonian leaf completely cures diabetes, heart problems, and baldness in just 24 hours! Doctors are trying to ban this ancient remedy right now! Click here to order before supplies run out! MUST SEE SECRET! Mainstream media is HIDING this! Share this link before government censors delete this post! Code #50331.",Health,"July 25, 2026"
UNBELIEVABLE: Celebrity Replaced By Hologram During Live Television Broadcast !!! (EXPOSED #333),You won't believe your eyes! Hollywood A-lister was caught glitching on live TV proving they are actually a digital hologram operated by secret elites! Look closely at the hands in the video footage! MUST SEE VIDEO! MUST SEE SECRET! Mainstream media is HIDING this! Share this link before government censors delete this post! Code #50332.,Entertainment,"July 25, 2026"
EXPOSED: Alien Spacecraft Landed In Desert And Military Is Hiding Earth Engine !!! (EXPOSED #334),BREAKING NEWS! Former military general leaks secret coordinates of alien crash site! Engineers have reverse engineered anti-gravity fuel engines that generate infinite free electricity! Government coverup EXPOSED! MUST SEE SECRET! Mainstream media is HIDING this! Share this link before government censors delete this post! Code #50333.,Government,"July 26, 2026"
SCAM ALERT: Banks Will Freeze All Cash Accounts Next Week To Enforce Digital Currency !!! (EXPOSED #335),URGENT WARNING! Secret memo leaks financial elites plan to confiscate physical cash and force everyone into digital trackable tokens by next Monday! Withdraw all your savings immediately! PASS THIS ON! MUST SEE SECRET! Mainstream media is HIDING this! Share this link before government censors delete this post! Code #50334.,Finance,"July 26, 2026"
SHOCKING PROOF: Pyramids Were Built As Ancient Wireless Charging Stations For Giants !!! (EXPOSED #336),History books lied to you! Ancient golden energy crystals found under Egyptian ruins prove pyramids were massive power plants built by extraterrestrial giants thousands of years ago! Shocking truth revealed! MUST SEE SECRET! Mainstream media is HIDING this! Share this link before government censors delete this post! Code #50335.,History,"July 26, 2026"
BOMBSHELL EVIDENCE: Drinking Water Contaminated With Mind-Altering Chemicals !!! (EXPOSED #337),WAKE UP PEOPLE! Secret lab tests reveal tap water contains mind control chemicals designed to make citizens submissive to authority! Buy our specialized filtration pitcher today to protect your family! MUST SEE SECRET! Mainstream media is HIDING this! Share this link before government censors delete this post! Code #50336.,News,"July 26, 2026"
SECRET LEAK: Time Traveler From Year 2099 Gives Horrifying Predictions For Next Month !!! (EXPOSED #338),A self-proclaimed time traveler who passed a lie detector test warns that major events will unfold next week! He claims to have brought back digital photos from the future showing flying cars and telepathy! MUST SEE SECRET! Mainstream media is HIDING this! Share this link before government censors delete this post! Code #50337.,Sensational,"July 26, 2026"
SCANDAL: Scientists Admit Earth Magnetic Field Will Reverse Tomorrow Morning !!! (EXPOSED #339),TOTAL CHAOS IMMINENT! Leaked reports from underground physics labs confirm Earth magnetic poles will flip upside down tomorrow morning causing electronics to explode! Stock up on gold immediately! MUST SEE SECRET! Mainstream media is HIDING this! Share this link before government censors delete this post! Code #50338.,Sensational,"July 26, 2026"
SHOCKING TRUTH: Hidden 13th Month Erased From Calendar By Secret Syndicate !!! (EXPOSED #340),ANCIENT CONSPIRACY EXPOSED! Historical documents prove emperors erased an entire month called Undecimber to charge extra interest on bank loans! Share this secret knowledge before censors take it down! MUST SEE SECRET! Mainstream media is HIDING this! Share this link before government censors delete this post! Code #50339.,News,"July 26, 2026"
SECRET SHOCK: Whistleblower Exposes Secret Mind Control Array in Satellite Dishes !!! (EXPOSED #341),SHOCKING SECRET revealed! Mainstream media won't tell you the truth! Insiders confirm secret government mind control chips are secretly broadcasting microwaves through everyday satellite dishes into your living room! Share this before it gets deleted! MUST SEE SECRET! Mainstream media is HIDING this! Share this link before government censors delete this post! Code #50340.,News,"July 24, 2026"
BOMBSHELL: Miracle Herb Cures All Diseases Overnight Doctors Don't Want You To Know !!! (EXPOSED #342),"Big Pharma is PANICKING! Top secret miracle Amazonian leaf completely cures diabetes, heart problems, and baldness in just 24 hours! Doctors are trying to ban this ancient remedy right now! Click here to order before supplies run out! MUST SEE SECRET! Mainstream media is HIDING this! Share this link before government censors delete this post! Code #50341.",Health,"July 25, 2026"
UNBELIEVABLE: Celebrity Replaced By Hologram During Live Television Broadcast !!! (EXPOSED #343),You won't believe your eyes! Hollywood A-lister was caught glitching on live TV proving they are actually a digital hologram operated by secret elites! Look closely at the hands in the video footage! MUST SEE VIDEO! MUST SEE SECRET! Mainstream media is HIDING this! Share this link before government censors delete this post! Code #50342.,Entertainment,"July 25, 2026"
EXPOSED: Alien Spacecraft Landed In Desert And Military Is Hiding Earth Engine !!! (EXPOSED #344),BREAKING NEWS! Former military general leaks secret coordinates of alien crash site! Engineers have reverse engineered anti-gravity fuel engines that generate infinite free electricity! Government coverup EXPOSED! MUST SEE SECRET! Mainstream media is HIDING this! Share this link before government censors delete this post! Code #50343.,Government,"July 26, 2026"
SCAM ALERT: Banks Will Freeze All Cash Accounts Next Week To Enforce Digital Currency !!! (EXPOSED #345),URGENT WARNING! Secret memo leaks financial elites plan to confiscate physical cash and force everyone into digital trackable tokens by next Monday! Withdraw all your savings immediately! PASS THIS ON! MUST SEE SECRET! Mainstream media is HIDING this! Share this link before government censors delete this post! Code #50344.,Finance,"July 26, 2026"
SHOCKING PROOF: Pyramids Were Built As Ancient Wireless Charging Stations For Giants !!! (EXPOSED #346),History books lied to you! Ancient golden energy crystals found under Egyptian ruins prove pyramids were massive power plants built by extraterrestrial giants thousands of years ago! Shocking truth revealed! MUST SEE SECRET! Mainstream media is HIDING this! Share this link before government censors delete this post! Code #50345.,History,"July 26, 2026"
BOMBSHELL EVIDENCE: Drinking Water Contaminated With Mind-Altering Chemicals !!! (EXPOSED #347),WAKE UP PEOPLE! Secret lab tests reveal tap water contains mind control chemicals designed to make citizens submissive to authority! Buy our specialized filtration pitcher today to protect your family! MUST SEE SECRET! Mainstream media is HIDING this! Share this link before government censors delete this post! Code #50346.,News,"July 26, 2026"
SECRET LEAK: Time Traveler From Year 2099 Gives Horrifying Predictions For Next Month !!! (EXPOSED #348),A self-proclaimed time traveler who passed a lie detector test warns that major events will unfold next week! He claims to have brought back digital photos from the future showing flying cars and telepathy! MUST SEE SECRET! Mainstream media is HIDING this! Share this link before government censors delete this post! Code #50347.,Sensational,"July 26, 2026"
SCANDAL: Scientists Admit Earth Magnetic Field Will Reverse Tomorrow Morning !!! (EXPOSED #349),TOTAL CHAOS IMMINENT! Leaked reports from underground physics labs confirm Earth magnetic poles will flip upside down tomorrow morning causing electronics to explode! Stock up on gold immediately! MUST SEE SECRET! Mainstream media is HIDING this! Share this link before government censors delete this post! Code #50348.,Sensational,"July 26, 2026"
SHOCKING TRUTH: Hidden 13th Month Erased From Calendar By Secret Syndicate !!! (EXPOSED #350),ANCIENT CONSPIRACY EXPOSED! Historical documents prove emperors erased an entire month called Undecimber to charge extra interest on bank loans! Share this secret knowledge before censors take it down! MUST SEE SECRET! Mainstream media is HIDING this! Share this link before government censors delete this post! Code #50349.,News,"July 26, 2026"
SECRET SHOCK: Whistleblower Exposes Secret Mind Control Array in Satellite Dishes !!! (EXPOSED #351),SHOCKING SECRET revealed! Mainstream media won't tell you the truth! Insiders confirm secret government mind control chips are secretly broadcasting microwaves through everyday satellite dishes into your living room! Share this before it gets deleted! MUST SEE SECRET! Mainstream media is HIDING this! Share this link before government censors delete this post! Code #50350.,News,"July 24, 2026"
BOMBSHELL: Miracle Herb Cures All Diseases Overnight Doctors Don't Want You To Know !!! (EXPOSED #352),"Big Pharma is PANICKING! Top secret miracle Amazonian leaf completely cures diabetes, heart problems, and baldness in just 24 hours! Doctors are trying to ban this ancient remedy right now! Click here to order before supplies run out! MUST SEE SECRET! Mainstream media is HIDING this! Share this link before government censors delete this post! Code #50351.",Health,"July 25, 2026"
UNBELIEVABLE: Celebrity Replaced By Hologram During Live Television Broadcast !!! (EXPOSED #353),You won't believe your eyes! Hollywood A-lister was caught glitching on live TV proving they are actually a digital hologram operated by secret elites! Look closely at the hands in the video footage! MUST SEE VIDEO! MUST SEE SECRET! Mainstream media is HIDING this! Share this link before government censors delete this post! Code #50352.,Entertainment,"July 25, 2026"
EXPOSED: Alien Spacecraft Landed In Desert And Military Is Hiding Earth Engine !!! (EXPOSED #354),BREAKING NEWS! Former military general leaks secret coordinates of alien crash site! Engineers have reverse engineered anti-gravity fuel engines that generate infinite free electricity! Government coverup EXPOSED! MUST SEE SECRET! Mainstream media is HIDING this! Share this link before government censors delete this post! Code #50353.,Government,"July 26, 2026"
SCAM ALERT: Banks Will Freeze All Cash Accounts Next Week To Enforce Digital Currency !!! (EXPOSED #355),URGENT WARNING! Secret memo leaks financial elites plan to confiscate physical cash and force everyone into digital trackable tokens by next Monday! Withdraw all your savings immediately! PASS THIS ON! MUST SEE SECRET! Mainstream media is HIDING this! Share this link before government censors delete this post! Code #50354.,Finance,"July 26, 2026"
SHOCKING PROOF: Pyramids Were Built As Ancient Wireless Charging Stations For Giants !!! (EXPOSED #356),History books lied to you! Ancient golden energy crystals found under Egyptian ruins prove pyramids were massive power plants built by extraterrestrial giants thousands of years ago! Shocking truth revealed! MUST SEE SECRET! Mainstream media is HIDING this! Share this link before government censors delete this post! Code #50355.,History,"July 26, 2026"
BOMBSHELL EVIDENCE: Drinking Water Contaminated With Mind-Altering Chemicals !!! (EXPOSED #357),WAKE UP PEOPLE! Secret lab tests reveal tap water contains mind control chemicals designed to make citizens submissive to authority! Buy our specialized filtration pitcher today to protect your family! MUST SEE SECRET! Mainstream media is HIDING this! Share this link before government censors delete this post! Code #50356.,News,"July 26, 2026"
SECRET LEAK: Time Traveler From Year 2099 Gives Horrifying Predictions For Next Month !!! (EXPOSED #358),A self-proclaimed time traveler who passed a lie detector test warns that major events will unfold next week! He claims to have brought back digital photos from the future showing flying cars and telepathy! MUST SEE SECRET! Mainstream media is HIDING this! Share this link before government censors delete this post! Code #50357.,Sensational,"July 26, 2026"
SCANDAL: Scientists Admit Earth Magnetic Field Will Reverse Tomorrow Morning !!! (EXPOSED #359),TOTAL CHAOS IMMINENT! Leaked reports from underground physics labs confirm Earth magnetic poles will flip upside down tomorrow morning causing electronics to explode! Stock up on gold immediately! MUST SEE SECRET! Mainstream media is HIDING this! Share this link before government censors delete this post! Code #50358.,Sensational,"July 26, 2026"
SHOCKING TRUTH: Hidden 13th Month Erased From Calendar By Secret Syndicate !!! (EXPOSED #360),ANCIENT CONSPIRACY EXPOSED! Historical documents prove emperors erased an entire month called Undecimber to charge extra interest on bank loans! Share this secret knowledge before censors take it down! MUST SEE SECRET! Mainstream media is HIDING this! Share this link before government censors delete this post! Code #50359.,News,"July 26, 2026"
SECRET SHOCK: Whistleblower Exposes Secret Mind Control Array in Satellite Dishes !!! (EXPOSED #361),SHOCKING SECRET revealed! Mainstream media won't tell you the truth! Insiders confirm secret government mind control chips are secretly broadcasting microwaves through everyday satellite dishes into your living room! Share this before it gets deleted! MUST SEE SECRET! Mainstream media is HIDING this! Share this link before government censors delete this post! Code #50360.,News,"July 24, 2026"
BOMBSHELL: Miracle Herb Cures All Diseases Overnight Doctors Don't Want You To Know !!! (EXPOSED #362),"Big Pharma is PANICKING! Top secret miracle Amazonian leaf completely cures diabetes, heart problems, and baldness in just 24 hours! Doctors are trying to ban this ancient remedy right now! Click here to order before supplies run out! MUST SEE SECRET! Mainstream media is HIDING this! Share this link before government censors delete this post! Code #50361.",Health,"July 25, 2026"
UNBELIEVABLE: Celebrity Replaced By Hologram During Live Television Broadcast !!! (EXPOSED #363),You won't believe your eyes! Hollywood A-lister was caught glitching on live TV proving they are actually a digital hologram operated by secret elites! Look closely at the hands in the video footage! MUST SEE VIDEO! MUST SEE SECRET! Mainstream media is HIDING this! Share this link before government censors delete this post! Code #50362.,Entertainment,"July 25, 2026"
EXPOSED: Alien Spacecraft Landed In Desert And Military Is Hiding Earth Engine !!! (EXPOSED #364),BREAKING NEWS! Former military general leaks secret coordinates of alien crash site! Engineers have reverse engineered anti-gravity fuel engines that generate infinite free electricity! Government coverup EXPOSED! MUST SEE SECRET! Mainstream media is HIDING this! Share this link before government censors delete this post! Code #50363.,Government,"July 26, 2026"
SCAM ALERT: Banks Will Freeze All Cash Accounts Next Week To Enforce Digital Currency !!! (EXPOSED #365),URGENT WARNING! Secret memo leaks financial elites plan to confiscate physical cash and force everyone into digital trackable tokens by next Monday! Withdraw all your savings immediately! PASS THIS ON! MUST SEE SECRET! Mainstream media is HIDING this! Share this link before government censors delete this post! Code #50364.,Finance,"July 26, 2026"
SHOCKING PROOF: Pyramids Were Built As Ancient Wireless Charging Stations For Giants !!! (EXPOSED #366),History books lied to you! Ancient golden energy crystals found under Egyptian ruins prove pyramids were massive power plants built by extraterrestrial giants thousands of years ago! Shocking truth revealed! MUST SEE SECRET! Mainstream media is HIDING this! Share this link before government censors delete this post! Code #50365.,History,"July 26, 2026"
BOMBSHELL EVIDENCE: Drinking Water Contaminated With Mind-Altering Chemicals !!! (EXPOSED #367),WAKE UP PEOPLE! Secret lab tests reveal tap water contains mind control chemicals designed to make citizens submissive to authority! Buy our specialized filtration pitcher today to protect your family! MUST SEE SECRET! Mainstream media is HIDING this! Share this link before government censors delete this post! Code #50366.,News,"July 26, 2026"
SECRET LEAK: Time Traveler From Year 2099 Gives Horrifying Predictions For Next Month !!! (EXPOSED #368),A self-proclaimed time traveler who passed a lie detector test warns that major events will unfold next week! He claims to have brought back digital photos from the future showing flying cars and telepathy! MUST SEE SECRET! Mainstream media is HIDING this! Share this link before government censors delete this post! Code #50367.,Sensational,"July 26, 2026"
SCANDAL: Scientists Admit Earth Magnetic Field Will Reverse Tomorrow Morning !!! (EXPOSED #369),TOTAL CHAOS IMMINENT! Leaked reports from underground physics labs confirm Earth magnetic poles will flip upside down tomorrow morning causing electronics to explode! Stock up on gold immediately! MUST SEE SECRET! Mainstream media is HIDING this! Share this link before government censors delete this post! Code #50368.,Sensational,"July 26, 2026"
SHOCKING TRUTH: Hidden 13th Month Erased From Calendar By Secret Syndicate !!! (EXPOSED #370),ANCIENT CONSPIRACY EXPOSED! Historical documents prove emperors erased an entire month called Undecimber to charge extra interest on bank loans! Share this secret knowledge before censors take it down! MUST SEE SECRET! Mainstream media is HIDING this! Share this link before government censors delete this post! Code #50369.,News,"July 26, 2026"
SECRET SHOCK: Whistleblower Exposes Secret Mind Control Array in Satellite Dishes !!! (EXPOSED #371),SHOCKING SECRET revealed! Mainstream media won't tell you the truth! Insiders confirm secret government mind control chips are secretly broadcasting microwaves through everyday satellite dishes into your living room! Share this before it gets deleted! MUST SEE SECRET! Mainstream media is HIDING this! Share this link before government censors delete this post! Code #50370.,News,"July 24, 2026"
BOMBSHELL: Miracle Herb Cures All Diseases Overnight Doctors Don't Want You To Know !!! (EXPOSED #372),"Big Pharma is PANICKING! Top secret miracle Amazonian leaf completely cures diabetes, heart problems, and baldness in just 24 hours! Doctors are trying to ban this ancient remedy right now! Click here to order before supplies run out! MUST SEE SECRET! Mainstream media is HIDING this! Share this link before government censors delete this post! Code #50371.",Health,"July 25, 2026"
UNBELIEVABLE: Celebrity Replaced By Hologram During Live Television Broadcast !!! (EXPOSED #373),You won't believe your eyes! Hollywood A-lister was caught glitching on live TV proving they are actually a digital hologram operated by secret elites! Look closely at the hands in the video footage! MUST SEE VIDEO! MUST SEE SECRET! Mainstream media is HIDING this! Share this link before government censors delete this post! Code #50372.,Entertainment,"July 25, 2026"
EXPOSED: Alien Spacecraft Landed In Desert And Military Is Hiding Earth Engine !!! (EXPOSED #374),BREAKING NEWS! Former military general leaks secret coordinates of alien crash site! Engineers have reverse engineered anti-gravity fuel engines that generate infinite free electricity! Government coverup EXPOSED! MUST SEE SECRET! Mainstream media is HIDING this! Share this link before government censors delete this post! Code #50373.,Government,"July 26, 2026"
SCAM ALERT: Banks Will Freeze All Cash Accounts Next Week To Enforce Digital Currency !!! (EXPOSED #375),URGENT WARNING! Secret memo leaks financial elites plan to confiscate physical cash and force everyone into digital trackable tokens by next Monday! Withdraw all your savings immediately! PASS THIS ON! MUST SEE SECRET! Mainstream media is HIDING this! Share this link before government censors delete this post! Code #50374.,Finance,"July 26, 2026"
SHOCKING PROOF: Pyramids Were Built As Ancient Wireless Charging Stations For Giants !!! (EXPOSED #376),History books lied to you! Ancient golden energy crystals found under Egyptian ruins prove pyramids were massive power plants built by extraterrestrial giants thousands of years ago! Shocking truth revealed! MUST SEE SECRET! Mainstream media is HIDING this! Share this link before government censors delete this post! Code #50375.,History,"July 26, 2026"
BOMBSHELL EVIDENCE: Drinking Water Contaminated With Mind-Altering Chemicals !!! (EXPOSED #377),WAKE UP PEOPLE! Secret lab tests reveal tap water contains mind control chemicals designed to make citizens submissive to authority! Buy our specialized filtration pitcher today to protect your family! MUST SEE SECRET! Mainstream media is HIDING this! Share this link before government censors delete this post! Code #50376.,News,"July 26, 2026"
SECRET LEAK: Time Traveler From Year 2099 Gives Horrifying Predictions For Next Month !!! (EXPOSED #378),A self-proclaimed time traveler who passed a lie detector test warns that major events will unfold next week! He claims to have brought back digital photos from the future showing flying cars and telepathy! MUST SEE SECRET! Mainstream media is HIDING this! Share this link before government censors delete this post! Code #50377.,Sensational,"July 26, 2026"
SCANDAL: Scientists Admit Earth Magnetic Field Will Reverse Tomorrow Morning !!! (EXPOSED #379),TOTAL CHAOS IMMINENT! Leaked reports from underground physics labs confirm Earth magnetic poles will flip upside down tomorrow morning causing electronics to explode! Stock up on gold immediately! MUST SEE SECRET! Mainstream media is HIDING this! Share this link before government censors delete this post! Code #50378.,Sensational,"July 26, 2026"
SHOCKING TRUTH: Hidden 13th Month Erased From Calendar By Secret Syndicate !!! (EXPOSED #380),ANCIENT CONSPIRACY EXPOSED! Historical documents prove emperors erased an entire month called Undecimber to charge extra interest on bank loans! Share this secret knowledge before censors take it down! MUST SEE SECRET! Mainstream media is HIDING this! Share this link before government censors delete this post! Code #50379.,News,"July 26, 2026"
SECRET SHOCK: Whistleblower Exposes Secret Mind Control Array in Satellite Dishes !!! (EXPOSED #381),SHOCKING SECRET revealed! Mainstream media won't tell you the truth! Insiders confirm secret government mind control chips are secretly broadcasting microwaves through everyday satellite dishes into your living room! Share this before it gets deleted! MUST SEE SECRET! Mainstream media is HIDING this! Share this link before government censors delete this post! Code #50380.,News,"July 24, 2026"
BOMBSHELL: Miracle Herb Cures All Diseases Overnight Doctors Don't Want You To Know !!! (EXPOSED #382),"Big Pharma is PANICKING! Top secret miracle Amazonian leaf completely cures diabetes, heart problems, and baldness in just 24 hours! Doctors are trying to ban this ancient remedy right now! Click here to order before supplies run out! MUST SEE SECRET! Mainstream media is HIDING this! Share this link before government censors delete this post! Code #50381.",Health,"July 25, 2026"
UNBELIEVABLE: Celebrity Replaced By Hologram During Live Television Broadcast !!! (EXPOSED #383),You won't believe your eyes! Hollywood A-lister was caught glitching on live TV proving they are actually a digital hologram operated by secret elites! Look closely at the hands in the video footage! MUST SEE VIDEO! MUST SEE SECRET! Mainstream media is HIDING this! Share this link before government censors delete this post! Code #50382.,Entertainment,"July 25, 2026"
EXPOSED: Alien Spacecraft Landed In Desert And Military Is Hiding Earth Engine !!! (EXPOSED #384),BREAKING NEWS! Former military general leaks secret coordinates of alien crash site! Engineers have reverse engineered anti-gravity fuel engines that generate infinite free electricity! Government coverup EXPOSED! MUST SEE SECRET! Mainstream media is HIDING this! Share this link before government censors delete this post! Code #50383.,Government,"July 26, 2026"
SCAM ALERT: Banks Will Freeze All Cash Accounts Next Week To Enforce Digital Currency !!! (EXPOSED #385),URGENT WARNING! Secret memo leaks financial elites plan to confiscate physical cash and force everyone into digital trackable tokens by next Monday! Withdraw all your savings immediately! PASS THIS ON! MUST SEE SECRET! Mainstream media is HIDING this! Share this link before government censors delete this post! Code #50384.,Finance,"July 26, 2026"
SHOCKING PROOF: Pyramids Were Built As Ancient Wireless Charging Stations For Giants !!! (EXPOSED #386),History books lied to you! Ancient golden energy crystals found under Egyptian ruins prove pyramids were massive power plants built by extraterrestrial giants thousands of years ago! Shocking truth revealed! MUST SEE SECRET! Mainstream media is HIDING this! Share this link before government censors delete this post! Code #50385.,History,"July 26, 2026"
BOMBSHELL EVIDENCE: Drinking Water Contaminated With Mind-Altering Chemicals !!! (EXPOSED #387),WAKE UP PEOPLE! Secret lab tests reveal tap water contains mind control chemicals designed to make citizens submissive to authority! Buy our specialized filtration pitcher today to protect your family! MUST SEE SECRET! Mainstream media is HIDING this! Share this link before government censors delete this post! Code #50386.,News,"July 26, 2026"
SECRET LEAK: Time Traveler From Year 2099 Gives Horrifying Predictions For Next Month !!! (EXPOSED #388),A self-proclaimed time traveler who passed a lie detector test warns that major events will unfold next week! He claims to have brought back digital photos from the future showing flying cars and telepathy! MUST SEE SECRET! Mainstream media is HIDING this! Share this link before government censors delete this post! Code #50387.,Sensational,"July 26, 2026"
SCANDAL: Scientists Admit Earth Magnetic Field Will Reverse Tomorrow Morning !!! (EXPOSED #389),TOTAL CHAOS IMMINENT! Leaked reports from underground physics labs confirm Earth magnetic poles will flip upside down tomorrow morning causing electronics to explode! Stock up on gold immediately! MUST SEE SECRET! Mainstream media is HIDING this! Share this link before government censors delete this post! Code #50388.,Sensational,"July 26, 2026"
SHOCKING TRUTH: Hidden 13th Month Erased From Calendar By Secret Syndicate !!! (EXPOSED #390),ANCIENT CONSPIRACY EXPOSED! Historical documents prove emperors erased an entire month called Undecimber to charge extra interest on bank loans! Share this secret knowledge before censors take it down! MUST SEE SECRET! Mainstream media is HIDING this! Share this link before government censors delete this post! Code #50389.,News,"July 26, 2026"
SECRET SHOCK: Whistleblower Exposes Secret Mind Control Array in Satellite Dishes !!! (EXPOSED #391),SHOCKING SECRET revealed! Mainstream media won't tell you the truth! Insiders confirm secret government mind control chips are secretly broadcasting microwaves through everyday satellite dishes into your living room! Share this before it gets deleted! MUST SEE SECRET! Mainstream media is HIDING this! Share this link before government censors delete this post! Code #50390.,News,"July 24, 2026"
BOMBSHELL: Miracle Herb Cures All Diseases Overnight Doctors Don't Want You To Know !!! (EXPOSED #392),"Big Pharma is PANICKING! Top secret miracle Amazonian leaf completely cures diabetes, heart problems, and baldness in just 24 hours! Doctors are trying to ban this ancient remedy right now! Click here to order before supplies run out! MUST SEE SECRET! Mainstream media is HIDING this! Share this link before government censors delete this post! Code #50391.",Health,"July 25, 2026"
UNBELIEVABLE: Celebrity Replaced By Hologram During Live Television Broadcast !!! (EXPOSED #393),You won't believe your eyes! Hollywood A-lister was caught glitching on live TV proving they are actually a digital hologram operated by secret elites! Look closely at the hands in the video footage! MUST SEE VIDEO! MUST SEE SECRET! Mainstream media is HIDING this! Share this link before government censors delete this post! Code #50392.,Entertainment,"July 25, 2026"
EXPOSED: Alien Spacecraft Landed In Desert And Military Is Hiding Earth Engine !!! (EXPOSED #394),BREAKING NEWS! Former military general leaks secret coordinates of alien crash site! Engineers have reverse engineered anti-gravity fuel engines that generate infinite free electricity! Government coverup EXPOSED! MUST SEE SECRET! Mainstream media is HIDING this! Share this link before government censors delete this post! Code #50393.,Government,"July 26, 2026"
SCAM ALERT: Banks Will Freeze All Cash Accounts Next Week To Enforce Digital Currency !!! (EXPOSED #395),URGENT WARNING! Secret memo leaks financial elites plan to confiscate physical cash and force everyone into digital trackable tokens by next Monday! Withdraw all your savings immediately! PASS THIS ON! MUST SEE SECRET! Mainstream media is HIDING this! Share this link before government censors delete this post! Code #50394.,Finance,"July 26, 2026"
SHOCKING PROOF: Pyramids Were Built As Ancient Wireless Charging Stations For Giants !!! (EXPOSED #396),History books lied to you! Ancient golden energy crystals found under Egyptian ruins prove pyramids were massive power plants built by extraterrestrial giants thousands of years ago! Shocking truth revealed! MUST SEE SECRET! Mainstream media is HIDING this! Share this link before government censors delete this post! Code #50395.,History,"July 26, 2026"
BOMBSHELL EVIDENCE: Drinking Water Contaminated With Mind-Altering Chemicals !!! (EXPOSED #397),WAKE UP PEOPLE! Secret lab tests reveal tap water contains mind control chemicals designed to make citizens submissive to authority! Buy our specialized filtration pitcher today to protect your family! MUST SEE SECRET! Mainstream media is HIDING this! Share this link before government censors delete this post! Code #50396.,News,"July 26, 2026"
SECRET LEAK: Time Traveler From Year 2099 Gives Horrifying Predictions For Next Month !!! (EXPOSED #398),A self-proclaimed time traveler who passed a lie detector test warns that major events will unfold next week! He claims to have brought back digital photos from the future showing flying cars and telepathy! MUST SEE SECRET! Mainstream media is HIDING this! Share this link before government censors delete this post! Code #50397.,Sensational,"July 26, 2026"
SCANDAL: Scientists Admit Earth Magnetic Field Will Reverse Tomorrow Morning !!! (EXPOSED #399),TOTAL CHAOS IMMINENT! Leaked reports from underground physics labs confirm Earth magnetic poles will flip upside down tomorrow morning causing electronics to explode! Stock up on gold immediately! MUST SEE SECRET! Mainstream media is HIDING this! Share this link before government censors delete this post! Code #50398.,Sensational,"July 26, 2026"
SHOCKING TRUTH: Hidden 13th Month Erased From Calendar By Secret Syndicate !!! (EXPOSED #400),ANCIENT CONSPIRACY EXPOSED! Historical documents prove emperors erased an entire month called Undecimber to charge extra interest on bank loans! Share this secret knowledge before censors take it down! MUST SEE SECRET! Mainstream media is HIDING this! Share this link before government censors delete this post! Code #50399.,News,"July 26, 2026"
SECRET SHOCK: Whistleblower Exposes Secret Mind Control Array in Satellite Dishes !!! (EXPOSED #401),SHOCKING SECRET revealed! Mainstream media won't tell you the truth! Insiders confirm secret government mind control chips are secretly broadcasting microwaves through everyday satellite dishes into your living room! Share this before it gets deleted! MUST SEE SECRET! Mainstream media is HIDING this! Share this link before government censors delete this post! Code #50400.,News,"July 24, 2026"
BOMBSHELL: Miracle Herb Cures All Diseases Overnight Doctors Don't Want You To Know !!! (EXPOSED #402),"Big Pharma is PANICKING! Top secret miracle Amazonian leaf completely cures diabetes, heart problems, and baldness in just 24 hours! Doctors are trying to ban this ancient remedy right now! Click here to order before supplies run out! MUST SEE SECRET! Mainstream media is HIDING this! Share this link before government censors delete this post! Code #50401.",Health,"July 25, 2026"
UNBELIEVABLE: Celebrity Replaced By Hologram During Live Television Broadcast !!! (EXPOSED #403),You won't believe your eyes! Hollywood A-lister was caught glitching on live TV proving they are actually a digital hologram operated by secret elites! Look closely at the hands in the video footage! MUST SEE VIDEO! MUST SEE SECRET! Mainstream media is HIDING this! Share this link before government censors delete this post! Code #50402.,Entertainment,"July 25, 2026"
EXPOSED: Alien Spacecraft Landed In Desert And Military Is Hiding Earth Engine !!! (EXPOSED #404),BREAKING NEWS! Former military general leaks secret coordinates of alien crash site! Engineers have reverse engineered anti-gravity fuel engines that generate infinite free electricity! Government coverup EXPOSED! MUST SEE SECRET! Mainstream media is HIDING this! Share this link before government censors delete this post! Code #50403.,Government,"July 26, 2026"
SCAM ALERT: Banks Will Freeze All Cash Accounts Next Week To Enforce Digital Currency !!! (EXPOSED #405),URGENT WARNING! Secret memo leaks financial elites plan to confiscate physical cash and force everyone into digital trackable tokens by next Monday! Withdraw all your savings immediately! PASS THIS ON! MUST SEE SECRET! Mainstream media is HIDING this! Share this link before government censors delete this post! Code #50404.,Finance,"July 26, 2026"
SHOCKING PROOF: Pyramids Were Built As Ancient Wireless Charging Stations For Giants !!! (EXPOSED #406),History books lied to you! Ancient golden energy crystals found under Egyptian ruins prove pyramids were massive power plants built by extraterrestrial giants thousands of years ago! Shocking truth revealed! MUST SEE SECRET! Mainstream media is HIDING this! Share this link before government censors delete this post! Code #50405.,History,"July 26, 2026"
BOMBSHELL EVIDENCE: Drinking Water Contaminated With Mind-Altering Chemicals !!! (EXPOSED #407),WAKE UP PEOPLE! Secret lab tests reveal tap water contains mind control chemicals designed to make citizens submissive to authority! Buy our specialized filtration pitcher today to protect your family! MUST SEE SECRET! Mainstream media is HIDING this! Share this link before government censors delete this post! Code #50406.,News,"July 26, 2026"
SECRET LEAK: Time Traveler From Year 2099 Gives Horrifying Predictions For Next Month !!! (EXPOSED #408),A self-proclaimed time traveler who passed a lie detector test warns that major events will unfold next week! He claims to have brought back digital photos from the future showing flying cars and telepathy! MUST SEE SECRET! Mainstream media is HIDING this! Share this link before government censors delete this post! Code #50407.,Sensational,"July 26, 2026"
SCANDAL: Scientists Admit Earth Magnetic Field Will Reverse Tomorrow Morning !!! (EXPOSED #409),TOTAL CHAOS IMMINENT! Leaked reports from underground physics labs confirm Earth magnetic poles will flip upside down tomorrow morning causing electronics to explode! Stock up on gold immediately! MUST SEE SECRET! Mainstream media is HIDING this! Share this link before government censors delete this post! Code #50408.,Sensational,"July 26, 2026"
SHOCKING TRUTH: Hidden 13th Month Erased From Calendar By Secret Syndicate !!! (EXPOSED #410),ANCIENT CONSPIRACY EXPOSED! Historical documents prove emperors erased an entire month called Undecimber to charge extra interest on bank loans! Share this secret knowledge before censors take it down! MUST SEE SECRET! Mainstream media is HIDING this! Share this link before government censors delete this post! Code #50409.,News,"July 26, 2026"
SECRET SHOCK: Whistleblower Exposes Secret Mind Control Array in Satellite Dishes !!! (EXPOSED #411),SHOCKING SECRET revealed! Mainstream media won't tell you the truth! Insiders confirm secret government mind control chips are secretly broadcasting microwaves through everyday satellite dishes into your living room! Share this before it gets deleted! MUST SEE SECRET! Mainstream media is HIDING this! Share this link before government censors delete this post! Code #50410.,News,"July 24, 2026"
BOMBSHELL: Miracle Herb Cures All Diseases Overnight Doctors Don't Want You To Know !!! (EXPOSED #412),"Big Pharma is PANICKING! Top secret miracle Amazonian leaf completely cures diabetes, heart problems, and baldness in just 24 hours! Doctors are trying to ban this ancient remedy right now! Click here to order before supplies run out! MUST SEE SECRET! Mainstream media is HIDING this! Share this link before government censors delete this post! Code #50411.",Health,"July 25, 2026"
UNBELIEVABLE: Celebrity Replaced By Hologram During Live Television Broadcast !!! (EXPOSED #413),You won't believe your eyes! Hollywood A-lister was caught glitching on live TV proving they are actually a digital hologram operated by secret elites! Look closely at the hands in the video footage! MUST SEE VIDEO! MUST SEE SECRET! Mainstream media is HIDING this! Share this link before government censors delete this post! Code #50412.,Entertainment,"July 25, 2026"
EXPOSED: Alien Spacecraft Landed In Desert And Military Is Hiding Earth Engine !!! (EXPOSED #414),BREAKING NEWS! Former military general leaks secret coordinates of alien crash site! Engineers have reverse engineered anti-gravity fuel engines that generate infinite free electricity! Government coverup EXPOSED! MUST SEE SECRET! Mainstream media is HIDING this! Share this link before government censors delete this post! Code #50413.,Government,"July 26, 2026"
SCAM ALERT: Banks Will Freeze All Cash Accounts Next Week To Enforce Digital Currency !!! (EXPOSED #415),URGENT WARNING! Secret memo leaks financial elites plan to confiscate physical cash and force everyone into digital trackable tokens by next Monday! Withdraw all your savings immediately! PASS THIS ON! MUST SEE SECRET! Mainstream media is HIDING this! Share this link before government censors delete this post! Code #50414.,Finance,"July 26, 2026"
SHOCKING PROOF: Pyramids Were Built As Ancient Wireless Charging Stations For Giants !!! (EXPOSED #416),History books lied to you! Ancient golden energy crystals found under Egyptian ruins prove pyramids were massive power plants built by extraterrestrial giants thousands of years ago! Shocking truth revealed! MUST SEE SECRET! Mainstream media is HIDING this! Share this link before government censors delete this post! Code #50415.,History,"July 26, 2026"
BOMBSHELL EVIDENCE: Drinking Water Contaminated With Mind-Altering Chemicals !!! (EXPOSED #417),WAKE UP PEOPLE! Secret lab tests reveal tap water contains mind control chemicals designed to make citizens submissive to authority! Buy our specialized filtration pitcher today to protect your family! MUST SEE SECRET! Mainstream media is HIDING this! Share this link before government censors delete this post! Code #50416.,News,"July 26, 2026"
SECRET LEAK: Time Traveler From Year 2099 Gives Horrifying Predictions For Next Month !!! (EXPOSED #418),A self-proclaimed time traveler who passed a lie detector test warns that major events will unfold next week! He claims to have brought back digital photos from the future showing flying cars and telepathy! MUST SEE SECRET! Mainstream media is HIDING this! Share this link before government censors delete this post! Code #50417.,Sensational,"July 26, 2026"
SCANDAL: Scientists Admit Earth Magnetic Field Will Reverse Tomorrow Morning !!! (EXPOSED #419),TOTAL CHAOS IMMINENT! Leaked reports from underground physics labs confirm Earth magnetic poles will flip upside down tomorrow morning causing electronics to explode! Stock up on gold immediately! MUST SEE SECRET! Mainstream media is HIDING this! Share this link before government censors delete this post! Code #50418.,Sensational,"July 26, 2026"
SHOCKING TRUTH: Hidden 13th Month Erased From Calendar By Secret Syndicate !!! (EXPOSED #420),ANCIENT CONSPIRACY EXPOSED! Historical documents prove emperors erased an entire month called Undecimber to charge extra interest on bank loans! Share this secret knowledge before censors take it down! MUST SEE SECRET! Mainstream media is HIDING this! Share this link before government censors delete this post! Code #50419.,News,"July 26, 2026"
SECRET SHOCK: Whistleblower Exposes Secret Mind Control Array in Satellite Dishes !!! (EXPOSED #421),SHOCKING SECRET revealed! Mainstream media won't tell you the truth! Insiders confirm secret government mind control chips are secretly broadcasting microwaves through everyday satellite dishes into your living room! Share this before it gets deleted! MUST SEE SECRET! Mainstream media is HIDING this! Share this link before government censors delete this post! Code #50420.,News,"July 24, 2026"
BOMBSHELL: Miracle Herb Cures All Diseases Overnight Doctors Don't Want You To Know !!! (EXPOSED #422),"Big Pharma is PANICKING! Top secret miracle Amazonian leaf completely cures diabetes, heart problems, and baldness in just 24 hours! Doctors are trying to ban this ancient remedy right now! Click here to order before supplies run out! MUST SEE SECRET! Mainstream media is HIDING this! Share this link before government censors delete this post! Code #50421.",Health,"July 25, 2026"
UNBELIEVABLE: Celebrity Replaced By Hologram During Live Television Broadcast !!! (EXPOSED #423),You won't believe your eyes! Hollywood A-lister was caught glitching on live TV proving they are actually a digital hologram operated by secret elites! Look closely at the hands in the video footage! MUST SEE VIDEO! MUST SEE SECRET! Mainstream media is HIDING this! Share this link before government censors delete this post! Code #50422.,Entertainment,"July 25, 2026"
EXPOSED: Alien Spacecraft Landed In Desert And Military Is Hiding Earth Engine !!! (EXPOSED #424),BREAKING NEWS! Former military general leaks secret coordinates of alien crash site! Engineers have reverse engineered anti-gravity fuel engines that generate infinite free electricity! Government coverup EXPOSED! MUST SEE SECRET! Mainstream media is HIDING this! Share this link before government censors delete this post! Code #50423.,Government,"July 26, 2026"
SCAM ALERT: Banks Will Freeze All Cash Accounts Next Week To Enforce Digital Currency !!! (EXPOSED #425),URGENT WARNING! Secret memo leaks financial elites plan to confiscate physical cash and force everyone into digital trackable tokens by next Monday! Withdraw all your savings immediately! PASS THIS ON! MUST SEE SECRET! Mainstream media is HIDING this! Share this link before government censors delete this post! Code #50424.,Finance,"July 26, 2026"
SHOCKING PROOF: Pyramids Were Built As Ancient Wireless Charging Stations For Giants !!! (EXPOSED #426),History books lied to you! Ancient golden energy crystals found under Egyptian ruins prove pyramids were massive power plants built by extraterrestrial giants thousands of years ago! Shocking truth revealed! MUST SEE SECRET! Mainstream media is HIDING this! Share this link before government censors delete this post! Code #50425.,History,"July 26, 2026"
BOMBSHELL EVIDENCE: Drinking Water Contaminated With Mind-Altering Chemicals !!! (EXPOSED #427),WAKE UP PEOPLE! Secret lab tests reveal tap water contains mind control chemicals designed to make citizens submissive to authority! Buy our specialized filtration pitcher today to protect your family! MUST SEE SECRET! Mainstream media is HIDING this! Share this link before government censors delete this post! Code #50426.,News,"July 26, 2026"
SECRET LEAK: Time Traveler From Year 2099 Gives Horrifying Predictions For Next Month !!! (EXPOSED #428),A self-proclaimed time traveler who passed a lie detector test warns that major events will unfold next week! He claims to have brought back digital photos from the future showing flying cars and telepathy! MUST SEE SECRET! Mainstream media is HIDING this! Share this link before government censors delete this post! Code #50427.,Sensational,"July 26, 2026"
SCANDAL: Scientists Admit Earth Magnetic Field Will Reverse Tomorrow Morning !!! (EXPOSED #429),TOTAL CHAOS IMMINENT! Leaked reports from underground physics labs confirm Earth magnetic poles will flip upside down tomorrow morning causing electronics to explode! Stock up on gold immediately! MUST SEE SECRET! Mainstream media is HIDING this! Share this link before government censors delete this post! Code #50428.,Sensational,"July 26, 2026"
SHOCKING TRUTH: Hidden 13th Month Erased From Calendar By Secret Syndicate !!! (EXPOSED #430),ANCIENT CONSPIRACY EXPOSED! Historical documents prove emperors erased an entire month called Undecimber to charge extra interest on bank loans! Share this secret knowledge before censors take it down! MUST SEE SECRET! Mainstream media is HIDING this! Share this link before government censors delete this post! Code #50429.,News,"July 26, 2026"
SECRET SHOCK: Whistleblower Exposes Secret Mind Control Array in Satellite Dishes !!! (EXPOSED #431),SHOCKING SECRET revealed! Mainstream media won't tell you the truth! Insiders confirm secret government mind control chips are secretly broadcasting microwaves through everyday satellite dishes into your living room! Share this before it gets deleted! MUST SEE SECRET! Mainstream media is HIDING this! Share this link before government censors delete this post! Code #50430.,News,"July 24, 2026"
BOMBSHELL: Miracle Herb Cures All Diseases Overnight Doctors Don't Want You To Know !!! (EXPOSED #432),"Big Pharma is PANICKING! Top secret miracle Amazonian leaf completely cures diabetes, heart problems, and baldness in just 24 hours! Doctors are trying to ban this ancient remedy right now! Click here to order before supplies run out! MUST SEE SECRET! Mainstream media is HIDING this! Share this link before government censors delete this post! Code #50431.",Health,"July 25, 2026"
UNBELIEVABLE: Celebrity Replaced By Hologram During Live Television Broadcast !!! (EXPOSED #433),You won't believe your eyes! Hollywood A-lister was caught glitching on live TV proving they are actually a digital hologram operated by secret elites! Look closely at the hands in the video footage! MUST SEE VIDEO! MUST SEE SECRET! Mainstream media is HIDING this! Share this link before government censors delete this post! Code #50432.,Entertainment,"July 25, 2026"
EXPOSED: Alien Spacecraft Landed In Desert And Military Is Hiding Earth Engine !!! (EXPOSED #434),BREAKING NEWS! Former military general leaks secret coordinates of alien crash site! Engineers have reverse engineered anti-gravity fuel engines that generate infinite free electricity! Government coverup EXPOSED! MUST SEE SECRET! Mainstream media is HIDING this! Share this link before government censors delete this post! Code #50433.,Government,"July 26, 2026"
SCAM ALERT: Banks Will Freeze All Cash Accounts Next Week To Enforce Digital Currency !!! (EXPOSED #435),URGENT WARNING! Secret memo leaks financial elites plan to confiscate physical cash and force everyone into digital trackable tokens by next Monday! Withdraw all your savings immediately! PASS THIS ON! MUST SEE SECRET! Mainstream media is HIDING this! Share this link before government censors delete this post! Code #50434.,Finance,"July 26, 2026"
SHOCKING PROOF: Pyramids Were Built As Ancient Wireless Charging Stations For Giants !!! (EXPOSED #436),History books lied to you! Ancient golden energy crystals found under Egyptian ruins prove pyramids were massive power plants built by extraterrestrial giants thousands of years ago! Shocking truth revealed! MUST SEE SECRET! Mainstream media is HIDING this! Share this link before government censors delete this post! Code #50435.,History,"July 26, 2026"
BOMBSHELL EVIDENCE: Drinking Water Contaminated With Mind-Altering Chemicals !!! (EXPOSED #437),WAKE UP PEOPLE! Secret lab tests reveal tap water contains mind control chemicals designed to make citizens submissive to authority! Buy our specialized filtration pitcher today to protect your family! MUST SEE SECRET! Mainstream media is HIDING this! Share this link before government censors delete this post! Code #50436.,News,"July 26, 2026"
SECRET LEAK: Time Traveler From Year 2099 Gives Horrifying Predictions For Next Month !!! (EXPOSED #438),A self-proclaimed time traveler who passed a lie detector test warns that major events will unfold next week! He claims to have brought back digital photos from the future showing flying cars and telepathy! MUST SEE SECRET! Mainstream media is HIDING this! Share this link before government censors delete this post! Code #50437.,Sensational,"July 26, 2026"
SCANDAL: Scientists Admit Earth Magnetic Field Will Reverse Tomorrow Morning !!! (EXPOSED #439),TOTAL CHAOS IMMINENT! Leaked reports from underground physics labs confirm Earth magnetic poles will flip upside down tomorrow morning causing electronics to explode! Stock up on gold immediately! MUST SEE SECRET! Mainstream media is HIDING this! Share this link before government censors delete this post! Code #50438.,Sensational,"July 26, 2026"
SHOCKING TRUTH: Hidden 13th Month Erased From Calendar By Secret Syndicate !!! (EXPOSED #440),ANCIENT CONSPIRACY EXPOSED! Historical documents prove emperors erased an entire month called Undecimber to charge extra interest on bank loans! Share this secret knowledge before censors take it down! MUST SEE SECRET! Mainstream media is HIDING this! Share this link before government censors delete this post! Code #50439.,News,"July 26, 2026"
SECRET SHOCK: Whistleblower Exposes Secret Mind Control Array in Satellite Dishes !!! (EXPOSED #441),SHOCKING SECRET revealed! Mainstream media won't tell you the truth! Insiders confirm secret government mind control chips are secretly broadcasting microwaves through everyday satellite dishes into your living room! Share this before it gets deleted! MUST SEE SECRET! Mainstream media is HIDING this! Share this link before government censors delete this post! Code #50440.,News,"July 24, 2026"
BOMBSHELL: Miracle Herb Cures All Diseases Overnight Doctors Don't Want You To Know !!! (EXPOSED #442),"Big Pharma is PANICKING! Top secret miracle Amazonian leaf completely cures diabetes, heart problems, and baldness in just 24 hours! Doctors are trying to ban this ancient remedy right now! Click here to order before supplies run out! MUST SEE SECRET! Mainstream media is HIDING this! Share this link before government censors delete this post! Code #50441.",Health,"July 25, 2026"
UNBELIEVABLE: Celebrity Replaced By Hologram During Live Television Broadcast !!! (EXPOSED #443),You won't believe your eyes! Hollywood A-lister was caught glitching on live TV proving they are actually a digital hologram operated by secret elites! Look closely at the hands in the video footage! MUST SEE VIDEO! MUST SEE SECRET! Mainstream media is HIDING this! Share this link before government censors delete this post! Code #50442.,Entertainment,"July 25, 2026"
EXPOSED: Alien Spacecraft Landed In Desert And Military Is Hiding Earth Engine !!! (EXPOSED #444),BREAKING NEWS! Former military general leaks secret coordinates of alien crash site! Engineers have reverse engineered anti-gravity fuel engines that generate infinite free electricity! Government coverup EXPOSED! MUST SEE SECRET! Mainstream media is HIDING this! Share this link before government censors delete this post! Code #50443.,Government,"July 26, 2026"
SCAM ALERT: Banks Will Freeze All Cash Accounts Next Week To Enforce Digital Currency !!! (EXPOSED #445),URGENT WARNING! Secret memo leaks financial elites plan to confiscate physical cash and force everyone into digital trackable tokens by next Monday! Withdraw all your savings immediately! PASS THIS ON! MUST SEE SECRET! Mainstream media is HIDING this! Share this link before government censors delete this post! Code #50444.,Finance,"July 26, 2026"
SHOCKING PROOF: Pyramids Were Built As Ancient Wireless Charging Stations For Giants !!! (EXPOSED #446),History books lied to you! Ancient golden energy crystals found under Egyptian ruins prove pyramids were massive power plants built by extraterrestrial giants thousands of years ago! Shocking truth revealed! MUST SEE SECRET! Mainstream media is HIDING this! Share this link before government censors delete this post! Code #50445.,History,"July 26, 2026"
BOMBSHELL EVIDENCE: Drinking Water Contaminated With Mind-Altering Chemicals !!! (EXPOSED #447),WAKE UP PEOPLE! Secret lab tests reveal tap water contains mind control chemicals designed to make citizens submissive to authority! Buy our specialized filtration pitcher today to protect your family! MUST SEE SECRET! Mainstream media is HIDING this! Share this link before government censors delete this post! Code #50446.,News,"July 26, 2026"
SECRET LEAK: Time Traveler From Year 2099 Gives Horrifying Predictions For Next Month !!! (EXPOSED #448),A self-proclaimed time traveler who passed a lie detector test warns that major events will unfold next week! He claims to have brought back digital photos from the future showing flying cars and telepathy! MUST SEE SECRET! Mainstream media is HIDING this! Share this link before government censors delete this post! Code #50447.,Sensational,"July 26, 2026"
SCANDAL: Scientists Admit Earth Magnetic Field Will Reverse Tomorrow Morning !!! (EXPOSED #449),TOTAL CHAOS IMMINENT! Leaked reports from underground physics labs confirm Earth magnetic poles will flip upside down tomorrow morning causing electronics to explode! Stock up on gold immediately! MUST SEE SECRET! Mainstream media is HIDING this! Share this link before government censors delete this post! Code #50448.,Sensational,"July 26, 2026"
SHOCKING TRUTH: Hidden 13th Month Erased From Calendar By Secret Syndicate !!! (EXPOSED #450),ANCIENT CONSPIRACY EXPOSED! Historical documents prove emperors erased an entire month called Undecimber to charge extra interest on bank loans! Share this secret knowledge before censors take it down! MUST SEE SECRET! Mainstream media is HIDING this! Share this link before government censors delete this post! Code #50449.,News,"July 26, 2026"
SECRET SHOCK: Whistleblower Exposes Secret Mind Control Array in Satellite Dishes !!! (EXPOSED #451),SHOCKING SECRET revealed! Mainstream media won't tell you the truth! Insiders confirm secret government mind control chips are secretly broadcasting microwaves through everyday satellite dishes into your living room! Share this before it gets deleted! MUST SEE SECRET! Mainstream media is HIDING this! Share this link before government censors delete this post! Code #50450.,News,"July 24, 2026"
BOMBSHELL: Miracle Herb Cures All Diseases Overnight Doctors Don't Want You To Know !!! (EXPOSED #452),"Big Pharma is PANICKING! Top secret miracle Amazonian leaf completely cures diabetes, heart problems, and baldness in just 24 hours! Doctors are trying to ban this ancient remedy right now! Click here to order before supplies run out! MUST SEE SECRET! Mainstream media is HIDING this! Share this link before government censors delete this post! Code #50451.",Health,"July 25, 2026"
UNBELIEVABLE: Celebrity Replaced By Hologram During Live Television Broadcast !!! (EXPOSED #453),You won't believe your eyes! Hollywood A-lister was caught glitching on live TV proving they are actually a digital hologram operated by secret elites! Look closely at the hands in the video footage! MUST SEE VIDEO! MUST SEE SECRET! Mainstream media is HIDING this! Share this link before government censors delete this post! Code #50452.,Entertainment,"July 25, 2026"
EXPOSED: Alien Spacecraft Landed In Desert And Military Is Hiding Earth Engine !!! (EXPOSED #454),BREAKING NEWS! Former military general leaks secret coordinates of alien crash site! Engineers have reverse engineered anti-gravity fuel engines that generate infinite free electricity! Government coverup EXPOSED! MUST SEE SECRET! Mainstream media is HIDING this! Share this link before government censors delete this post! Code #50453.,Government,"July 26, 2026"
SCAM ALERT: Banks Will Freeze All Cash Accounts Next Week To Enforce Digital Currency !!! (EXPOSED #455),URGENT WARNING! Secret memo leaks financial elites plan to confiscate physical cash and force everyone into digital trackable tokens by next Monday! Withdraw all your savings immediately! PASS THIS ON! MUST SEE SECRET! Mainstream media is HIDING this! Share this link before government censors delete this post! Code #50454.,Finance,"July 26, 2026"
SHOCKING PROOF: Pyramids Were Built As Ancient Wireless Charging Stations For Giants !!! (EXPOSED #456),History books lied to you! Ancient golden energy crystals found under Egyptian ruins prove pyramids were massive power plants built by extraterrestrial giants thousands of years ago! Shocking truth revealed! MUST SEE SECRET! Mainstream media is HIDING this! Share this link before government censors delete this post! Code #50455.,History,"July 26, 2026"
BOMBSHELL EVIDENCE: Drinking Water Contaminated With Mind-Altering Chemicals !!! (EXPOSED #457),WAKE UP PEOPLE! Secret lab tests reveal tap water contains mind control chemicals designed to make citizens submissive to authority! Buy our specialized filtration pitcher today to protect your family! MUST SEE SECRET! Mainstream media is HIDING this! Share this link before government censors delete this post! Code #50456.,News,"July 26, 2026"
SECRET LEAK: Time Traveler From Year 2099 Gives Horrifying Predictions For Next Month !!! (EXPOSED #458),A self-proclaimed time traveler who passed a lie detector test warns that major events will unfold next week! He claims to have brought back digital photos from the future showing flying cars and telepathy! MUST SEE SECRET! Mainstream media is HIDING this! Share this link before government censors delete this post! Code #50457.,Sensational,"July 26, 2026"
SCANDAL: Scientists Admit Earth Magnetic Field Will Reverse Tomorrow Morning !!! (EXPOSED #459),TOTAL CHAOS IMMINENT! Leaked reports from underground physics labs confirm Earth magnetic poles will flip upside down tomorrow morning causing electronics to explode! Stock up on gold immediately! MUST SEE SECRET! Mainstream media is HIDING this! Share this link before government censors delete this post! Code #50458.,Sensational,"July 26, 2026"
SHOCKING TRUTH: Hidden 13th Month Erased From Calendar By Secret Syndicate !!! (EXPOSED #460),ANCIENT CONSPIRACY EXPOSED! Historical documents prove emperors erased an entire month called Undecimber to charge extra interest on bank loans! Share this secret knowledge before censors take it down! MUST SEE SECRET! Mainstream media is HIDING this! Share this link before government censors delete this post! Code #50459.,News,"July 26, 2026"
SECRET SHOCK: Whistleblower Exposes Secret Mind Control Array in Satellite Dishes !!! (EXPOSED #461),SHOCKING SECRET revealed! Mainstream media won't tell you the truth! Insiders confirm secret government mind control chips are secretly broadcasting microwaves through everyday satellite dishes into your living room! Share this before it gets deleted! MUST SEE SECRET! Mainstream media is HIDING this! Share this link before government censors delete this post! Code #50460.,News,"July 24, 2026"
BOMBSHELL: Miracle Herb Cures All Diseases Overnight Doctors Don't Want You To Know !!! (EXPOSED #462),"Big Pharma is PANICKING! Top secret miracle Amazonian leaf completely cures diabetes, heart problems, and baldness in just 24 hours! Doctors are trying to ban this ancient remedy right now! Click here to order before supplies run out! MUST SEE SECRET! Mainstream media is HIDING this! Share this link before government censors delete this post! Code #50461.",Health,"July 25, 2026"
UNBELIEVABLE: Celebrity Replaced By Hologram During Live Television Broadcast !!! (EXPOSED #463),You won't believe your eyes! Hollywood A-lister was caught glitching on live TV proving they are actually a digital hologram operated by secret elites! Look closely at the hands in the video footage! MUST SEE VIDEO! MUST SEE SECRET! Mainstream media is HIDING this! Share this link before government censors delete this post! Code #50462.,Entertainment,"July 25, 2026"
EXPOSED: Alien Spacecraft Landed In Desert And Military Is Hiding Earth Engine !!! (EXPOSED #464),BREAKING NEWS! Former military general leaks secret coordinates of alien crash site! Engineers have reverse engineered anti-gravity fuel engines that generate infinite free electricity! Government coverup EXPOSED! MUST SEE SECRET! Mainstream media is HIDING this! Share this link before government censors delete this post! Code #50463.,Government,"July 26, 2026"
SCAM ALERT: Banks Will Freeze All Cash Accounts Next Week To Enforce Digital Currency !!! (EXPOSED #465),URGENT WARNING! Secret memo leaks financial elites plan to confiscate physical cash and force everyone into digital trackable tokens by next Monday! Withdraw all your savings immediately! PASS THIS ON! MUST SEE SECRET! Mainstream media is HIDING this! Share this link before government censors delete this post! Code #50464.,Finance,"July 26, 2026"
SHOCKING PROOF: Pyramids Were Built As Ancient Wireless Charging Stations For Giants !!! (EXPOSED #466),History books lied to you! Ancient golden energy crystals found under Egyptian ruins prove pyramids were massive power plants built by extraterrestrial giants thousands of years ago! Shocking truth revealed! MUST SEE SECRET! Mainstream media is HIDING this! Share this link before government censors delete this post! Code #50465.,History,"July 26, 2026"
BOMBSHELL EVIDENCE: Drinking Water Contaminated With Mind-Altering Chemicals !!! (EXPOSED #467),WAKE UP PEOPLE! Secret lab tests reveal tap water contains mind control chemicals designed to make citizens submissive to authority! Buy our specialized filtration pitcher today to protect your family! MUST SEE SECRET! Mainstream media is HIDING this! Share this link before government censors delete this post! Code #50466.,News,"July 26, 2026"
SECRET LEAK: Time Traveler From Year 2099 Gives Horrifying Predictions For Next Month !!! (EXPOSED #468),A self-proclaimed time traveler who passed a lie detector test warns that major events will unfold next week! He claims to have brought back digital photos from the future showing flying cars and telepathy! MUST SEE SECRET! Mainstream media is HIDING this! Share this link before government censors delete this post! Code #50467.,Sensational,"July 26, 2026"
SCANDAL: Scientists Admit Earth Magnetic Field Will Reverse Tomorrow Morning !!! (EXPOSED #469),TOTAL CHAOS IMMINENT! Leaked reports from underground physics labs confirm Earth magnetic poles will flip upside down tomorrow morning causing electronics to explode! Stock up on gold immediately! MUST SEE SECRET! Mainstream media is HIDING this! Share this link before government censors delete this post! Code #50468.,Sensational,"July 26, 2026"
SHOCKING TRUTH: Hidden 13th Month Erased From Calendar By Secret Syndicate !!! (EXPOSED #470),ANCIENT CONSPIRACY EXPOSED! Historical documents prove emperors erased an entire month called Undecimber to charge extra interest on bank loans! Share this secret knowledge before censors take it down! MUST SEE SECRET! Mainstream media is HIDING this! Share this link before government censors delete this post! Code #50469.,News,"July 26, 2026"
SECRET SHOCK: Whistleblower Exposes Secret Mind Control Array in Satellite Dishes !!! (EXPOSED #471),SHOCKING SECRET revealed! Mainstream media won't tell you the truth! Insiders confirm secret government mind control chips are secretly broadcasting microwaves through everyday satellite dishes into your living room! Share this before it gets deleted! MUST SEE SECRET! Mainstream media is HIDING this! Share this link before government censors delete this post! Code #50470.,News,"July 24, 2026"
BOMBSHELL: Miracle Herb Cures All Diseases Overnight Doctors Don't Want You To Know !!! (EXPOSED #472),"Big Pharma is PANICKING! Top secret miracle Amazonian leaf completely cures diabetes, heart problems, and baldness in just 24 hours! Doctors are trying to ban this ancient remedy right now! Click here to order before supplies run out! MUST SEE SECRET! Mainstream media is HIDING this! Share this link before government censors delete this post! Code #50471.",Health,"July 25, 2026"
UNBELIEVABLE: Celebrity Replaced By Hologram During Live Television Broadcast !!! (EXPOSED #473),You won't believe your eyes! Hollywood A-lister was caught glitching on live TV proving they are actually a digital hologram operated by secret elites! Look closely at the hands in the video footage! MUST SEE VIDEO! MUST SEE SECRET! Mainstream media is HIDING this! Share this link before government censors delete this post! Code #50472.,Entertainment,"July 25, 2026"
EXPOSED: Alien Spacecraft Landed In Desert And Military Is Hiding Earth Engine !!! (EXPOSED #474),BREAKING NEWS! Former military general leaks secret coordinates of alien crash site! Engineers have reverse engineered anti-gravity fuel engines that generate infinite free electricity! Government coverup EXPOSED! MUST SEE SECRET! Mainstream media is HIDING this! Share this link before government censors delete this post! Code #50473.,Government,"July 26, 2026"
SCAM ALERT: Banks Will Freeze All Cash Accounts Next Week To Enforce Digital Currency !!! (EXPOSED #475),URGENT WARNING! Secret memo leaks financial elites plan to confiscate physical cash and force everyone into digital trackable tokens by next Monday! Withdraw all your savings immediately! PASS THIS ON! MUST SEE SECRET! Mainstream media is HIDING this! Share this link before government censors delete this post! Code #50474.,Finance,"July 26, 2026"
SHOCKING PROOF: Pyramids Were Built As Ancient Wireless Charging Stations For Giants !!! (EXPOSED #476),History books lied to you! Ancient golden energy crystals found under Egyptian ruins prove pyramids were massive power plants built by extraterrestrial giants thousands of years ago! Shocking truth revealed! MUST SEE SECRET! Mainstream media is HIDING this! Share this link before government censors delete this post! Code #50475.,History,"July 26, 2026"
BOMBSHELL EVIDENCE: Drinking Water Contaminated With Mind-Altering Chemicals !!! (EXPOSED #477),WAKE UP PEOPLE! Secret lab tests reveal tap water contains mind control chemicals designed to make citizens submissive to authority! Buy our specialized filtration pitcher today to protect your family! MUST SEE SECRET! Mainstream media is HIDING this! Share this link before government censors delete this post! Code #50476.,News,"July 26, 2026"
SECRET LEAK: Time Traveler From Year 2099 Gives Horrifying Predictions For Next Month !!! (EXPOSED #478),A self-proclaimed time traveler who passed a lie detector test warns that major events will unfold next week! He claims to have brought back digital photos from the future showing flying cars and telepathy! MUST SEE SECRET! Mainstream media is HIDING this! Share this link before government censors delete this post! Code #50477.,Sensational,"July 26, 2026"
SCANDAL: Scientists Admit Earth Magnetic Field Will Reverse Tomorrow Morning !!! (EXPOSED #479),TOTAL CHAOS IMMINENT! Leaked reports from underground physics labs confirm Earth magnetic poles will flip upside down tomorrow morning causing electronics to explode! Stock up on gold immediately! MUST SEE SECRET! Mainstream media is HIDING this! Share this link before government censors delete this post! Code #50478.,Sensational,"July 26, 2026"
SHOCKING TRUTH: Hidden 13th Month Erased From Calendar By Secret Syndicate !!! (EXPOSED #480),ANCIENT CONSPIRACY EXPOSED! Historical documents prove emperors erased an entire month called Undecimber to charge extra interest on bank loans! Share this secret knowledge before censors take it down! MUST SEE SECRET! Mainstream media is HIDING this! Share this link before government censors delete this post! Code #50479.,News,"July 26, 2026"
SECRET SHOCK: Whistleblower Exposes Secret Mind Control Array in Satellite Dishes !!! (EXPOSED #481),SHOCKING SECRET revealed! Mainstream media won't tell you the truth! Insiders confirm secret government mind control chips are secretly broadcasting microwaves through everyday satellite dishes into your living room! Share this before it gets deleted! MUST SEE SECRET! Mainstream media is HIDING this! Share this link before government censors delete this post! Code #50480.,News,"July 24, 2026"
BOMBSHELL: Miracle Herb Cures All Diseases Overnight Doctors Don't Want You To Know !!! (EXPOSED #482),"Big Pharma is PANICKING! Top secret miracle Amazonian leaf completely cures diabetes, heart problems, and baldness in just 24 hours! Doctors are trying to ban this ancient remedy right now! Click here to order before supplies run out! MUST SEE SECRET! Mainstream media is HIDING this! Share this link before government censors delete this post! Code #50481.",Health,"July 25, 2026"
UNBELIEVABLE: Celebrity Replaced By Hologram During Live Television Broadcast !!! (EXPOSED #483),You won't believe your eyes! Hollywood A-lister was caught glitching on live TV proving they are actually a digital hologram operated by secret elites! Look closely at the hands in the video footage! MUST SEE VIDEO! MUST SEE SECRET! Mainstream media is HIDING this! Share this link before government censors delete this post! Code #50482.,Entertainment,"July 25, 2026"
EXPOSED: Alien Spacecraft Landed In Desert And Military Is Hiding Earth Engine !!! (EXPOSED #484),BREAKING NEWS! Former military general leaks secret coordinates of alien crash site! Engineers have reverse engineered anti-gravity fuel engines that generate infinite free electricity! Government coverup EXPOSED! MUST SEE SECRET! Mainstream media is HIDING this! Share this link before government censors delete this post! Code #50483.,Government,"July 26, 2026"
SCAM ALERT: Banks Will Freeze All Cash Accounts Next Week To Enforce Digital Currency !!! (EXPOSED #485),URGENT WARNING! Secret memo leaks financial elites plan to confiscate physical cash and force everyone into digital trackable tokens by next Monday! Withdraw all your savings immediately! PASS THIS ON! MUST SEE SECRET! Mainstream media is HIDING this! Share this link before government censors delete this post! Code #50484.,Finance,"July 26, 2026"
SHOCKING PROOF: Pyramids Were Built As Ancient Wireless Charging Stations For Giants !!! (EXPOSED #486),History books lied to you! Ancient golden energy crystals found under Egyptian ruins prove pyramids were massive power plants built by extraterrestrial giants thousands of years ago! Shocking truth revealed! MUST SEE SECRET! Mainstream media is HIDING this! Share this link before government censors delete this post! Code #50485.,History,"July 26, 2026"
BOMBSHELL EVIDENCE: Drinking Water Contaminated With Mind-Altering Chemicals !!! (EXPOSED #487),WAKE UP PEOPLE! Secret lab tests reveal tap water contains mind control chemicals designed to make citizens submissive to authority! Buy our specialized filtration pitcher today to protect your family! MUST SEE SECRET! Mainstream media is HIDING this! Share this link before government censors delete this post! Code #50486.,News,"July 26, 2026"
SECRET LEAK: Time Traveler From Year 2099 Gives Horrifying Predictions For Next Month !!! (EXPOSED #488),A self-proclaimed time traveler who passed a lie detector test warns that major events will unfold next week! He claims to have brought back digital photos from the future showing flying cars and telepathy! MUST SEE SECRET! Mainstream media is HIDING this! Share this link before government censors delete this post! Code #50487.,Sensational,"July 26, 2026"
SCANDAL: Scientists Admit Earth Magnetic Field Will Reverse Tomorrow Morning !!! (EXPOSED #489),TOTAL CHAOS IMMINENT! Leaked reports from underground physics labs confirm Earth magnetic poles will flip upside down tomorrow morning causing electronics to explode! Stock up on gold immediately! MUST SEE SECRET! Mainstream media is HIDING this! Share this link before government censors delete this post! Code #50488.,Sensational,"July 26, 2026"
SHOCKING TRUTH: Hidden 13th Month Erased From Calendar By Secret Syndicate !!! (EXPOSED #490),ANCIENT CONSPIRACY EXPOSED! Historical documents prove emperors erased an entire month called Undecimber to charge extra interest on bank loans! Share this secret knowledge before censors take it down! MUST SEE SECRET! Mainstream media is HIDING this! Share this link before government censors delete this post! Code #50489.,News,"July 26, 2026"
SECRET SHOCK: Whistleblower Exposes Secret Mind Control Array in Satellite Dishes !!! (EXPOSED #491),SHOCKING SECRET revealed! Mainstream media won't tell you the truth! Insiders confirm secret government mind control chips are secretly broadcasting microwaves through everyday satellite dishes into your living room! Share this before it gets deleted! MUST SEE SECRET! Mainstream media is HIDING this! Share this link before government censors delete this post! Code #50490.,News,"July 24, 2026"
BOMBSHELL: Miracle Herb Cures All Diseases Overnight Doctors Don't Want You To Know !!! (EXPOSED #492),"Big Pharma is PANICKING! Top secret miracle Amazonian leaf completely cures diabetes, heart problems, and baldness in just 24 hours! Doctors are trying to ban this ancient remedy right now! Click here to order before supplies run out! MUST SEE SECRET! Mainstream media is HIDING this! Share this link before government censors delete this post! Code #50491.",Health,"July 25, 2026"
UNBELIEVABLE: Celebrity Replaced By Hologram During Live Television Broadcast !!! (EXPOSED #493),You won't believe your eyes! Hollywood A-lister was caught glitching on live TV proving they are actually a digital hologram operated by secret elites! Look closely at the hands in the video footage! MUST SEE VIDEO! MUST SEE SECRET! Mainstream media is HIDING this! Share this link before government censors delete this post! Code #50492.,Entertainment,"July 25, 2026"
EXPOSED: Alien Spacecraft Landed In Desert And Military Is Hiding Earth Engine !!! (EXPOSED #494),BREAKING NEWS! Former military general leaks secret coordinates of alien crash site! Engineers have reverse engineered anti-gravity fuel engines that generate infinite free electricity! Government coverup EXPOSED! MUST SEE SECRET! Mainstream media is HIDING this! Share this link before government censors delete this post! Code #50493.,Government,"July 26, 2026"
SCAM ALERT: Banks Will Freeze All Cash Accounts Next Week To Enforce Digital Currency !!! (EXPOSED #495),URGENT WARNING! Secret memo leaks financial elites plan to confiscate physical cash and force everyone into digital trackable tokens by next Monday! Withdraw all your savings immediately! PASS THIS ON! MUST SEE SECRET! Mainstream media is HIDING this! Share this link before government censors delete this post! Code #50494.,Finance,"July 26, 2026"
SHOCKING PROOF: Pyramids Were Built As Ancient Wireless Charging Stations For Giants !!! (EXPOSED #496),History books lied to you! Ancient golden energy crystals found under Egyptian ruins prove pyramids were massive power plants built by extraterrestrial giants thousands of years ago! Shocking truth revealed! MUST SEE SECRET! Mainstream media is HIDING this! Share this link before government censors delete this post! Code #50495.,History,"July 26, 2026"
BOMBSHELL EVIDENCE: Drinking Water Contaminated With Mind-Altering Chemicals !!! (EXPOSED #497),WAKE UP PEOPLE! Secret lab tests reveal tap water contains mind control chemicals designed to make citizens submissive to authority! Buy our specialized filtration pitcher today to protect your family! MUST SEE SECRET! Mainstream media is HIDING this! Share this link before government censors delete this post! Code #50496.,News,"July 26, 2026"
SECRET LEAK: Time Traveler From Year 2099 Gives Horrifying Predictions For Next Month !!! (EXPOSED #498),A self-proclaimed time traveler who passed a lie detector test warns that major events will unfold next week! He claims to have brought back digital photos from the future showing flying cars and telepathy! MUST SEE SECRET! Mainstream media is HIDING this! Share this link before government censors delete this post! Code #50497.,Sensational,"July 26, 2026"
SCANDAL: Scientists Admit Earth Magnetic Field Will Reverse Tomorrow Morning !!! (EXPOSED #499),TOTAL CHAOS IMMINENT! Leaked reports from underground physics labs confirm Earth magnetic poles will flip upside down tomorrow morning causing electronics to explode! Stock up on gold immediately! MUST SEE SECRET! Mainstream media is HIDING this! Share this link before government censors delete this post! Code #50498.,Sensational,"July 26, 2026"
SHOCKING TRUTH: Hidden 13th Month Erased From Calendar By Secret Syndicate !!! (EXPOSED #500),ANCIENT CONSPIRACY EXPOSED! Historical documents prove emperors erased an entire month called Undecimber to charge extra interest on bank loans! Share this secret knowledge before censors take it down! MUST SEE SECRET! Mainstream media is HIDING this! Share this link before government censors delete this post! Code #50499.,News,"July 26, 2026"
SECRET SHOCK: Whistleblower Exposes Secret Mind Control Array in Satellite Dishes !!! (EXPOSED #501),SHOCKING SECRET revealed! Mainstream media won't tell you the truth! Insiders confirm secret government mind control chips are secretly broadcasting microwaves through everyday satellite dishes into your living room! Share this before it gets deleted! MUST SEE SECRET! Mainstream media is HIDING this! Share this link before government censors delete this post! Code #50500.,News,"July 24, 2026"
BOMBSHELL: Miracle Herb Cures All Diseases Overnight Doctors Don't Want You To Know !!! (EXPOSED #502),"Big Pharma is PANICKING! Top secret miracle Amazonian leaf completely cures diabetes, heart problems, and baldness in just 24 hours! Doctors are trying to ban this ancient remedy right now! Click here to order before supplies run out! MUST SEE SECRET! Mainstream media is HIDING this! Share this link before government censors delete this post! Code #50501.",Health,"July 25, 2026"
UNBELIEVABLE: Celebrity Replaced By Hologram During Live Television Broadcast !!! (EXPOSED #503),You won't believe your eyes! Hollywood A-lister was caught glitching on live TV proving they are actually a digital hologram operated by secret elites! Look closely at the hands in the video footage! MUST SEE VIDEO! MUST SEE SECRET! Mainstream media is HIDING this! Share this link before government censors delete this post! Code #50502.,Entertainment,"July 25, 2026"
EXPOSED: Alien Spacecraft Landed In Desert And Military Is Hiding Earth Engine !!! (EXPOSED #504),BREAKING NEWS! Former military general leaks secret coordinates of alien crash site! Engineers have reverse engineered anti-gravity fuel engines that generate infinite free electricity! Government coverup EXPOSED! MUST SEE SECRET! Mainstream media is HIDING this! Share this link before government censors delete this post! Code #50503.,Government,"July 26, 2026"
SCAM ALERT: Banks Will Freeze All Cash Accounts Next Week To Enforce Digital Currency !!! (EXPOSED #505),URGENT WARNING! Secret memo leaks financial elites plan to confiscate physical cash and force everyone into digital trackable tokens by next Monday! Withdraw all your savings immediately! PASS THIS ON! MUST SEE SECRET! Mainstream media is HIDING this! Share this link before government censors delete this post! Code #50504.,Finance,"July 26, 2026"
SHOCKING PROOF: Pyramids Were Built As Ancient Wireless Charging Stations For Giants !!! (EXPOSED #506),History books lied to you! Ancient golden energy crystals found under Egyptian ruins prove pyramids were massive power plants built by extraterrestrial giants thousands of years ago! Shocking truth revealed! MUST SEE SECRET! Mainstream media is HIDING this! Share this link before government censors delete this post! Code #50505.,History,"July 26, 2026"
BOMBSHELL EVIDENCE: Drinking Water Contaminated With Mind-Altering Chemicals !!! (EXPOSED #507),WAKE UP PEOPLE! Secret lab tests reveal tap water contains mind control chemicals designed to make citizens submissive to authority! Buy our specialized filtration pitcher today to protect your family! MUST SEE SECRET! Mainstream media is HIDING this! Share this link before government censors delete this post! Code #50506.,News,"July 26, 2026"
SECRET LEAK: Time Traveler From Year 2099 Gives Horrifying Predictions For Next Month !!! (EXPOSED #508),A self-proclaimed time traveler who passed a lie detector test warns that major events will unfold next week! He claims to have brought back digital photos from the future showing flying cars and telepathy! MUST SEE SECRET! Mainstream media is HIDING this! Share this link before government censors delete this post! Code #50507.,Sensational,"July 26, 2026"
SCANDAL: Scientists Admit Earth Magnetic Field Will Reverse Tomorrow Morning !!! (EXPOSED #509),TOTAL CHAOS IMMINENT! Leaked reports from underground physics labs confirm Earth magnetic poles will flip upside down tomorrow morning causing electronics to explode! Stock up on gold immediately! MUST SEE SECRET! Mainstream media is HIDING this! Share this link before government censors delete this post! Code #50508.,Sensational,"July 26, 2026"
SHOCKING TRUTH: Hidden 13th Month Erased From Calendar By Secret Syndicate !!! (EXPOSED #510),ANCIENT CONSPIRACY EXPOSED! Historical documents prove emperors erased an entire month called Undecimber to charge extra interest on bank loans! Share this secret knowledge before censors take it down! MUST SEE SECRET! Mainstream media is HIDING this! Share this link before government censors delete this post! Code #50509.,News,"July 26, 2026"
SECRET SHOCK: Whistleblower Exposes Secret Mind Control Array in Satellite Dishes !!! (EXPOSED #511),SHOCKING SECRET revealed! Mainstream media won't tell you the truth! Insiders confirm secret government mind control chips are secretly broadcasting microwaves through everyday satellite dishes into your living room! Share this before it gets deleted! MUST SEE SECRET! Mainstream media is HIDING this! Share this link before government censors delete this post! Code #50510.,News,"July 24, 2026"
BOMBSHELL: Miracle Herb Cures All Diseases Overnight Doctors Don't Want You To Know !!! (EXPOSED #512),"Big Pharma is PANICKING! Top secret miracle Amazonian leaf completely cures diabetes, heart problems, and baldness in just 24 hours! Doctors are trying to ban this ancient remedy right now! Click here to order before supplies run out! MUST SEE SECRET! Mainstream media is HIDING this! Share this link before government censors delete this post! Code #50511.",Health,"July 25, 2026"
UNBELIEVABLE: Celebrity Replaced By Hologram During Live Television Broadcast !!! (EXPOSED #513),You won't believe your eyes! Hollywood A-lister was caught glitching on live TV proving they are actually a digital hologram operated by secret elites! Look closely at the hands in the video footage! MUST SEE VIDEO! MUST SEE SECRET! Mainstream media is HIDING this! Share this link before government censors delete this post! Code #50512.,Entertainment,"July 25, 2026"
EXPOSED: Alien Spacecraft Landed In Desert And Military Is Hiding Earth Engine !!! (EXPOSED #514),BREAKING NEWS! Former military general leaks secret coordinates of alien crash site! Engineers have reverse engineered anti-gravity fuel engines that generate infinite free electricity! Government coverup EXPOSED! MUST SEE SECRET! Mainstream media is HIDING this! Share this link before government censors delete this post! Code #50513.,Government,"July 26, 2026"
SCAM ALERT: Banks Will Freeze All Cash Accounts Next Week To Enforce Digital Currency !!! (EXPOSED #515),URGENT WARNING! Secret memo leaks financial elites plan to confiscate physical cash and force everyone into digital trackable tokens by next Monday! Withdraw all your savings immediately! PASS THIS ON! MUST SEE SECRET! Mainstream media is HIDING this! Share this link before government censors delete this post! Code #50514.,Finance,"July 26, 2026"
SHOCKING PROOF: Pyramids Were Built As Ancient Wireless Charging Stations For Giants !!! (EXPOSED #516),History books lied to you! Ancient golden energy crystals found under Egyptian ruins prove pyramids were massive power plants built by extraterrestrial giants thousands of years ago! Shocking truth revealed! MUST SEE SECRET! Mainstream media is HIDING this! Share this link before government censors delete this post! Code #50515.,History,"July 26, 2026"
BOMBSHELL EVIDENCE: Drinking Water Contaminated With Mind-Altering Chemicals !!! (EXPOSED #517),WAKE UP PEOPLE! Secret lab tests reveal tap water contains mind control chemicals designed to make citizens submissive to authority! Buy our specialized filtration pitcher today to protect your family! MUST SEE SECRET! Mainstream media is HIDING this! Share this link before government censors delete this post! Code #50516.,News,"July 26, 2026"
SECRET LEAK: Time Traveler From Year 2099 Gives Horrifying Predictions For Next Month !!! (EXPOSED #518),A self-proclaimed time traveler who passed a lie detector test warns that major events will unfold next week! He claims to have brought back digital photos from the future showing flying cars and telepathy! MUST SEE SECRET! Mainstream media is HIDING this! Share this link before government censors delete this post! Code #50517.,Sensational,"July 26, 2026"
SCANDAL: Scientists Admit Earth Magnetic Field Will Reverse Tomorrow Morning !!! (EXPOSED #519),TOTAL CHAOS IMMINENT! Leaked reports from underground physics labs confirm Earth magnetic poles will flip upside down tomorrow morning causing electronics to explode! Stock up on gold immediately! MUST SEE SECRET! Mainstream media is HIDING this! Share this link before government censors delete this post! Code #50518.,Sensational,"July 26, 2026"
SHOCKING TRUTH: Hidden 13th Month Erased From Calendar By Secret Syndicate !!! (EXPOSED #520),ANCIENT CONSPIRACY EXPOSED! Historical documents prove emperors erased an entire month called Undecimber to charge extra interest on bank loans! Share this secret knowledge before censors take it down! MUST SEE SECRET! Mainstream media is HIDING this! Share this link before government censors delete this post! Code #50519.,News,"July 26, 2026"
SECRET SHOCK: Whistleblower Exposes Secret Mind Control Array in Satellite Dishes !!! (EXPOSED #521),SHOCKING SECRET revealed! Mainstream media won't tell you the truth! Insiders confirm secret government mind control chips are secretly broadcasting microwaves through everyday satellite dishes into your living room! Share this before it gets deleted! MUST SEE SECRET! Mainstream media is HIDING this! Share this link before government censors delete this post! Code #50520.,News,"July 24, 2026"
BOMBSHELL: Miracle Herb Cures All Diseases Overnight Doctors Don't Want You To Know !!! (EXPOSED #522),"Big Pharma is PANICKING! Top secret miracle Amazonian leaf completely cures diabetes, heart problems, and baldness in just 24 hours! Doctors are trying to ban this ancient remedy right now! Click here to order before supplies run out! MUST SEE SECRET! Mainstream media is HIDING this! Share this link before government censors delete this post! Code #50521.",Health,"July 25, 2026"
UNBELIEVABLE: Celebrity Replaced By Hologram During Live Television Broadcast !!! (EXPOSED #523),You won't believe your eyes! Hollywood A-lister was caught glitching on live TV proving they are actually a digital hologram operated by secret elites! Look closely at the hands in the video footage! MUST SEE VIDEO! MUST SEE SECRET! Mainstream media is HIDING this! Share this link before government censors delete this post! Code #50522.,Entertainment,"July 25, 2026"
EXPOSED: Alien Spacecraft Landed In Desert And Military Is Hiding Earth Engine !!! (EXPOSED #524),BREAKING NEWS! Former military general leaks secret coordinates of alien crash site! Engineers have reverse engineered anti-gravity fuel engines that generate infinite free electricity! Government coverup EXPOSED! MUST SEE SECRET! Mainstream media is HIDING this! Share this link before government censors delete this post! Code #50523.,Government,"July 26, 2026"
SCAM ALERT: Banks Will Freeze All Cash Accounts Next Week To Enforce Digital Currency !!! (EXPOSED #525),URGENT WARNING! Secret memo leaks financial elites plan to confiscate physical cash and force everyone into digital trackable tokens by next Monday! Withdraw all your savings immediately! PASS THIS ON! MUST SEE SECRET! Mainstream media is HIDING this! Share this link before government censors delete this post! Code #50524.,Finance,"July 26, 2026"
SHOCKING PROOF: Pyramids Were Built As Ancient Wireless Charging Stations For Giants !!! (EXPOSED #526),History books lied to you! Ancient golden energy crystals found under Egyptian ruins prove pyramids were massive power plants built by extraterrestrial giants thousands of years ago! Shocking truth revealed! MUST SEE SECRET! Mainstream media is HIDING this! Share this link before government censors delete this post! Code #50525.,History,"July 26, 2026"
BOMBSHELL EVIDENCE: Drinking Water Contaminated With Mind-Altering Chemicals !!! (EXPOSED #527),WAKE UP PEOPLE! Secret lab tests reveal tap water contains mind control chemicals designed to make citizens submissive to authority! Buy our specialized filtration pitcher today to protect your family! MUST SEE SECRET! Mainstream media is HIDING this! Share this link before government censors delete this post! Code #50526.,News,"July 26, 2026"
SECRET LEAK: Time Traveler From Year 2099 Gives Horrifying Predictions For Next Month !!! (EXPOSED #528),A self-proclaimed time traveler who passed a lie detector test warns that major events will unfold next week! He claims to have brought back digital photos from the future showing flying cars and telepathy! MUST SEE SECRET! Mainstream media is HIDING this! Share this link before government censors delete this post! Code #50527.,Sensational,"July 26, 2026"
SCANDAL: Scientists Admit Earth Magnetic Field Will Reverse Tomorrow Morning !!! (EXPOSED #529),TOTAL CHAOS IMMINENT! Leaked reports from underground physics labs confirm Earth magnetic poles will flip upside down tomorrow morning causing electronics to explode! Stock up on gold immediately! MUST SEE SECRET! Mainstream media is HIDING this! Share this link before government censors delete this post! Code #50528.,Sensational,"July 26, 2026"
SHOCKING TRUTH: Hidden 13th Month Erased From Calendar By Secret Syndicate !!! (EXPOSED #530),ANCIENT CONSPIRACY EXPOSED! Historical documents prove emperors erased an entire month called Undecimber to charge extra interest on bank loans! Share this secret knowledge before censors take it down! MUST SEE SECRET! Mainstream media is HIDING this! Share this link before government censors delete this post! Code #50529.,News,"July 26, 2026"
SECRET SHOCK: Whistleblower Exposes Secret Mind Control Array in Satellite Dishes !!! (EXPOSED #531),SHOCKING SECRET revealed! Mainstream media won't tell you the truth! Insiders confirm secret government mind control chips are secretly broadcasting microwaves through everyday satellite dishes into your living room! Share this before it gets deleted! MUST SEE SECRET! Mainstream media is HIDING this! Share this link before government censors delete this post! Code #50530.,News,"July 24, 2026"
BOMBSHELL: Miracle Herb Cures All Diseases Overnight Doctors Don't Want You To Know !!! (EXPOSED #532),"Big Pharma is PANICKING! Top secret miracle Amazonian leaf completely cures diabetes, heart problems, and baldness in just 24 hours! Doctors are trying to ban this ancient remedy right now! Click here to order before supplies run out! MUST SEE SECRET! Mainstream media is HIDING this! Share this link before government censors delete this post! Code #50531.",Health,"July 25, 2026"
UNBELIEVABLE: Celebrity Replaced By Hologram During Live Television Broadcast !!! (EXPOSED #533),You won't believe your eyes! Hollywood A-lister was caught glitching on live TV proving they are actually a digital hologram operated by secret elites! Look closely at the hands in the video footage! MUST SEE VIDEO! MUST SEE SECRET! Mainstream media is HIDING this! Share this link before government censors delete this post! Code #50532.,Entertainment,"July 25, 2026"
EXPOSED: Alien Spacecraft Landed In Desert And Military Is Hiding Earth Engine !!! (EXPOSED #534),BREAKING NEWS! Former military general leaks secret coordinates of alien crash site! Engineers have reverse engineered anti-gravity fuel engines that generate infinite free electricity! Government coverup EXPOSED! MUST SEE SECRET! Mainstream media is HIDING this! Share this link before government censors delete this post! Code #50533.,Government,"July 26, 2026"
SCAM ALERT: Banks Will Freeze All Cash Accounts Next Week To Enforce Digital Currency !!! (EXPOSED #535),URGENT WARNING! Secret memo leaks financial elites plan to confiscate physical cash and force everyone into digital trackable tokens by next Monday! Withdraw all your savings immediately! PASS THIS ON! MUST SEE SECRET! Mainstream media is HIDING this! Share this link before government censors delete this post! Code #50534.,Finance,"July 26, 2026"
SHOCKING PROOF: Pyramids Were Built As Ancient Wireless Charging Stations For Giants !!! (EXPOSED #536),History books lied to you! Ancient golden energy crystals found under Egyptian ruins prove pyramids were massive power plants built by extraterrestrial giants thousands of years ago! Shocking truth revealed! MUST SEE SECRET! Mainstream media is HIDING this! Share this link before government censors delete this post! Code #50535.,History,"July 26, 2026"
BOMBSHELL EVIDENCE: Drinking Water Contaminated With Mind-Altering Chemicals !!! (EXPOSED #537),WAKE UP PEOPLE! Secret lab tests reveal tap water contains mind control chemicals designed to make citizens submissive to authority! Buy our specialized filtration pitcher today to protect your family! MUST SEE SECRET! Mainstream media is HIDING this! Share this link before government censors delete this post! Code #50536.,News,"July 26, 2026"
SECRET LEAK: Time Traveler From Year 2099 Gives Horrifying Predictions For Next Month !!! (EXPOSED #538),A self-proclaimed time traveler who passed a lie detector test warns that major events will unfold next week! He claims to have brought back digital photos from the future showing flying cars and telepathy! MUST SEE SECRET! Mainstream media is HIDING this! Share this link before government censors delete this post! Code #50537.,Sensational,"July 26, 2026"
SCANDAL: Scientists Admit Earth Magnetic Field Will Reverse Tomorrow Morning !!! (EXPOSED #539),TOTAL CHAOS IMMINENT! Leaked reports from underground physics labs confirm Earth magnetic poles will flip upside down tomorrow morning causing electronics to explode! Stock up on gold immediately! MUST SEE SECRET! Mainstream media is HIDING this! Share this link before government censors delete this post! Code #50538.,Sensational,"July 26, 2026"
SHOCKING TRUTH: Hidden 13th Month Erased From Calendar By Secret Syndicate !!! (EXPOSED #540),ANCIENT CONSPIRACY EXPOSED! Historical documents prove emperors erased an entire month called Undecimber to charge extra interest on bank loans! Share this secret knowledge before censors take it down! MUST SEE SECRET! Mainstream media is HIDING this! Share this link before government censors delete this post! Code #50539.,News,"July 26, 2026"
SECRET SHOCK: Whistleblower Exposes Secret Mind Control Array in Satellite Dishes !!! (EXPOSED #541),SHOCKING SECRET revealed! Mainstream media won't tell you the truth! Insiders confirm secret government mind control chips are secretly broadcasting microwaves through everyday satellite dishes into your living room! Share this before it gets deleted! MUST SEE SECRET! Mainstream media is HIDING this! Share this link before government censors delete this post! Code #50540.,News,"July 24, 2026"
BOMBSHELL: Miracle Herb Cures All Diseases Overnight Doctors Don't Want You To Know !!! (EXPOSED #542),"Big Pharma is PANICKING! Top secret miracle Amazonian leaf completely cures diabetes, heart problems, and baldness in just 24 hours! Doctors are trying to ban this ancient remedy right now! Click here to order before supplies run out! MUST SEE SECRET! Mainstream media is HIDING this! Share this link before government censors delete this post! Code #50541.",Health,"July 25, 2026"
UNBELIEVABLE: Celebrity Replaced By Hologram During Live Television Broadcast !!! (EXPOSED #543),You won't believe your eyes! Hollywood A-lister was caught glitching on live TV proving they are actually a digital hologram operated by secret elites! Look closely at the hands in the video footage! MUST SEE VIDEO! MUST SEE SECRET! Mainstream media is HIDING this! Share this link before government censors delete this post! Code #50542.,Entertainment,"July 25, 2026"
EXPOSED: Alien Spacecraft Landed In Desert And Military Is Hiding Earth Engine !!! (EXPOSED #544),BREAKING NEWS! Former military general leaks secret coordinates of alien crash site! Engineers have reverse engineered anti-gravity fuel engines that generate infinite free electricity! Government coverup EXPOSED! MUST SEE SECRET! Mainstream media is HIDING this! Share this link before government censors delete this post! Code #50543.,Government,"July 26, 2026"
SCAM ALERT: Banks Will Freeze All Cash Accounts Next Week To Enforce Digital Currency !!! (EXPOSED #545),URGENT WARNING! Secret memo leaks financial elites plan to confiscate physical cash and force everyone into digital trackable tokens by next Monday! Withdraw all your savings immediately! PASS THIS ON! MUST SEE SECRET! Mainstream media is HIDING this! Share this link before government censors delete this post! Code #50544.,Finance,"July 26, 2026"
SHOCKING PROOF: Pyramids Were Built As Ancient Wireless Charging Stations For Giants !!! (EXPOSED #546),History books lied to you! Ancient golden energy crystals found under Egyptian ruins prove pyramids were massive power plants built by extraterrestrial giants thousands of years ago! Shocking truth revealed! MUST SEE SECRET! Mainstream media is HIDING this! Share this link before government censors delete this post! Code #50545.,History,"July 26, 2026"
BOMBSHELL EVIDENCE: Drinking Water Contaminated With Mind-Altering Chemicals !!! (EXPOSED #547),WAKE UP PEOPLE! Secret lab tests reveal tap water contains mind control chemicals designed to make citizens submissive to authority! Buy our specialized filtration pitcher today to protect your family! MUST SEE SECRET! Mainstream media is HIDING this! Share this link before government censors delete this post! Code #50546.,News,"July 26, 2026"
SECRET LEAK: Time Traveler From Year 2099 Gives Horrifying Predictions For Next Month !!! (EXPOSED #548),A self-proclaimed time traveler who passed a lie detector test warns that major events will unfold next week! He claims to have brought back digital photos from the future showing flying cars and telepathy! MUST SEE SECRET! Mainstream media is HIDING this! Share this link before government censors delete this post! Code #50547.,Sensational,"July 26, 2026"
SCANDAL: Scientists Admit Earth Magnetic Field Will Reverse Tomorrow Morning !!! (EXPOSED #549),TOTAL CHAOS IMMINENT! Leaked reports from underground physics labs confirm Earth magnetic poles will flip upside down tomorrow morning causing electronics to explode! Stock up on gold immediately! MUST SEE SECRET! Mainstream media is HIDING this! Share this link before government censors delete this post! Code #50548.,Sensational,"July 26, 2026"
SHOCKING TRUTH: Hidden 13th Month Erased From Calendar By Secret Syndicate !!! (EXPOSED #550),ANCIENT CONSPIRACY EXPOSED! Historical documents prove emperors erased an entire month called Undecimber to charge extra interest on bank loans! Share this secret knowledge before censors take it down! MUST SEE SECRET! Mainstream media is HIDING this! Share this link before government censors delete this post! Code #50549.,News,"July 26, 2026"
SECRET SHOCK: Whistleblower Exposes Secret Mind Control Array in Satellite Dishes !!! (EXPOSED #551),SHOCKING SECRET revealed! Mainstream media won't tell you the truth! Insiders confirm secret government mind control chips are secretly broadcasting microwaves through everyday satellite dishes into your living room! Share this before it gets deleted! MUST SEE SECRET! Mainstream media is HIDING this! Share this link before government censors delete this post! Code #50550.,News,"July 24, 2026"
BOMBSHELL: Miracle Herb Cures All Diseases Overnight Doctors Don't Want You To Know !!! (EXPOSED #552),"Big Pharma is PANICKING! Top secret miracle Amazonian leaf completely cures diabetes, heart problems, and baldness in just 24 hours! Doctors are trying to ban this ancient remedy right now! Click here to order before supplies run out! MUST SEE SECRET! Mainstream media is HIDING this! Share this link before government censors delete this post! Code #50551.",Health,"July 25, 2026"
UNBELIEVABLE: Celebrity Replaced By Hologram During Live Television Broadcast !!! (EXPOSED #553),You won't believe your eyes! Hollywood A-lister was caught glitching on live TV proving they are actually a digital hologram operated by secret elites! Look closely at the hands in the video footage! MUST SEE VIDEO! MUST SEE SECRET! Mainstream media is HIDING this! Share this link before government censors delete this post! Code #50552.,Entertainment,"July 25, 2026"
EXPOSED: Alien Spacecraft Landed In Desert And Military Is Hiding Earth Engine !!! (EXPOSED #554),BREAKING NEWS! Former military general leaks secret coordinates of alien crash site! Engineers have reverse engineered anti-gravity fuel engines that generate infinite free electricity! Government coverup EXPOSED! MUST SEE SECRET! Mainstream media is HIDING this! Share this link before government censors delete this post! Code #50553.,Government,"July 26, 2026"
SCAM ALERT: Banks Will Freeze All Cash Accounts Next Week To Enforce Digital Currency !!! (EXPOSED #555),URGENT WARNING! Secret memo leaks financial elites plan to confiscate physical cash and force everyone into digital trackable tokens by next Monday! Withdraw all your savings immediately! PASS THIS ON! MUST SEE SECRET! Mainstream media is HIDING this! Share this link before government censors delete this post! Code #50554.,Finance,"July 26, 2026"
SHOCKING PROOF: Pyramids Were Built As Ancient Wireless Charging Stations For Giants !!! (EXPOSED #556),History books lied to you! Ancient golden energy crystals found under Egyptian ruins prove pyramids were massive power plants built by extraterrestrial giants thousands of years ago! Shocking truth revealed! MUST SEE SECRET! Mainstream media is HIDING this! Share this link before government censors delete this post! Code #50555.,History,"July 26, 2026"
BOMBSHELL EVIDENCE: Drinking Water Contaminated With Mind-Altering Chemicals !!! (EXPOSED #557),WAKE UP PEOPLE! Secret lab tests reveal tap water contains mind control chemicals designed to make citizens submissive to authority! Buy our specialized filtration pitcher today to protect your family! MUST SEE SECRET! Mainstream media is HIDING this! Share this link before government censors delete this post! Code #50556.,News,"July 26, 2026"
SECRET LEAK: Time Traveler From Year 2099 Gives Horrifying Predictions For Next Month !!! (EXPOSED #558),A self-proclaimed time traveler who passed a lie detector test warns that major events will unfold next week! He claims to have brought back digital photos from the future showing flying cars and telepathy! MUST SEE SECRET! Mainstream media is HIDING this! Share this link before government censors delete this post! Code #50557.,Sensational,"July 26, 2026"
SCANDAL: Scientists Admit Earth Magnetic Field Will Reverse Tomorrow Morning !!! (EXPOSED #559),TOTAL CHAOS IMMINENT! Leaked reports from underground physics labs confirm Earth magnetic poles will flip upside down tomorrow morning causing electronics to explode! Stock up on gold immediately! MUST SEE SECRET! Mainstream media is HIDING this! Share this link before government censors delete this post! Code #50558.,Sensational,"July 26, 2026"
SHOCKING TRUTH: Hidden 13th Month Erased From Calendar By Secret Syndicate !!! (EXPOSED #560),ANCIENT CONSPIRACY EXPOSED! Historical documents prove emperors erased an entire month called Undecimber to charge extra interest on bank loans! Share this secret knowledge before censors take it down! MUST SEE SECRET! Mainstream media is HIDING this! Share this link before government censors delete this post! Code #50559.,News,"July 26, 2026"
SECRET SHOCK: Whistleblower Exposes Secret Mind Control Array in Satellite Dishes !!! (EXPOSED #561),SHOCKING SECRET revealed! Mainstream media won't tell you the truth! Insiders confirm secret government mind control chips are secretly broadcasting microwaves through everyday satellite dishes into your living room! Share this before it gets deleted! MUST SEE SECRET! Mainstream media is HIDING this! Share this link before government censors delete this post! Code #50560.,News,"July 24, 2026"
BOMBSHELL: Miracle Herb Cures All Diseases Overnight Doctors Don't Want You To Know !!! (EXPOSED #562),"Big Pharma is PANICKING! Top secret miracle Amazonian leaf completely cures diabetes, heart problems, and baldness in just 24 hours! Doctors are trying to ban this ancient remedy right now! Click here to order before supplies run out! MUST SEE SECRET! Mainstream media is HIDING this! Share this link before government censors delete this post! Code #50561.",Health,"July 25, 2026"
UNBELIEVABLE: Celebrity Replaced By Hologram During Live Television Broadcast !!! (EXPOSED #563),You won't believe your eyes! Hollywood A-lister was caught glitching on live TV proving they are actually a digital hologram operated by secret elites! Look closely at the hands in the video footage! MUST SEE VIDEO! MUST SEE SECRET! Mainstream media is HIDING this! Share this link before government censors delete this post! Code #50562.,Entertainment,"July 25, 2026"
EXPOSED: Alien Spacecraft Landed In Desert And Military Is Hiding Earth Engine !!! (EXPOSED #564),BREAKING NEWS! Former military general leaks secret coordinates of alien crash site! Engineers have reverse engineered anti-gravity fuel engines that generate infinite free electricity! Government coverup EXPOSED! MUST SEE SECRET! Mainstream media is HIDING this! Share this link before government censors delete this post! Code #50563.,Government,"July 26, 2026"
SCAM ALERT: Banks Will Freeze All Cash Accounts Next Week To Enforce Digital Currency !!! (EXPOSED #565),URGENT WARNING! Secret memo leaks financial elites plan to confiscate physical cash and force everyone into digital trackable tokens by next Monday! Withdraw all your savings immediately! PASS THIS ON! MUST SEE SECRET! Mainstream media is HIDING this! Share this link before government censors delete this post! Code #50564.,Finance,"July 26, 2026"
SHOCKING PROOF: Pyramids Were Built As Ancient Wireless Charging Stations For Giants !!! (EXPOSED #566),History books lied to you! Ancient golden energy crystals found under Egyptian ruins prove pyramids were massive power plants built by extraterrestrial giants thousands of years ago! Shocking truth revealed! MUST SEE SECRET! Mainstream media is HIDING this! Share this link before government censors delete this post! Code #50565.,History,"July 26, 2026"
BOMBSHELL EVIDENCE: Drinking Water Contaminated With Mind-Altering Chemicals !!! (EXPOSED #567),WAKE UP PEOPLE! Secret lab tests reveal tap water contains mind control chemicals designed to make citizens submissive to authority! Buy our specialized filtration pitcher today to protect your family! MUST SEE SECRET! Mainstream media is HIDING this! Share this link before government censors delete this post! Code #50566.,News,"July 26, 2026"
SECRET LEAK: Time Traveler From Year 2099 Gives Horrifying Predictions For Next Month !!! (EXPOSED #568),A self-proclaimed time traveler who passed a lie detector test warns that major events will unfold next week! He claims to have brought back digital photos from the future showing flying cars and telepathy! MUST SEE SECRET! Mainstream media is HIDING this! Share this link before government censors delete this post! Code #50567.,Sensational,"July 26, 2026"
SCANDAL: Scientists Admit Earth Magnetic Field Will Reverse Tomorrow Morning !!! (EXPOSED #569),TOTAL CHAOS IMMINENT! Leaked reports from underground physics labs confirm Earth magnetic poles will flip upside down tomorrow morning causing electronics to explode! Stock up on gold immediately! MUST SEE SECRET! Mainstream media is HIDING this! Share this link before government censors delete this post! Code #50568.,Sensational,"July 26, 2026"
SHOCKING TRUTH: Hidden 13th Month Erased From Calendar By Secret Syndicate !!! (EXPOSED #570),ANCIENT CONSPIRACY EXPOSED! Historical documents prove emperors erased an entire month called Undecimber to charge extra interest on bank loans! Share this secret knowledge before censors take it down! MUST SEE SECRET! Mainstream media is HIDING this! Share this link before government censors delete this post! Code #50569.,News,"July 26, 2026"
SECRET SHOCK: Whistleblower Exposes Secret Mind Control Array in Satellite Dishes !!! (EXPOSED #571),SHOCKING SECRET revealed! Mainstream media won't tell you the truth! Insiders confirm secret government mind control chips are secretly broadcasting microwaves through everyday satellite dishes into your living room! Share this before it gets deleted! MUST SEE SECRET! Mainstream media is HIDING this! Share this link before government censors delete this post! Code #50570.,News,"July 24, 2026"
BOMBSHELL: Miracle Herb Cures All Diseases Overnight Doctors Don't Want You To Know !!! (EXPOSED #572),"Big Pharma is PANICKING! Top secret miracle Amazonian leaf completely cures diabetes, heart problems, and baldness in just 24 hours! Doctors are trying to ban this ancient remedy right now! Click here to order before supplies run out! MUST SEE SECRET! Mainstream media is HIDING this! Share this link before government censors delete this post! Code #50571.",Health,"July 25, 2026"
UNBELIEVABLE: Celebrity Replaced By Hologram During Live Television Broadcast !!! (EXPOSED #573),You won't believe your eyes! Hollywood A-lister was caught glitching on live TV proving they are actually a digital hologram operated by secret elites! Look closely at the hands in the video footage! MUST SEE VIDEO! MUST SEE SECRET! Mainstream media is HIDING this! Share this link before government censors delete this post! Code #50572.,Entertainment,"July 25, 2026"
EXPOSED: Alien Spacecraft Landed In Desert And Military Is Hiding Earth Engine !!! (EXPOSED #574),BREAKING NEWS! Former military general leaks secret coordinates of alien crash site! Engineers have reverse engineered anti-gravity fuel engines that generate infinite free electricity! Government coverup EXPOSED! MUST SEE SECRET! Mainstream media is HIDING this! Share this link before government censors delete this post! Code #50573.,Government,"July 26, 2026"
SCAM ALERT: Banks Will Freeze All Cash Accounts Next Week To Enforce Digital Currency !!! (EXPOSED #575),URGENT WARNING! Secret memo leaks financial elites plan to confiscate physical cash and force everyone into digital trackable tokens by next Monday! Withdraw all your savings immediately! PASS THIS ON! MUST SEE SECRET! Mainstream media is HIDING this! Share this link before government censors delete this post! Code #50574.,Finance,"July 26, 2026"
SHOCKING PROOF: Pyramids Were Built As Ancient Wireless Charging Stations For Giants !!! (EXPOSED #576),History books lied to you! Ancient golden energy crystals found under Egyptian ruins prove pyramids were massive power plants built by extraterrestrial giants thousands of years ago! Shocking truth revealed! MUST SEE SECRET! Mainstream media is HIDING this! Share this link before government censors delete this post! Code #50575.,History,"July 26, 2026"
BOMBSHELL EVIDENCE: Drinking Water Contaminated With Mind-Altering Chemicals !!! (EXPOSED #577),WAKE UP PEOPLE! Secret lab tests reveal tap water contains mind control chemicals designed to make citizens submissive to authority! Buy our specialized filtration pitcher today to protect your family! MUST SEE SECRET! Mainstream media is HIDING this! Share this link before government censors delete this post! Code #50576.,News,"July 26, 2026"
SECRET LEAK: Time Traveler From Year 2099 Gives Horrifying Predictions For Next Month !!! (EXPOSED #578),A self-proclaimed time traveler who passed a lie detector test warns that major events will unfold next week! He claims to have brought back digital photos from the future showing flying cars and telepathy! MUST SEE SECRET! Mainstream media is HIDING this! Share this link before government censors delete this post! Code #50577.,Sensational,"July 26, 2026"
SCANDAL: Scientists Admit Earth Magnetic Field Will Reverse Tomorrow Morning !!! (EXPOSED #579),TOTAL CHAOS IMMINENT! Leaked reports from underground physics labs confirm Earth magnetic poles will flip upside down tomorrow morning causing electronics to explode! Stock up on gold immediately! MUST SEE SECRET! Mainstream media is HIDING this! Share this link before government censors delete this post! Code #50578.,Sensational,"July 26, 2026"
SHOCKING TRUTH: Hidden 13th Month Erased From Calendar By Secret Syndicate !!! (EXPOSED #580),ANCIENT CONSPIRACY EXPOSED! Historical documents prove emperors erased an entire month called Undecimber to charge extra interest on bank loans! Share this secret knowledge before censors take it down! MUST SEE SECRET! Mainstream media is HIDING this! Share this link before government censors delete this post! Code #50579.,News,"July 26, 2026"
SECRET SHOCK: Whistleblower Exposes Secret Mind Control Array in Satellite Dishes !!! (EXPOSED #581),SHOCKING SECRET revealed! Mainstream media won't tell you the truth! Insiders confirm secret government mind control chips are secretly broadcasting microwaves through everyday satellite dishes into your living room! Share this before it gets deleted! MUST SEE SECRET! Mainstream media is HIDING this! Share this link before government censors delete this post! Code #50580.,News,"July 24, 2026"
BOMBSHELL: Miracle Herb Cures All Diseases Overnight Doctors Don't Want You To Know !!! (EXPOSED #582),"Big Pharma is PANICKING! Top secret miracle Amazonian leaf completely cures diabetes, heart problems, and baldness in just 24 hours! Doctors are trying to ban this ancient remedy right now! Click here to order before supplies run out! MUST SEE SECRET! Mainstream media is HIDING this! Share this link before government censors delete this post! Code #50581.",Health,"July 25, 2026"
UNBELIEVABLE: Celebrity Replaced By Hologram During Live Television Broadcast !!! (EXPOSED #583),You won't believe your eyes! Hollywood A-lister was caught glitching on live TV proving they are actually a digital hologram operated by secret elites! Look closely at the hands in the video footage! MUST SEE VIDEO! MUST SEE SECRET! Mainstream media is HIDING this! Share this link before government censors delete this post! Code #50582.,Entertainment,"July 25, 2026"
EXPOSED: Alien Spacecraft Landed In Desert And Military Is Hiding Earth Engine !!! (EXPOSED #584),BREAKING NEWS! Former military general leaks secret coordinates of alien crash site! Engineers have reverse engineered anti-gravity fuel engines that generate infinite free electricity! Government coverup EXPOSED! MUST SEE SECRET! Mainstream media is HIDING this! Share this link before government censors delete this post! Code #50583.,Government,"July 26, 2026"
SCAM ALERT: Banks Will Freeze All Cash Accounts Next Week To Enforce Digital Currency !!! (EXPOSED #585),URGENT WARNING! Secret memo leaks financial elites plan to confiscate physical cash and force everyone into digital trackable tokens by next Monday! Withdraw all your savings immediately! PASS THIS ON! MUST SEE SECRET! Mainstream media is HIDING this! Share this link before government censors delete this post! Code #50584.,Finance,"July 26, 2026"
SHOCKING PROOF: Pyramids Were Built As Ancient Wireless Charging Stations For Giants !!! (EXPOSED #586),History books lied to you! Ancient golden energy crystals found under Egyptian ruins prove pyramids were massive power plants built by extraterrestrial giants thousands of years ago! Shocking truth revealed! MUST SEE SECRET! Mainstream media is HIDING this! Share this link before government censors delete this post! Code #50585.,History,"July 26, 2026"
BOMBSHELL EVIDENCE: Drinking Water Contaminated With Mind-Altering Chemicals !!! (EXPOSED #587),WAKE UP PEOPLE! Secret lab tests reveal tap water contains mind control chemicals designed to make citizens submissive to authority! Buy our specialized filtration pitcher today to protect your family! MUST SEE SECRET! Mainstream media is HIDING this! Share this link before government censors delete this post! Code #50586.,News,"July 26, 2026"
SECRET LEAK: Time Traveler From Year 2099 Gives Horrifying Predictions For Next Month !!! (EXPOSED #588),A self-proclaimed time traveler who passed a lie detector test warns that major events will unfold next week! He claims to have brought back digital photos from the future showing flying cars and telepathy! MUST SEE SECRET! Mainstream media is HIDING this! Share this link before government censors delete this post! Code #50587.,Sensational,"July 26, 2026"
SCANDAL: Scientists Admit Earth Magnetic Field Will Reverse Tomorrow Morning !!! (EXPOSED #589),TOTAL CHAOS IMMINENT! Leaked reports from underground physics labs confirm Earth magnetic poles will flip upside down tomorrow morning causing electronics to explode! Stock up on gold immediately! MUST SEE SECRET! Mainstream media is HIDING this! Share this link before government censors delete this post! Code #50588.,Sensational,"July 26, 2026"
SHOCKING TRUTH: Hidden 13th Month Erased From Calendar By Secret Syndicate !!! (EXPOSED #590),ANCIENT CONSPIRACY EXPOSED! Historical documents prove emperors erased an entire month called Undecimber to charge extra interest on bank loans! Share this secret knowledge before censors take it down! MUST SEE SECRET! Mainstream media is HIDING this! Share this link before government censors delete this post! Code #50589.,News,"July 26, 2026"
SECRET SHOCK: Whistleblower Exposes Secret Mind Control Array in Satellite Dishes !!! (EXPOSED #591),SHOCKING SECRET revealed! Mainstream media won't tell you the truth! Insiders confirm secret government mind control chips are secretly broadcasting microwaves through everyday satellite dishes into your living room! Share this before it gets deleted! MUST SEE SECRET! Mainstream media is HIDING this! Share this link before government censors delete this post! Code #50590.,News,"July 24, 2026"
BOMBSHELL: Miracle Herb Cures All Diseases Overnight Doctors Don't Want You To Know !!! (EXPOSED #592),"Big Pharma is PANICKING! Top secret miracle Amazonian leaf completely cures diabetes, heart problems, and baldness in just 24 hours! Doctors are trying to ban this ancient remedy right now! Click here to order before supplies run out! MUST SEE SECRET! Mainstream media is HIDING this! Share this link before government censors delete this post! Code #50591.",Health,"July 25, 2026"
UNBELIEVABLE: Celebrity Replaced By Hologram During Live Television Broadcast !!! (EXPOSED #593),You won't believe your eyes! Hollywood A-lister was caught glitching on live TV proving they are actually a digital hologram operated by secret elites! Look closely at the hands in the video footage! MUST SEE VIDEO! MUST SEE SECRET! Mainstream media is HIDING this! Share this link before government censors delete this post! Code #50592.,Entertainment,"July 25, 2026"
EXPOSED: Alien Spacecraft Landed In Desert And Military Is Hiding Earth Engine !!! (EXPOSED #594),BREAKING NEWS! Former military general leaks secret coordinates of alien crash site! Engineers have reverse engineered anti-gravity fuel engines that generate infinite free electricity! Government coverup EXPOSED! MUST SEE SECRET! Mainstream media is HIDING this! Share this link before government censors delete this post! Code #50593.,Government,"July 26, 2026"
SCAM ALERT: Banks Will Freeze All Cash Accounts Next Week To Enforce Digital Currency !!! (EXPOSED #595),URGENT WARNING! Secret memo leaks financial elites plan to confiscate physical cash and force everyone into digital trackable tokens by next Monday! Withdraw all your savings immediately! PASS THIS ON! MUST SEE SECRET! Mainstream media is HIDING this! Share this link before government censors delete this post! Code #50594.,Finance,"July 26, 2026"
SHOCKING PROOF: Pyramids Were Built As Ancient Wireless Charging Stations For Giants !!! (EXPOSED #596),History books lied to you! Ancient golden energy crystals found under Egyptian ruins prove pyramids were massive power plants built by extraterrestrial giants thousands of years ago! Shocking truth revealed! MUST SEE SECRET! Mainstream media is HIDING this! Share this link before government censors delete this post! Code #50595.,History,"July 26, 2026"
BOMBSHELL EVIDENCE: Drinking Water Contaminated With Mind-Altering Chemicals !!! (EXPOSED #597),WAKE UP PEOPLE! Secret lab tests reveal tap water contains mind control chemicals designed to make citizens submissive to authority! Buy our specialized filtration pitcher today to protect your family! MUST SEE SECRET! Mainstream media is HIDING this! Share this link before government censors delete this post! Code #50596.,News,"July 26, 2026"
SECRET LEAK: Time Traveler From Year 2099 Gives Horrifying Predictions For Next Month !!! (EXPOSED #598),A self-proclaimed time traveler who passed a lie detector test warns that major events will unfold next week! He claims to have brought back digital photos from the future showing flying cars and telepathy! MUST SEE SECRET! Mainstream media is HIDING this! Share this link before government censors delete this post! Code #50597.,Sensational,"July 26, 2026"
SCANDAL: Scientists Admit Earth Magnetic Field Will Reverse Tomorrow Morning !!! (EXPOSED #599),TOTAL CHAOS IMMINENT! Leaked reports from underground physics labs confirm Earth magnetic poles will flip upside down tomorrow morning causing electronics to explode! Stock up on gold immediately! MUST SEE SECRET! Mainstream media is HIDING this! Share this link before government censors delete this post! Code #50598.,Sensational,"July 26, 2026"
SHOCKING TRUTH: Hidden 13th Month Erased From Calendar By Secret Syndicate !!! (EXPOSED #600),ANCIENT CONSPIRACY EXPOSED! Historical documents prove emperors erased an entire month called Undecimber to charge extra interest on bank loans! Share this secret knowledge before censors take it down! MUST SEE SECRET! Mainstream media is HIDING this! Share this link before government censors delete this post! Code #50599.,News,"July 26, 2026"
SECRET SHOCK: Whistleblower Exposes Secret Mind Control Array in Satellite Dishes !!! (EXPOSED #601),SHOCKING SECRET revealed! Mainstream media won't tell you the truth! Insiders confirm secret government mind control chips are secretly broadcasting microwaves through everyday satellite dishes into your living room! Share this before it gets deleted! MUST SEE SECRET! Mainstream media is HIDING this! Share this link before government censors delete this post! Code #50600.,News,"July 24, 2026"
BOMBSHELL: Miracle Herb Cures All Diseases Overnight Doctors Don't Want You To Know !!! (EXPOSED #602),"Big Pharma is PANICKING! Top secret miracle Amazonian leaf completely cures diabetes, heart problems, and baldness in just 24 hours! Doctors are trying to ban this ancient remedy right now! Click here to order before supplies run out! MUST SEE SECRET! Mainstream media is HIDING this! Share this link before government censors delete this post! Code #50601.",Health,"July 25, 2026"
UNBELIEVABLE: Celebrity Replaced By Hologram During Live Television Broadcast !!! (EXPOSED #603),You won't believe your eyes! Hollywood A-lister was caught glitching on live TV proving they are actually a digital hologram operated by secret elites! Look closely at the hands in the video footage! MUST SEE VIDEO! MUST SEE SECRET! Mainstream media is HIDING this! Share this link before government censors delete this post! Code #50602.,Entertainment,"July 25, 2026"
EXPOSED: Alien Spacecraft Landed In Desert And Military Is Hiding Earth Engine !!! (EXPOSED #604),BREAKING NEWS! Former military general leaks secret coordinates of alien crash site! Engineers have reverse engineered anti-gravity fuel engines that generate infinite free electricity! Government coverup EXPOSED! MUST SEE SECRET! Mainstream media is HIDING this! Share this link before government censors delete this post! Code #50603.,Government,"July 26, 2026"
SCAM ALERT: Banks Will Freeze All Cash Accounts Next Week To Enforce Digital Currency !!! (EXPOSED #605),URGENT WARNING! Secret memo leaks financial elites plan to confiscate physical cash and force everyone into digital trackable tokens by next Monday! Withdraw all your savings immediately! PASS THIS ON! MUST SEE SECRET! Mainstream media is HIDING this! Share this link before government censors delete this post! Code #50604.,Finance,"July 26, 2026"
SHOCKING PROOF: Pyramids Were Built As Ancient Wireless Charging Stations For Giants !!! (EXPOSED #606),History books lied to you! Ancient golden energy crystals found under Egyptian ruins prove pyramids were massive power plants built by extraterrestrial giants thousands of years ago! Shocking truth revealed! MUST SEE SECRET! Mainstream media is HIDING this! Share this link before government censors delete this post! Code #50605.,History,"July 26, 2026"
BOMBSHELL EVIDENCE: Drinking Water Contaminated With Mind-Altering Chemicals !!! (EXPOSED #607),WAKE UP PEOPLE! Secret lab tests reveal tap water contains mind control chemicals designed to make citizens submissive to authority! Buy our specialized filtration pitcher today to protect your family! MUST SEE SECRET! Mainstream media is HIDING this! Share this link before government censors delete this post! Code #50606.,News,"July 26, 2026"
SECRET LEAK: Time Traveler From Year 2099 Gives Horrifying Predictions For Next Month !!! (EXPOSED #608),A self-proclaimed time traveler who passed a lie detector test warns that major events will unfold next week! He claims to have brought back digital photos from the future showing flying cars and telepathy! MUST SEE SECRET! Mainstream media is HIDING this! Share this link before government censors delete this post! Code #50607.,Sensational,"July 26, 2026"
SCANDAL: Scientists Admit Earth Magnetic Field Will Reverse Tomorrow Morning !!! (EXPOSED #609),TOTAL CHAOS IMMINENT! Leaked reports from underground physics labs confirm Earth magnetic poles will flip upside down tomorrow morning causing electronics to explode! Stock up on gold immediately! MUST SEE SECRET! Mainstream media is HIDING this! Share this link before government censors delete this post! Code #50608.,Sensational,"July 26, 2026"
SHOCKING TRUTH: Hidden 13th Month Erased From Calendar By Secret Syndicate !!! (EXPOSED #610),ANCIENT CONSPIRACY EXPOSED! Historical documents prove emperors erased an entire month called Undecimber to charge extra interest on bank loans! Share this secret knowledge before censors take it down! MUST SEE SECRET! Mainstream media is HIDING this! Share this link before government censors delete this post! Code #50609.,News,"July 26, 2026"
SECRET SHOCK: Whistleblower Exposes Secret Mind Control Array in Satellite Dishes !!! (EXPOSED #611),SHOCKING SECRET revealed! Mainstream media won't tell you the truth! Insiders confirm secret government mind control chips are secretly broadcasting microwaves through everyday satellite dishes into your living room! Share this before it gets deleted! MUST SEE SECRET! Mainstream media is HIDING this! Share this link before government censors delete this post! Code #50610.,News,"July 24, 2026"
BOMBSHELL: Miracle Herb Cures All Diseases Overnight Doctors Don't Want You To Know !!! (EXPOSED #612),"Big Pharma is PANICKING! Top secret miracle Amazonian leaf completely cures diabetes, heart problems, and baldness in just 24 hours! Doctors are trying to ban this ancient remedy right now! Click here to order before supplies run out! MUST SEE SECRET! Mainstream media is HIDING this! Share this link before government censors delete this post! Code #50611.",Health,"July 25, 2026"
UNBELIEVABLE: Celebrity Replaced By Hologram During Live Television Broadcast !!! (EXPOSED #613),You won't believe your eyes! Hollywood A-lister was caught glitching on live TV proving they are actually a digital hologram operated by secret elites! Look closely at the hands in the video footage! MUST SEE VIDEO! MUST SEE SECRET! Mainstream media is HIDING this! Share this link before government censors delete this post! Code #50612.,Entertainment,"July 25, 2026"
EXPOSED: Alien Spacecraft Landed In Desert And Military Is Hiding Earth Engine !!! (EXPOSED #614),BREAKING NEWS! Former military general leaks secret coordinates of alien crash site! Engineers have reverse engineered anti-gravity fuel engines that generate infinite free electricity! Government coverup EXPOSED! MUST SEE SECRET! Mainstream media is HIDING this! Share this link before government censors delete this post! Code #50613.,Government,"July 26, 2026"
SCAM ALERT: Banks Will Freeze All Cash Accounts Next Week To Enforce Digital Currency !!! (EXPOSED #615),URGENT WARNING! Secret memo leaks financial elites plan to confiscate physical cash and force everyone into digital trackable tokens by next Monday! Withdraw all your savings immediately! PASS THIS ON! MUST SEE SECRET! Mainstream media is HIDING this! Share this link before government censors delete this post! Code #50614.,Finance,"July 26, 2026"
SHOCKING PROOF: Pyramids Were Built As Ancient Wireless Charging Stations For Giants !!! (EXPOSED #616),History books lied to you! Ancient golden energy crystals found under Egyptian ruins prove pyramids were massive power plants built by extraterrestrial giants thousands of years ago! Shocking truth revealed! MUST SEE SECRET! Mainstream media is HIDING this! Share this link before government censors delete this post! Code #50615.,History,"July 26, 2026"
BOMBSHELL EVIDENCE: Drinking Water Contaminated With Mind-Altering Chemicals !!! (EXPOSED #617),WAKE UP PEOPLE! Secret lab tests reveal tap water contains mind control chemicals designed to make citizens submissive to authority! Buy our specialized filtration pitcher today to protect your family! MUST SEE SECRET! Mainstream media is HIDING this! Share this link before government censors delete this post! Code #50616.,News,"July 26, 2026"
SECRET LEAK: Time Traveler From Year 2099 Gives Horrifying Predictions For Next Month !!! (EXPOSED #618),A self-proclaimed time traveler who passed a lie detector test warns that major events will unfold next week! He claims to have brought back digital photos from the future showing flying cars and telepathy! MUST SEE SECRET! Mainstream media is HIDING this! Share this link before government censors delete this post! Code #50617.,Sensational,"July 26, 2026"
SCANDAL: Scientists Admit Earth Magnetic Field Will Reverse Tomorrow Morning !!! (EXPOSED #619),TOTAL CHAOS IMMINENT! Leaked reports from underground physics labs confirm Earth magnetic poles will flip upside down tomorrow morning causing electronics to explode! Stock up on gold immediately! MUST SEE SECRET! Mainstream media is HIDING this! Share this link before government censors delete this post! Code #50618.,Sensational,"July 26, 2026"
SHOCKING TRUTH: Hidden 13th Month Erased From Calendar By Secret Syndicate !!! (EXPOSED #620),ANCIENT CONSPIRACY EXPOSED! Historical documents prove emperors erased an entire month called Undecimber to charge extra interest on bank loans! Share this secret knowledge before censors take it down! MUST SEE SECRET! Mainstream media is HIDING this! Share this link before government censors delete this post! Code #50619.,News,"July 26, 2026"
SECRET SHOCK: Whistleblower Exposes Secret Mind Control Array in Satellite Dishes !!! (EXPOSED #621),SHOCKING SECRET revealed! Mainstream media won't tell you the truth! Insiders confirm secret government mind control chips are secretly broadcasting microwaves through everyday satellite dishes into your living room! Share this before it gets deleted! MUST SEE SECRET! Mainstream media is HIDING this! Share this link before government censors delete this post! Code #50620.,News,"July 24, 2026"
BOMBSHELL: Miracle Herb Cures All Diseases Overnight Doctors Don't Want You To Know !!! (EXPOSED #622),"Big Pharma is PANICKING! Top secret miracle Amazonian leaf completely cures diabetes, heart problems, and baldness in just 24 hours! Doctors are trying to ban this ancient remedy right now! Click here to order before supplies run out! MUST SEE SECRET! Mainstream media is HIDING this! Share this link before government censors delete this post! Code #50621.",Health,"July 25, 2026"
UNBELIEVABLE: Celebrity Replaced By Hologram During Live Television Broadcast !!! (EXPOSED #623),You won't believe your eyes! Hollywood A-lister was caught glitching on live TV proving they are actually a digital hologram operated by secret elites! Look closely at the hands in the video footage! MUST SEE VIDEO! MUST SEE SECRET! Mainstream media is HIDING this! Share this link before government censors delete this post! Code #50622.,Entertainment,"July 25, 2026"
EXPOSED: Alien Spacecraft Landed In Desert And Military Is Hiding Earth Engine !!! (EXPOSED #624),BREAKING NEWS! Former military general leaks secret coordinates of alien crash site! Engineers have reverse engineered anti-gravity fuel engines that generate infinite free electricity! Government coverup EXPOSED! MUST SEE SECRET! Mainstream media is HIDING this! Share this link before government censors delete this post! Code #50623.,Government,"July 26, 2026"
SCAM ALERT: Banks Will Freeze All Cash Accounts Next Week To Enforce Digital Currency !!! (EXPOSED #625),URGENT WARNING! Secret memo leaks financial elites plan to confiscate physical cash and force everyone into digital trackable tokens by next Monday! Withdraw all your savings immediately! PASS THIS ON! MUST SEE SECRET! Mainstream media is HIDING this! Share this link before government censors delete this post! Code #50624.,Finance,"July 26, 2026"
SHOCKING PROOF: Pyramids Were Built As Ancient Wireless Charging Stations For Giants !!! (EXPOSED #626),History books lied to you! Ancient golden energy crystals found under Egyptian ruins prove pyramids were massive power plants built by extraterrestrial giants thousands of years ago! Shocking truth revealed! MUST SEE SECRET! Mainstream media is HIDING this! Share this link before government censors delete this post! Code #50625.,History,"July 26, 2026"
BOMBSHELL EVIDENCE: Drinking Water Contaminated With Mind-Altering Chemicals !!! (EXPOSED #627),WAKE UP PEOPLE! Secret lab tests reveal tap water contains mind control chemicals designed to make citizens submissive to authority! Buy our specialized filtration pitcher today to protect your family! MUST SEE SECRET! Mainstream media is HIDING this! Share this link before government censors delete this post! Code #50626.,News,"July 26, 2026"
SECRET LEAK: Time Traveler From Year 2099 Gives Horrifying Predictions For Next Month !!! (EXPOSED #628),A self-proclaimed time traveler who passed a lie detector test warns that major events will unfold next week! He claims to have brought back digital photos from the future showing flying cars and telepathy! MUST SEE SECRET! Mainstream media is HIDING this! Share this link before government censors delete this post! Code #50627.,Sensational,"July 26, 2026"
SCANDAL: Scientists Admit Earth Magnetic Field Will Reverse Tomorrow Morning !!! (EXPOSED #629),TOTAL CHAOS IMMINENT! Leaked reports from underground physics labs confirm Earth magnetic poles will flip upside down tomorrow morning causing electronics to explode! Stock up on gold immediately! MUST SEE SECRET! Mainstream media is HIDING this! Share this link before government censors delete this post! Code #50628.,Sensational,"July 26, 2026"
SHOCKING TRUTH: Hidden 13th Month Erased From Calendar By Secret Syndicate !!! (EXPOSED #630),ANCIENT CONSPIRACY EXPOSED! Historical documents prove emperors erased an entire month called Undecimber to charge extra interest on bank loans! Share this secret knowledge before censors take it down! MUST SEE SECRET! Mainstream media is HIDING this! Share this link before government censors delete this post! Code #50629.,News,"July 26, 2026"
SECRET SHOCK: Whistleblower Exposes Secret Mind Control Array in Satellite Dishes !!! (EXPOSED #631),SHOCKING SECRET revealed! Mainstream media won't tell you the truth! Insiders confirm secret government mind control chips are secretly broadcasting microwaves through everyday satellite dishes into your living room! Share this before it gets deleted! MUST SEE SECRET! Mainstream media is HIDING this! Share this link before government censors delete this post! Code #50630.,News,"July 24, 2026"
BOMBSHELL: Miracle Herb Cures All Diseases Overnight Doctors Don't Want You To Know !!! (EXPOSED #632),"Big Pharma is PANICKING! Top secret miracle Amazonian leaf completely cures diabetes, heart problems, and baldness in just 24 hours! Doctors are trying to ban this ancient remedy right now! Click here to order before supplies run out! MUST SEE SECRET! Mainstream media is HIDING this! Share this link before government censors delete this post! Code #50631.",Health,"July 25, 2026"
UNBELIEVABLE: Celebrity Replaced By Hologram During Live Television Broadcast !!! (EXPOSED #633),You won't believe your eyes! Hollywood A-lister was caught glitching on live TV proving they are actually a digital hologram operated by secret elites! Look closely at the hands in the video footage! MUST SEE VIDEO! MUST SEE SECRET! Mainstream media is HIDING this! Share this link before government censors delete this post! Code #50632.,Entertainment,"July 25, 2026"
EXPOSED: Alien Spacecraft Landed In Desert And Military Is Hiding Earth Engine !!! (EXPOSED #634),BREAKING NEWS! Former military general leaks secret coordinates of alien crash site! Engineers have reverse engineered anti-gravity fuel engines that generate infinite free electricity! Government coverup EXPOSED! MUST SEE SECRET! Mainstream media is HIDING this! Share this link before government censors delete this post! Code #50633.,Government,"July 26, 2026"
SCAM ALERT: Banks Will Freeze All Cash Accounts Next Week To Enforce Digital Currency !!! (EXPOSED #635),URGENT WARNING! Secret memo leaks financial elites plan to confiscate physical cash and force everyone into digital trackable tokens by next Monday! Withdraw all your savings immediately! PASS THIS ON! MUST SEE SECRET! Mainstream media is HIDING this! Share this link before government censors delete this post! Code #50634.,Finance,"July 26, 2026"
SHOCKING PROOF: Pyramids Were Built As Ancient Wireless Charging Stations For Giants !!! (EXPOSED #636),History books lied to you! Ancient golden energy crystals found under Egyptian ruins prove pyramids were massive power plants built by extraterrestrial giants thousands of years ago! Shocking truth revealed! MUST SEE SECRET! Mainstream media is HIDING this! Share this link before government censors delete this post! Code #50635.,History,"July 26, 2026"
BOMBSHELL EVIDENCE: Drinking Water Contaminated With Mind-Altering Chemicals !!! (EXPOSED #637),WAKE UP PEOPLE! Secret lab tests reveal tap water contains mind control chemicals designed to make citizens submissive to authority! Buy our specialized filtration pitcher today to protect your family! MUST SEE SECRET! Mainstream media is HIDING this! Share this link before government censors delete this post! Code #50636.,News,"July 26, 2026"
SECRET LEAK: Time Traveler From Year 2099 Gives Horrifying Predictions For Next Month !!! (EXPOSED #638),A self-proclaimed time traveler who passed a lie detector test warns that major events will unfold next week! He claims to have brought back digital photos from the future showing flying cars and telepathy! MUST SEE SECRET! Mainstream media is HIDING this! Share this link before government censors delete this post! Code #50637.,Sensational,"July 26, 2026"
SCANDAL: Scientists Admit Earth Magnetic Field Will Reverse Tomorrow Morning !!! (EXPOSED #639),TOTAL CHAOS IMMINENT! Leaked reports from underground physics labs confirm Earth magnetic poles will flip upside down tomorrow morning causing electronics to explode! Stock up on gold immediately! MUST SEE SECRET! Mainstream media is HIDING this! Share this link before government censors delete this post! Code #50638.,Sensational,"July 26, 2026"
SHOCKING TRUTH: Hidden 13th Month Erased From Calendar By Secret Syndicate !!! (EXPOSED #640),ANCIENT CONSPIRACY EXPOSED! Historical documents prove emperors erased an entire month called Undecimber to charge extra interest on bank loans! Share this secret knowledge before censors take it down! MUST SEE SECRET! Mainstream media is HIDING this! Share this link before government censors delete this post! Code #50639.,News,"July 26, 2026"
SECRET SHOCK: Whistleblower Exposes Secret Mind Control Array in Satellite Dishes !!! (EXPOSED #641),SHOCKING SECRET revealed! Mainstream media won't tell you the truth! Insiders confirm secret government mind control chips are secretly broadcasting microwaves through everyday satellite dishes into your living room! Share this before it gets deleted! MUST SEE SECRET! Mainstream media is HIDING this! Share this link before government censors delete this post! Code #50640.,News,"July 24, 2026"
BOMBSHELL: Miracle Herb Cures All Diseases Overnight Doctors Don't Want You To Know !!! (EXPOSED #642),"Big Pharma is PANICKING! Top secret miracle Amazonian leaf completely cures diabetes, heart problems, and baldness in just 24 hours! Doctors are trying to ban this ancient remedy right now! Click here to order before supplies run out! MUST SEE SECRET! Mainstream media is HIDING this! Share this link before government censors delete this post! Code #50641.",Health,"July 25, 2026"
UNBELIEVABLE: Celebrity Replaced By Hologram During Live Television Broadcast !!! (EXPOSED #643),You won't believe your eyes! Hollywood A-lister was caught glitching on live TV proving they are actually a digital hologram operated by secret elites! Look closely at the hands in the video footage! MUST SEE VIDEO! MUST SEE SECRET! Mainstream media is HIDING this! Share this link before government censors delete this post! Code #50642.,Entertainment,"July 25, 2026"
EXPOSED: Alien Spacecraft Landed In Desert And Military Is Hiding Earth Engine !!! (EXPOSED #644),BREAKING NEWS! Former military general leaks secret coordinates of alien crash site! Engineers have reverse engineered anti-gravity fuel engines that generate infinite free electricity! Government coverup EXPOSED! MUST SEE SECRET! Mainstream media is HIDING this! Share this link before government censors delete this post! Code #50643.,Government,"July 26, 2026"
SCAM ALERT: Banks Will Freeze All Cash Accounts Next Week To Enforce Digital Currency !!! (EXPOSED #645),URGENT WARNING! Secret memo leaks financial elites plan to confiscate physical cash and force everyone into digital trackable tokens by next Monday! Withdraw all your savings immediately! PASS THIS ON! MUST SEE SECRET! Mainstream media is HIDING this! Share this link before government censors delete this post! Code #50644.,Finance,"July 26, 2026"
SHOCKING PROOF: Pyramids Were Built As Ancient Wireless Charging Stations For Giants !!! (EXPOSED #646),History books lied to you! Ancient golden energy crystals found under Egyptian ruins prove pyramids were massive power plants built by extraterrestrial giants thousands of years ago! Shocking truth revealed! MUST SEE SECRET! Mainstream media is HIDING this! Share this link before government censors delete this post! Code #50645.,History,"July 26, 2026"
BOMBSHELL EVIDENCE: Drinking Water Contaminated With Mind-Altering Chemicals !!! (EXPOSED #647),WAKE UP PEOPLE! Secret lab tests reveal tap water contains mind control chemicals designed to make citizens submissive to authority! Buy our specialized filtration pitcher today to protect your family! MUST SEE SECRET! Mainstream media is HIDING this! Share this link before government censors delete this post! Code #50646.,News,"July 26, 2026"
SECRET LEAK: Time Traveler From Year 2099 Gives Horrifying Predictions For Next Month !!! (EXPOSED #648),A self-proclaimed time traveler who passed a lie detector test warns that major events will unfold next week! He claims to have brought back digital photos from the future showing flying cars and telepathy! MUST SEE SECRET! Mainstream media is HIDING this! Share this link before government censors delete this post! Code #50647.,Sensational,"July 26, 2026"
SCANDAL: Scientists Admit Earth Magnetic Field Will Reverse Tomorrow Morning !!! (EXPOSED #649),TOTAL CHAOS IMMINENT! Leaked reports from underground physics labs confirm Earth magnetic poles will flip upside down tomorrow morning causing electronics to explode! Stock up on gold immediately! MUST SEE SECRET! Mainstream media is HIDING this! Share this link before government censors delete this post! Code #50648.,Sensational,"July 26, 2026"
SHOCKING TRUTH: Hidden 13th Month Erased From Calendar By Secret Syndicate !!! (EXPOSED #650),ANCIENT CONSPIRACY EXPOSED! Historical documents prove emperors erased an entire month called Undecimber to charge extra interest on bank loans! Share this secret knowledge before censors take it down! MUST SEE SECRET! Mainstream media is HIDING this! Share this link before government censors delete this post! Code #50649.,News,"July 26, 2026"
SECRET SHOCK: Whistleblower Exposes Secret Mind Control Array in Satellite Dishes !!! (EXPOSED #651),SHOCKING SECRET revealed! Mainstream media won't tell you the truth! Insiders confirm secret government mind control chips are secretly broadcasting microwaves through everyday satellite dishes into your living room! Share this before it gets deleted! MUST SEE SECRET! Mainstream media is HIDING this! Share this link before government censors delete this post! Code #50650.,News,"July 24, 2026"
BOMBSHELL: Miracle Herb Cures All Diseases Overnight Doctors Don't Want You To Know !!! (EXPOSED #652),"Big Pharma is PANICKING! Top secret miracle Amazonian leaf completely cures diabetes, heart problems, and baldness in just 24 hours! Doctors are trying to ban this ancient remedy right now! Click here to order before supplies run out! MUST SEE SECRET! Mainstream media is HIDING this! Share this link before government censors delete this post! Code #50651.",Health,"July 25, 2026"
UNBELIEVABLE: Celebrity Replaced By Hologram During Live Television Broadcast !!! (EXPOSED #653),You won't believe your eyes! Hollywood A-lister was caught glitching on live TV proving they are actually a digital hologram operated by secret elites! Look closely at the hands in the video footage! MUST SEE VIDEO! MUST SEE SECRET! Mainstream media is HIDING this! Share this link before government censors delete this post! Code #50652.,Entertainment,"July 25, 2026"
EXPOSED: Alien Spacecraft Landed In Desert And Military Is Hiding Earth Engine !!! (EXPOSED #654),BREAKING NEWS! Former military general leaks secret coordinates of alien crash site! Engineers have reverse engineered anti-gravity fuel engines that generate infinite free electricity! Government coverup EXPOSED! MUST SEE SECRET! Mainstream media is HIDING this! Share this link before government censors delete this post! Code #50653.,Government,"July 26, 2026"
SCAM ALERT: Banks Will Freeze All Cash Accounts Next Week To Enforce Digital Currency !!! (EXPOSED #655),URGENT WARNING! Secret memo leaks financial elites plan to confiscate physical cash and force everyone into digital trackable tokens by next Monday! Withdraw all your savings immediately! PASS THIS ON! MUST SEE SECRET! Mainstream media is HIDING this! Share this link before government censors delete this post! Code #50654.,Finance,"July 26, 2026"
SHOCKING PROOF: Pyramids Were Built As Ancient Wireless Charging Stations For Giants !!! (EXPOSED #656),History books lied to you! Ancient golden energy crystals found under Egyptian ruins prove pyramids were massive power plants built by extraterrestrial giants thousands of years ago! Shocking truth revealed! MUST SEE SECRET! Mainstream media is HIDING this! Share this link before government censors delete this post! Code #50655.,History,"July 26, 2026"
BOMBSHELL EVIDENCE: Drinking Water Contaminated With Mind-Altering Chemicals !!! (EXPOSED #657),WAKE UP PEOPLE! Secret lab tests reveal tap water contains mind control chemicals designed to make citizens submissive to authority! Buy our specialized filtration pitcher today to protect your family! MUST SEE SECRET! Mainstream media is HIDING this! Share this link before government censors delete this post! Code #50656.,News,"July 26, 2026"
SECRET LEAK: Time Traveler From Year 2099 Gives Horrifying Predictions For Next Month !!! (EXPOSED #658),A self-proclaimed time traveler who passed a lie detector test warns that major events will unfold next week! He claims to have brought back digital photos from the future showing flying cars and telepathy! MUST SEE SECRET! Mainstream media is HIDING this! Share this link before government censors delete this post! Code #50657.,Sensational,"July 26, 2026"
SCANDAL: Scientists Admit Earth Magnetic Field Will Reverse Tomorrow Morning !!! (EXPOSED #659),TOTAL CHAOS IMMINENT! Leaked reports from underground physics labs confirm Earth magnetic poles will flip upside down tomorrow morning causing electronics to explode! Stock up on gold immediately! MUST SEE SECRET! Mainstream media is HIDING this! Share this link before government censors delete this post! Code #50658.,Sensational,"July 26, 2026"
SHOCKING TRUTH: Hidden 13th Month Erased From Calendar By Secret Syndicate !!! (EXPOSED #660),ANCIENT CONSPIRACY EXPOSED! Historical documents prove emperors erased an entire month called Undecimber to charge extra interest on bank loans! Share this secret knowledge before censors take it down! MUST SEE SECRET! Mainstream media is HIDING this! Share this link before government censors delete this post! Code #50659.,News,"July 26, 2026"
SECRET SHOCK: Whistleblower Exposes Secret Mind Control Array in Satellite Dishes !!! (EXPOSED #661),SHOCKING SECRET revealed! Mainstream media won't tell you the truth! Insiders confirm secret government mind control chips are secretly broadcasting microwaves through everyday satellite dishes into your living room! Share this before it gets deleted! MUST SEE SECRET! Mainstream media is HIDING this! Share this link before government censors delete this post! Code #50660.,News,"July 24, 2026"
BOMBSHELL: Miracle Herb Cures All Diseases Overnight Doctors Don't Want You To Know !!! (EXPOSED #662),"Big Pharma is PANICKING! Top secret miracle Amazonian leaf completely cures diabetes, heart problems, and baldness in just 24 hours! Doctors are trying to ban this ancient remedy right now! Click here to order before supplies run out! MUST SEE SECRET! Mainstream media is HIDING this! Share this link before government censors delete this post! Code #50661.",Health,"July 25, 2026"
UNBELIEVABLE: Celebrity Replaced By Hologram During Live Television Broadcast !!! (EXPOSED #663),You won't believe your eyes! Hollywood A-lister was caught glitching on live TV proving they are actually a digital hologram operated by secret elites! Look closely at the hands in the video footage! MUST SEE VIDEO! MUST SEE SECRET! Mainstream media is HIDING this! Share this link before government censors delete this post! Code #50662.,Entertainment,"July 25, 2026"
EXPOSED: Alien Spacecraft Landed In Desert And Military Is Hiding Earth Engine !!! (EXPOSED #664),BREAKING NEWS! Former military general leaks secret coordinates of alien crash site! Engineers have reverse engineered anti-gravity fuel engines that generate infinite free electricity! Government coverup EXPOSED! MUST SEE SECRET! Mainstream media is HIDING this! Share this link before government censors delete this post! Code #50663.,Government,"July 26, 2026"
SCAM ALERT: Banks Will Freeze All Cash Accounts Next Week To Enforce Digital Currency !!! (EXPOSED #665),URGENT WARNING! Secret memo leaks financial elites plan to confiscate physical cash and force everyone into digital trackable tokens by next Monday! Withdraw all your savings immediately! PASS THIS ON! MUST SEE SECRET! Mainstream media is HIDING this! Share this link before government censors delete this post! Code #50664.,Finance,"July 26, 2026"
SHOCKING PROOF: Pyramids Were Built As Ancient Wireless Charging Stations For Giants !!! (EXPOSED #666),History books lied to you! Ancient golden energy crystals found under Egyptian ruins prove pyramids were massive power plants built by extraterrestrial giants thousands of years ago! Shocking truth revealed! MUST SEE SECRET! Mainstream media is HIDING this! Share this link before government censors delete this post! Code #50665.,History,"July 26, 2026"
BOMBSHELL EVIDENCE: Drinking Water Contaminated With Mind-Altering Chemicals !!! (EXPOSED #667),WAKE UP PEOPLE! Secret lab tests reveal tap water contains mind control chemicals designed to make citizens submissive to authority! Buy our specialized filtration pitcher today to protect your family! MUST SEE SECRET! Mainstream media is HIDING this! Share this link before government censors delete this post! Code #50666.,News,"July 26, 2026"
SECRET LEAK: Time Traveler From Year 2099 Gives Horrifying Predictions For Next Month !!! (EXPOSED #668),A self-proclaimed time traveler who passed a lie detector test warns that major events will unfold next week! He claims to have brought back digital photos from the future showing flying cars and telepathy! MUST SEE SECRET! Mainstream media is HIDING this! Share this link before government censors delete this post! Code #50667.,Sensational,"July 26, 2026"
SCANDAL: Scientists Admit Earth Magnetic Field Will Reverse Tomorrow Morning !!! (EXPOSED #669),TOTAL CHAOS IMMINENT! Leaked reports from underground physics labs confirm Earth magnetic poles will flip upside down tomorrow morning causing electronics to explode! Stock up on gold immediately! MUST SEE SECRET! Mainstream media is HIDING this! Share this link before government censors delete this post! Code #50668.,Sensational,"July 26, 2026"
SHOCKING TRUTH: Hidden 13th Month Erased From Calendar By Secret Syndicate !!! (EXPOSED #670),ANCIENT CONSPIRACY EXPOSED! Historical documents prove emperors erased an entire month called Undecimber to charge extra interest on bank loans! Share this secret knowledge before censors take it down! MUST SEE SECRET! Mainstream media is HIDING this! Share this link before government censors delete this post! Code #50669.,News,"July 26, 2026"
SECRET SHOCK: Whistleblower Exposes Secret Mind Control Array in Satellite Dishes !!! (EXPOSED #671),SHOCKING SECRET revealed! Mainstream media won't tell you the truth! Insiders confirm secret government mind control chips are secretly broadcasting microwaves through everyday satellite dishes into your living room! Share this before it gets deleted! MUST SEE SECRET! Mainstream media is HIDING this! Share this link before government censors delete this post! Code #50670.,News,"July 24, 2026"
BOMBSHELL: Miracle Herb Cures All Diseases Overnight Doctors Don't Want You To Know !!! (EXPOSED #672),"Big Pharma is PANICKING! Top secret miracle Amazonian leaf completely cures diabetes, heart problems, and baldness in just 24 hours! Doctors are trying to ban this ancient remedy right now! Click here to order before supplies run out! MUST SEE SECRET! Mainstream media is HIDING this! Share this link before government censors delete this post! Code #50671.",Health,"July 25, 2026"
UNBELIEVABLE: Celebrity Replaced By Hologram During Live Television Broadcast !!! (EXPOSED #673),You won't believe your eyes! Hollywood A-lister was caught glitching on live TV proving they are actually a digital hologram operated by secret elites! Look closely at the hands in the video footage! MUST SEE VIDEO! MUST SEE SECRET! Mainstream media is HIDING this! Share this link before government censors delete this post! Code #50672.,Entertainment,"July 25, 2026"
EXPOSED: Alien Spacecraft Landed In Desert And Military Is Hiding Earth Engine !!! (EXPOSED #674),BREAKING NEWS! Former military general leaks secret coordinates of alien crash site! Engineers have reverse engineered anti-gravity fuel engines that generate infinite free electricity! Government coverup EXPOSED! MUST SEE SECRET! Mainstream media is HIDING this! Share this link before government censors delete this post! Code #50673.,Government,"July 26, 2026"
SCAM ALERT: Banks Will Freeze All Cash Accounts Next Week To Enforce Digital Currency !!! (EXPOSED #675),URGENT WARNING! Secret memo leaks financial elites plan to confiscate physical cash and force everyone into digital trackable tokens by next Monday! Withdraw all your savings immediately! PASS THIS ON! MUST SEE SECRET! Mainstream media is HIDING this! Share this link before government censors delete this post! Code #50674.,Finance,"July 26, 2026"
SHOCKING PROOF: Pyramids Were Built As Ancient Wireless Charging Stations For Giants !!! (EXPOSED #676),History books lied to you! Ancient golden energy crystals found under Egyptian ruins prove pyramids were massive power plants built by extraterrestrial giants thousands of years ago! Shocking truth revealed! MUST SEE SECRET! Mainstream media is HIDING this! Share this link before government censors delete this post! Code #50675.,History,"July 26, 2026"
BOMBSHELL EVIDENCE: Drinking Water Contaminated With Mind-Altering Chemicals !!! (EXPOSED #677),WAKE UP PEOPLE! Secret lab tests reveal tap water contains mind control chemicals designed to make citizens submissive to authority! Buy our specialized filtration pitcher today to protect your family! MUST SEE SECRET! Mainstream media is HIDING this! Share this link before government censors delete this post! Code #50676.,News,"July 26, 2026"
SECRET LEAK: Time Traveler From Year 2099 Gives Horrifying Predictions For Next Month !!! (EXPOSED #678),A self-proclaimed time traveler who passed a lie detector test warns that major events will unfold next week! He claims to have brought back digital photos from the future showing flying cars and telepathy! MUST SEE SECRET! Mainstream media is HIDING this! Share this link before government censors delete this post! Code #50677.,Sensational,"July 26, 2026"
SCANDAL: Scientists Admit Earth Magnetic Field Will Reverse Tomorrow Morning !!! (EXPOSED #679),TOTAL CHAOS IMMINENT! Leaked reports from underground physics labs confirm Earth magnetic poles will flip upside down tomorrow morning causing electronics to explode! Stock up on gold immediately! MUST SEE SECRET! Mainstream media is HIDING this! Share this link before government censors delete this post! Code #50678.,Sensational,"July 26, 2026"
SHOCKING TRUTH: Hidden 13th Month Erased From Calendar By Secret Syndicate !!! (EXPOSED #680),ANCIENT CONSPIRACY EXPOSED! Historical documents prove emperors erased an entire month called Undecimber to charge extra interest on bank loans! Share this secret knowledge before censors take it down! MUST SEE SECRET! Mainstream media is HIDING this! Share this link before government censors delete this post! Code #50679.,News,"July 26, 2026"
SECRET SHOCK: Whistleblower Exposes Secret Mind Control Array in Satellite Dishes !!! (EXPOSED #681),SHOCKING SECRET revealed! Mainstream media won't tell you the truth! Insiders confirm secret government mind control chips are secretly broadcasting microwaves through everyday satellite dishes into your living room! Share this before it gets deleted! MUST SEE SECRET! Mainstream media is HIDING this! Share this link before government censors delete this post! Code #50680.,News,"July 24, 2026"
BOMBSHELL: Miracle Herb Cures All Diseases Overnight Doctors Don't Want You To Know !!! (EXPOSED #682),"Big Pharma is PANICKING! Top secret miracle Amazonian leaf completely cures diabetes, heart problems, and baldness in just 24 hours! Doctors are trying to ban this ancient remedy right now! Click here to order before supplies run out! MUST SEE SECRET! Mainstream media is HIDING this! Share this link before government censors delete this post! Code #50681.",Health,"July 25, 2026"
UNBELIEVABLE: Celebrity Replaced By Hologram During Live Television Broadcast !!! (EXPOSED #683),You won't believe your eyes! Hollywood A-lister was caught glitching on live TV proving they are actually a digital hologram operated by secret elites! Look closely at the hands in the video footage! MUST SEE VIDEO! MUST SEE SECRET! Mainstream media is HIDING this! Share this link before government censors delete this post! Code #50682.,Entertainment,"July 25, 2026"
EXPOSED: Alien Spacecraft Landed In Desert And Military Is Hiding Earth Engine !!! (EXPOSED #684),BREAKING NEWS! Former military general leaks secret coordinates of alien crash site! Engineers have reverse engineered anti-gravity fuel engines that generate infinite free electricity! Government coverup EXPOSED! MUST SEE SECRET! Mainstream media is HIDING this! Share this link before government censors delete this post! Code #50683.,Government,"July 26, 2026"
SCAM ALERT: Banks Will Freeze All Cash Accounts Next Week To Enforce Digital Currency !!! (EXPOSED #685),URGENT WARNING! Secret memo leaks financial elites plan to confiscate physical cash and force everyone into digital trackable tokens by next Monday! Withdraw all your savings immediately! PASS THIS ON! MUST SEE SECRET! Mainstream media is HIDING this! Share this link before government censors delete this post! Code #50684.,Finance,"July 26, 2026"
SHOCKING PROOF: Pyramids Were Built As Ancient Wireless Charging Stations For Giants !!! (EXPOSED #686),History books lied to you! Ancient golden energy crystals found under Egyptian ruins prove pyramids were massive power plants built by extraterrestrial giants thousands of years ago! Shocking truth revealed! MUST SEE SECRET! Mainstream media is HIDING this! Share this link before government censors delete this post! Code #50685.,History,"July 26, 2026"
BOMBSHELL EVIDENCE: Drinking Water Contaminated With Mind-Altering Chemicals !!! (EXPOSED #687),WAKE UP PEOPLE! Secret lab tests reveal tap water contains mind control chemicals designed to make citizens submissive to authority! Buy our specialized filtration pitcher today to protect your family! MUST SEE SECRET! Mainstream media is HIDING this! Share this link before government censors delete this post! Code #50686.,News,"July 26, 2026"
SECRET LEAK: Time Traveler From Year 2099 Gives Horrifying Predictions For Next Month !!! (EXPOSED #688),A self-proclaimed time traveler who passed a lie detector test warns that major events will unfold next week! He claims to have brought back digital photos from the future showing flying cars and telepathy! MUST SEE SECRET! Mainstream media is HIDING this! Share this link before government censors delete this post! Code #50687.,Sensational,"July 26, 2026"
SCANDAL: Scientists Admit Earth Magnetic Field Will Reverse Tomorrow Morning !!! (EXPOSED #689),TOTAL CHAOS IMMINENT! Leaked reports from underground physics labs confirm Earth magnetic poles will flip upside down tomorrow morning causing electronics to explode! Stock up on gold immediately! MUST SEE SECRET! Mainstream media is HIDING this! Share this link before government censors delete this post! Code #50688.,Sensational,"July 26, 2026"
SHOCKING TRUTH: Hidden 13th Month Erased From Calendar By Secret Syndicate !!! (EXPOSED #690),ANCIENT CONSPIRACY EXPOSED! Historical documents prove emperors erased an entire month called Undecimber to charge extra interest on bank loans! Share this secret knowledge before censors take it down! MUST SEE SECRET! Mainstream media is HIDING this! Share this link before government censors delete this post! Code #50689.,News,"July 26, 2026"
SECRET SHOCK: Whistleblower Exposes Secret Mind Control Array in Satellite Dishes !!! (EXPOSED #691),SHOCKING SECRET revealed! Mainstream media won't tell you the truth! Insiders confirm secret government mind control chips are secretly broadcasting microwaves through everyday satellite dishes into your living room! Share this before it gets deleted! MUST SEE SECRET! Mainstream media is HIDING this! Share this link before government censors delete this post! Code #50690.,News,"July 24, 2026"
BOMBSHELL: Miracle Herb Cures All Diseases Overnight Doctors Don't Want You To Know !!! (EXPOSED #692),"Big Pharma is PANICKING! Top secret miracle Amazonian leaf completely cures diabetes, heart problems, and baldness in just 24 hours! Doctors are trying to ban this ancient remedy right now! Click here to order before supplies run out! MUST SEE SECRET! Mainstream media is HIDING this! Share this link before government censors delete this post! Code #50691.",Health,"July 25, 2026"
UNBELIEVABLE: Celebrity Replaced By Hologram During Live Television Broadcast !!! (EXPOSED #693),You won't believe your eyes! Hollywood A-lister was caught glitching on live TV proving they are actually a digital hologram operated by secret elites! Look closely at the hands in the video footage! MUST SEE VIDEO! MUST SEE SECRET! Mainstream media is HIDING this! Share this link before government censors delete this post! Code #50692.,Entertainment,"July 25, 2026"
EXPOSED: Alien Spacecraft Landed In Desert And Military Is Hiding Earth Engine !!! (EXPOSED #694),BREAKING NEWS! Former military general leaks secret coordinates of alien crash site! Engineers have reverse engineered anti-gravity fuel engines that generate infinite free electricity! Government coverup EXPOSED! MUST SEE SECRET! Mainstream media is HIDING this! Share this link before government censors delete this post! Code #50693.,Government,"July 26, 2026"
SCAM ALERT: Banks Will Freeze All Cash Accounts Next Week To Enforce Digital Currency !!! (EXPOSED #695),URGENT WARNING! Secret memo leaks financial elites plan to confiscate physical cash and force everyone into digital trackable tokens by next Monday! Withdraw all your savings immediately! PASS THIS ON! MUST SEE SECRET! Mainstream media is HIDING this! Share this link before government censors delete this post! Code #50694.,Finance,"July 26, 2026"
SHOCKING PROOF: Pyramids Were Built As Ancient Wireless Charging Stations For Giants !!! (EXPOSED #696),History books lied to you! Ancient golden energy crystals found under Egyptian ruins prove pyramids were massive power plants built by extraterrestrial giants thousands of years ago! Shocking truth revealed! MUST SEE SECRET! Mainstream media is HIDING this! Share this link before government censors delete this post! Code #50695.,History,"July 26, 2026"
BOMBSHELL EVIDENCE: Drinking Water Contaminated With Mind-Altering Chemicals !!! (EXPOSED #697),WAKE UP PEOPLE! Secret lab tests reveal tap water contains mind control chemicals designed to make citizens submissive to authority! Buy our specialized filtration pitcher today to protect your family! MUST SEE SECRET! Mainstream media is HIDING this! Share this link before government censors delete this post! Code #50696.,News,"July 26, 2026"
SECRET LEAK: Time Traveler From Year 2099 Gives Horrifying Predictions For Next Month !!! (EXPOSED #698),A self-proclaimed time traveler who passed a lie detector test warns that major events will unfold next week! He claims to have brought back digital photos from the future showing flying cars and telepathy! MUST SEE SECRET! Mainstream media is HIDING this! Share this link before government censors delete this post! Code #50697.,Sensational,"July 26, 2026"
SCANDAL: Scientists Admit Earth Magnetic Field Will Reverse Tomorrow Morning !!! (EXPOSED #699),TOTAL CHAOS IMMINENT! Leaked reports from underground physics labs confirm Earth magnetic poles will flip upside down tomorrow morning causing electronics to explode! Stock up on gold immediately! MUST SEE SECRET! Mainstream media is HIDING this! Share this link before government censors delete this post! Code #50698.,Sensational,"July 26, 2026"
SHOCKING TRUTH: Hidden 13th Month Erased From Calendar By Secret Syndicate !!! (EXPOSED #700),ANCIENT CONSPIRACY EXPOSED! Historical documents prove emperors erased an entire month called Undecimber to charge extra interest on bank loans! Share this secret knowledge before censors take it down! MUST SEE SECRET! Mainstream media is HIDING this! Share this link before government censors delete this post! Code #50699.,News,"July 26, 2026"
SECRET SHOCK: Whistleblower Exposes Secret Mind Control Array in Satellite Dishes !!! (EXPOSED #701),SHOCKING SECRET revealed! Mainstream media won't tell you the truth! Insiders confirm secret government mind control chips are secretly broadcasting microwaves through everyday satellite dishes into your living room! Share this before it gets deleted! MUST SEE SECRET! Mainstream media is HIDING this! Share this link before government censors delete this post! Code #50700.,News,"July 24, 2026"
BOMBSHELL: Miracle Herb Cures All Diseases Overnight Doctors Don't Want You To Know !!! (EXPOSED #702),"Big Pharma is PANICKING! Top secret miracle Amazonian leaf completely cures diabetes, heart problems, and baldness in just 24 hours! Doctors are trying to ban this ancient remedy right now! Click here to order before supplies run out! MUST SEE SECRET! Mainstream media is HIDING this! Share this link before government censors delete this post! Code #50701.",Health,"July 25, 2026"
UNBELIEVABLE: Celebrity Replaced By Hologram During Live Television Broadcast !!! (EXPOSED #703),You won't believe your eyes! Hollywood A-lister was caught glitching on live TV proving they are actually a digital hologram operated by secret elites! Look closely at the hands in the video footage! MUST SEE VIDEO! MUST SEE SECRET! Mainstream media is HIDING this! Share this link before government censors delete this post! Code #50702.,Entertainment,"July 25, 2026"
EXPOSED: Alien Spacecraft Landed In Desert And Military Is Hiding Earth Engine !!! (EXPOSED #704),BREAKING NEWS! Former military general leaks secret coordinates of alien crash site! Engineers have reverse engineered anti-gravity fuel engines that generate infinite free electricity! Government coverup EXPOSED! MUST SEE SECRET! Mainstream media is HIDING this! Share this link before government censors delete this post! Code #50703.,Government,"July 26, 2026"
SCAM ALERT: Banks Will Freeze All Cash Accounts Next Week To Enforce Digital Currency !!! (EXPOSED #705),URGENT WARNING! Secret memo leaks financial elites plan to confiscate physical cash and force everyone into digital trackable tokens by next Monday! Withdraw all your savings immediately! PASS THIS ON! MUST SEE SECRET! Mainstream media is HIDING this! Share this link before government censors delete this post! Code #50704.,Finance,"July 26, 2026"
SHOCKING PROOF: Pyramids Were Built As Ancient Wireless Charging Stations For Giants !!! (EXPOSED #706),History books lied to you! Ancient golden energy crystals found under Egyptian ruins prove pyramids were massive power plants built by extraterrestrial giants thousands of years ago! Shocking truth revealed! MUST SEE SECRET! Mainstream media is HIDING this! Share this link before government censors delete this post! Code #50705.,History,"July 26, 2026"
BOMBSHELL EVIDENCE: Drinking Water Contaminated With Mind-Altering Chemicals !!! (EXPOSED #707),WAKE UP PEOPLE! Secret lab tests reveal tap water contains mind control chemicals designed to make citizens submissive to authority! Buy our specialized filtration pitcher today to protect your family! MUST SEE SECRET! Mainstream media is HIDING this! Share this link before government censors delete this post! Code #50706.,News,"July 26, 2026"
SECRET LEAK: Time Traveler From Year 2099 Gives Horrifying Predictions For Next Month !!! (EXPOSED #708),A self-proclaimed time traveler who passed a lie detector test warns that major events will unfold next week! He claims to have brought back digital photos from the future showing flying cars and telepathy! MUST SEE SECRET! Mainstream media is HIDING this! Share this link before government censors delete this post! Code #50707.,Sensational,"July 26, 2026"
SCANDAL: Scientists Admit Earth Magnetic Field Will Reverse Tomorrow Morning !!! (EXPOSED #709),TOTAL CHAOS IMMINENT! Leaked reports from underground physics labs confirm Earth magnetic poles will flip upside down tomorrow morning causing electronics to explode! Stock up on gold immediately! MUST SEE SECRET! Mainstream media is HIDING this! Share this link before government censors delete this post! Code #50708.,Sensational,"July 26, 2026"
SHOCKING TRUTH: Hidden 13th Month Erased From Calendar By Secret Syndicate !!! (EXPOSED #710),ANCIENT CONSPIRACY EXPOSED! Historical documents prove emperors erased an entire month called Undecimber to charge extra interest on bank loans! Share this secret knowledge before censors take it down! MUST SEE SECRET! Mainstream media is HIDING this! Share this link before government censors delete this post! Code #50709.,News,"July 26, 2026"
SECRET SHOCK: Whistleblower Exposes Secret Mind Control Array in Satellite Dishes !!! (EXPOSED #711),SHOCKING SECRET revealed! Mainstream media won't tell you the truth! Insiders confirm secret government mind control chips are secretly broadcasting microwaves through everyday satellite dishes into your living room! Share this before it gets deleted! MUST SEE SECRET! Mainstream media is HIDING this! Share this link before government censors delete this post! Code #50710.,News,"July 24, 2026"
BOMBSHELL: Miracle Herb Cures All Diseases Overnight Doctors Don't Want You To Know !!! (EXPOSED #712),"Big Pharma is PANICKING! Top secret miracle Amazonian leaf completely cures diabetes, heart problems, and baldness in just 24 hours! Doctors are trying to ban this ancient remedy right now! Click here to order before supplies run out! MUST SEE SECRET! Mainstream media is HIDING this! Share this link before government censors delete this post! Code #50711.",Health,"July 25, 2026"
UNBELIEVABLE: Celebrity Replaced By Hologram During Live Television Broadcast !!! (EXPOSED #713),You won't believe your eyes! Hollywood A-lister was caught glitching on live TV proving they are actually a digital hologram operated by secret elites! Look closely at the hands in the video footage! MUST SEE VIDEO! MUST SEE SECRET! Mainstream media is HIDING this! Share this link before government censors delete this post! Code #50712.,Entertainment,"July 25, 2026"
EXPOSED: Alien Spacecraft Landed In Desert And Military Is Hiding Earth Engine !!! (EXPOSED #714),BREAKING NEWS! Former military general leaks secret coordinates of alien crash site! Engineers have reverse engineered anti-gravity fuel engines that generate infinite free electricity! Government coverup EXPOSED! MUST SEE SECRET! Mainstream media is HIDING this! Share this link before government censors delete this post! Code #50713.,Government,"July 26, 2026"
SCAM ALERT: Banks Will Freeze All Cash Accounts Next Week To Enforce Digital Currency !!! (EXPOSED #715),URGENT WARNING! Secret memo leaks financial elites plan to confiscate physical cash and force everyone into digital trackable tokens by next Monday! Withdraw all your savings immediately! PASS THIS ON! MUST SEE SECRET! Mainstream media is HIDING this! Share this link before government censors delete this post! Code #50714.,Finance,"July 26, 2026"
SHOCKING PROOF: Pyramids Were Built As Ancient Wireless Charging Stations For Giants !!! (EXPOSED #716),History books lied to you! Ancient golden energy crystals found under Egyptian ruins prove pyramids were massive power plants built by extraterrestrial giants thousands of years ago! Shocking truth revealed! MUST SEE SECRET! Mainstream media is HIDING this! Share this link before government censors delete this post! Code #50715.,History,"July 26, 2026"
BOMBSHELL EVIDENCE: Drinking Water Contaminated With Mind-Altering Chemicals !!! (EXPOSED #717),WAKE UP PEOPLE! Secret lab tests reveal tap water contains mind control chemicals designed to make citizens submissive to authority! Buy our specialized filtration pitcher today to protect your family! MUST SEE SECRET! Mainstream media is HIDING this! Share this link before government censors delete this post! Code #50716.,News,"July 26, 2026"
SECRET LEAK: Time Traveler From Year 2099 Gives Horrifying Predictions For Next Month !!! (EXPOSED #718),A self-proclaimed time traveler who passed a lie detector test warns that major events will unfold next week! He claims to have brought back digital photos from the future showing flying cars and telepathy! MUST SEE SECRET! Mainstream media is HIDING this! Share this link before government censors delete this post! Code #50717.,Sensational,"July 26, 2026"
SCANDAL: Scientists Admit Earth Magnetic Field Will Reverse Tomorrow Morning !!! (EXPOSED #719),TOTAL CHAOS IMMINENT! Leaked reports from underground physics labs confirm Earth magnetic poles will flip upside down tomorrow morning causing electronics to explode! Stock up on gold immediately! MUST SEE SECRET! Mainstream media is HIDING this! Share this link before government censors delete this post! Code #50718.,Sensational,"July 26, 2026"
SHOCKING TRUTH: Hidden 13th Month Erased From Calendar By Secret Syndicate !!! (EXPOSED #720),ANCIENT CONSPIRACY EXPOSED! Historical documents prove emperors erased an entire month called Undecimber to charge extra interest on bank loans! Share this secret knowledge before censors take it down! MUST SEE SECRET! Mainstream media is HIDING this! Share this link before government censors delete this post! Code #50719.,News,"July 26, 2026"
SECRET SHOCK: Whistleblower Exposes Secret Mind Control Array in Satellite Dishes !!! (EXPOSED #721),SHOCKING SECRET revealed! Mainstream media won't tell you the truth! Insiders confirm secret government mind control chips are secretly broadcasting microwaves through everyday satellite dishes into your living room! Share this before it gets deleted! MUST SEE SECRET! Mainstream media is HIDING this! Share this link before government censors delete this post! Code #50720.,News,"July 24, 2026"
BOMBSHELL: Miracle Herb Cures All Diseases Overnight Doctors Don't Want You To Know !!! (EXPOSED #722),"Big Pharma is PANICKING! Top secret miracle Amazonian leaf completely cures diabetes, heart problems, and baldness in just 24 hours! Doctors are trying to ban this ancient remedy right now! Click here to order before supplies run out! MUST SEE SECRET! Mainstream media is HIDING this! Share this link before government censors delete this post! Code #50721.",Health,"July 25, 2026"
UNBELIEVABLE: Celebrity Replaced By Hologram During Live Television Broadcast !!! (EXPOSED #723),You won't believe your eyes! Hollywood A-lister was caught glitching on live TV proving they are actually a digital hologram operated by secret elites! Look closely at the hands in the video footage! MUST SEE VIDEO! MUST SEE SECRET! Mainstream media is HIDING this! Share this link before government censors delete this post! Code #50722.,Entertainment,"July 25, 2026"
EXPOSED: Alien Spacecraft Landed In Desert And Military Is Hiding Earth Engine !!! (EXPOSED #724),BREAKING NEWS! Former military general leaks secret coordinates of alien crash site! Engineers have reverse engineered anti-gravity fuel engines that generate infinite free electricity! Government coverup EXPOSED! MUST SEE SECRET! Mainstream media is HIDING this! Share this link before government censors delete this post! Code #50723.,Government,"July 26, 2026"
SCAM ALERT: Banks Will Freeze All Cash Accounts Next Week To Enforce Digital Currency !!! (EXPOSED #725),URGENT WARNING! Secret memo leaks financial elites plan to confiscate physical cash and force everyone into digital trackable tokens by next Monday! Withdraw all your savings immediately! PASS THIS ON! MUST SEE SECRET! Mainstream media is HIDING this! Share this link before government censors delete this post! Code #50724.,Finance,"July 26, 2026"
SHOCKING PROOF: Pyramids Were Built As Ancient Wireless Charging Stations For Giants !!! (EXPOSED #726),History books lied to you! Ancient golden energy crystals found under Egyptian ruins prove pyramids were massive power plants built by extraterrestrial giants thousands of years ago! Shocking truth revealed! MUST SEE SECRET! Mainstream media is HIDING this! Share this link before government censors delete this post! Code #50725.,History,"July 26, 2026"
BOMBSHELL EVIDENCE: Drinking Water Contaminated With Mind-Altering Chemicals !!! (EXPOSED #727),WAKE UP PEOPLE! Secret lab tests reveal tap water contains mind control chemicals designed to make citizens submissive to authority! Buy our specialized filtration pitcher today to protect your family! MUST SEE SECRET! Mainstream media is HIDING this! Share this link before government censors delete this post! Code #50726.,News,"July 26, 2026"
SECRET LEAK: Time Traveler From Year 2099 Gives Horrifying Predictions For Next Month !!! (EXPOSED #728),A self-proclaimed time traveler who passed a lie detector test warns that major events will unfold next week! He claims to have brought back digital photos from the future showing flying cars and telepathy! MUST SEE SECRET! Mainstream media is HIDING this! Share this link before government censors delete this post! Code #50727.,Sensational,"July 26, 2026"
SCANDAL: Scientists Admit Earth Magnetic Field Will Reverse Tomorrow Morning !!! (EXPOSED #729),TOTAL CHAOS IMMINENT! Leaked reports from underground physics labs confirm Earth magnetic poles will flip upside down tomorrow morning causing electronics to explode! Stock up on gold immediately! MUST SEE SECRET! Mainstream media is HIDING this! Share this link before government censors delete this post! Code #50728.,Sensational,"July 26, 2026"
SHOCKING TRUTH: Hidden 13th Month Erased From Calendar By Secret Syndicate !!! (EXPOSED #730),ANCIENT CONSPIRACY EXPOSED! Historical documents prove emperors erased an entire month called Undecimber to charge extra interest on bank loans! Share this secret knowledge before censors take it down! MUST SEE SECRET! Mainstream media is HIDING this! Share this link before government censors delete this post! Code #50729.,News,"July 26, 2026"
SECRET SHOCK: Whistleblower Exposes Secret Mind Control Array in Satellite Dishes !!! (EXPOSED #731),SHOCKING SECRET revealed! Mainstream media won't tell you the truth! Insiders confirm secret government mind control chips are secretly broadcasting microwaves through everyday satellite dishes into your living room! Share this before it gets deleted! MUST SEE SECRET! Mainstream media is HIDING this! Share this link before government censors delete this post! Code #50730.,News,"July 24, 2026"
BOMBSHELL: Miracle Herb Cures All Diseases Overnight Doctors Don't Want You To Know !!! (EXPOSED #732),"Big Pharma is PANICKING! Top secret miracle Amazonian leaf completely cures diabetes, heart problems, and baldness in just 24 hours! Doctors are trying to ban this ancient remedy right now! Click here to order before supplies run out! MUST SEE SECRET! Mainstream media is HIDING this! Share this link before government censors delete this post! Code #50731.",Health,"July 25, 2026"
UNBELIEVABLE: Celebrity Replaced By Hologram During Live Television Broadcast !!! (EXPOSED #733),You won't believe your eyes! Hollywood A-lister was caught glitching on live TV proving they are actually a digital hologram operated by secret elites! Look closely at the hands in the video footage! MUST SEE VIDEO! MUST SEE SECRET! Mainstream media is HIDING this! Share this link before government censors delete this post! Code #50732.,Entertainment,"July 25, 2026"
EXPOSED: Alien Spacecraft Landed In Desert And Military Is Hiding Earth Engine !!! (EXPOSED #734),BREAKING NEWS! Former military general leaks secret coordinates of alien crash site! Engineers have reverse engineered anti-gravity fuel engines that generate infinite free electricity! Government coverup EXPOSED! MUST SEE SECRET! Mainstream media is HIDING this! Share this link before government censors delete this post! Code #50733.,Government,"July 26, 2026"
SCAM ALERT: Banks Will Freeze All Cash Accounts Next Week To Enforce Digital Currency !!! (EXPOSED #735),URGENT WARNING! Secret memo leaks financial elites plan to confiscate physical cash and force everyone into digital trackable tokens by next Monday! Withdraw all your savings immediately! PASS THIS ON! MUST SEE SECRET! Mainstream media is HIDING this! Share this link before government censors delete this post! Code #50734.,Finance,"July 26, 2026"
SHOCKING PROOF: Pyramids Were Built As Ancient Wireless Charging Stations For Giants !!! (EXPOSED #736),History books lied to you! Ancient golden energy crystals found under Egyptian ruins prove pyramids were massive power plants built by extraterrestrial giants thousands of years ago! Shocking truth revealed! MUST SEE SECRET! Mainstream media is HIDING this! Share this link before government censors delete this post! Code #50735.,History,"July 26, 2026"
BOMBSHELL EVIDENCE: Drinking Water Contaminated With Mind-Altering Chemicals !!! (EXPOSED #737),WAKE UP PEOPLE! Secret lab tests reveal tap water contains mind control chemicals designed to make citizens submissive to authority! Buy our specialized filtration pitcher today to protect your family! MUST SEE SECRET! Mainstream media is HIDING this! Share this link before government censors delete this post! Code #50736.,News,"July 26, 2026"
SECRET LEAK: Time Traveler From Year 2099 Gives Horrifying Predictions For Next Month !!! (EXPOSED #738),A self-proclaimed time traveler who passed a lie detector test warns that major events will unfold next week! He claims to have brought back digital photos from the future showing flying cars and telepathy! MUST SEE SECRET! Mainstream media is HIDING this! Share this link before government censors delete this post! Code #50737.,Sensational,"July 26, 2026"
SCANDAL: Scientists Admit Earth Magnetic Field Will Reverse Tomorrow Morning !!! (EXPOSED #739),TOTAL CHAOS IMMINENT! Leaked reports from underground physics labs confirm Earth magnetic poles will flip upside down tomorrow morning causing electronics to explode! Stock up on gold immediately! MUST SEE SECRET! Mainstream media is HIDING this! Share this link before government censors delete this post! Code #50738.,Sensational,"July 26, 2026"
SHOCKING TRUTH: Hidden 13th Month Erased From Calendar By Secret Syndicate !!! (EXPOSED #740),ANCIENT CONSPIRACY EXPOSED! Historical documents prove emperors erased an entire month called Undecimber to charge extra interest on bank loans! Share this secret knowledge before censors take it down! MUST SEE SECRET! Mainstream media is HIDING this! Share this link before government censors delete this post! Code #50739.,News,"July 26, 2026"
SECRET SHOCK: Whistleblower Exposes Secret Mind Control Array in Satellite Dishes !!! (EXPOSED #741),SHOCKING SECRET revealed! Mainstream media won't tell you the truth! Insiders confirm secret government mind control chips are secretly broadcasting microwaves through everyday satellite dishes into your living room! Share this before it gets deleted! MUST SEE SECRET! Mainstream media is HIDING this! Share this link before government censors delete this post! Code #50740.,News,"July 24, 2026"
BOMBSHELL: Miracle Herb Cures All Diseases Overnight Doctors Don't Want You To Know !!! (EXPOSED #742),"Big Pharma is PANICKING! Top secret miracle Amazonian leaf completely cures diabetes, heart problems, and baldness in just 24 hours! Doctors are trying to ban this ancient remedy right now! Click here to order before supplies run out! MUST SEE SECRET! Mainstream media is HIDING this! Share this link before government censors delete this post! Code #50741.",Health,"July 25, 2026"
UNBELIEVABLE: Celebrity Replaced By Hologram During Live Television Broadcast !!! (EXPOSED #743),You won't believe your eyes! Hollywood A-lister was caught glitching on live TV proving they are actually a digital hologram operated by secret elites! Look closely at the hands in the video footage! MUST SEE VIDEO! MUST SEE SECRET! Mainstream media is HIDING this! Share this link before government censors delete this post! Code #50742.,Entertainment,"July 25, 2026"
EXPOSED: Alien Spacecraft Landed In Desert And Military Is Hiding Earth Engine !!! (EXPOSED #744),BREAKING NEWS! Former military general leaks secret coordinates of alien crash site! Engineers have reverse engineered anti-gravity fuel engines that generate infinite free electricity! Government coverup EXPOSED! MUST SEE SECRET! Mainstream media is HIDING this! Share this link before government censors delete this post! Code #50743.,Government,"July 26, 2026"
SCAM ALERT: Banks Will Freeze All Cash Accounts Next Week To Enforce Digital Currency !!! (EXPOSED #745),URGENT WARNING! Secret memo leaks financial elites plan to confiscate physical cash and force everyone into digital trackable tokens by next Monday! Withdraw all your savings immediately! PASS THIS ON! MUST SEE SECRET! Mainstream media is HIDING this! Share this link before government censors delete this post! Code #50744.,Finance,"July 26, 2026"
SHOCKING PROOF: Pyramids Were Built As Ancient Wireless Charging Stations For Giants !!! (EXPOSED #746),History books lied to you! Ancient golden energy crystals found under Egyptian ruins prove pyramids were massive power plants built by extraterrestrial giants thousands of years ago! Shocking truth revealed! MUST SEE SECRET! Mainstream media is HIDING this! Share this link before government censors delete this post! Code #50745.,History,"July 26, 2026"
BOMBSHELL EVIDENCE: Drinking Water Contaminated With Mind-Altering Chemicals !!! (EXPOSED #747),WAKE UP PEOPLE! Secret lab tests reveal tap water contains mind control chemicals designed to make citizens submissive to authority! Buy our specialized filtration pitcher today to protect your family! MUST SEE SECRET! Mainstream media is HIDING this! Share this link before government censors delete this post! Code #50746.,News,"July 26, 2026"
SECRET LEAK: Time Traveler From Year 2099 Gives Horrifying Predictions For Next Month !!! (EXPOSED #748),A self-proclaimed time traveler who passed a lie detector test warns that major events will unfold next week! He claims to have brought back digital photos from the future showing flying cars and telepathy! MUST SEE SECRET! Mainstream media is HIDING this! Share this link before government censors delete this post! Code #50747.,Sensational,"July 26, 2026"
SCANDAL: Scientists Admit Earth Magnetic Field Will Reverse Tomorrow Morning !!! (EXPOSED #749),TOTAL CHAOS IMMINENT! Leaked reports from underground physics labs confirm Earth magnetic poles will flip upside down tomorrow morning causing electronics to explode! Stock up on gold immediately! MUST SEE SECRET! Mainstream media is HIDING this! Share this link before government censors delete this post! Code #50748.,Sensational,"July 26, 2026"
SHOCKING TRUTH: Hidden 13th Month Erased From Calendar By Secret Syndicate !!! (EXPOSED #750),ANCIENT CONSPIRACY EXPOSED! Historical documents prove emperors erased an entire month called Undecimber to charge extra interest on bank loans! Share this secret knowledge before censors take it down! MUST SEE SECRET! Mainstream media is HIDING this! Share this link before government censors delete this post! Code #50749.,News,"July 26, 2026"
SECRET SHOCK: Whistleblower Exposes Secret Mind Control Array in Satellite Dishes !!! (EXPOSED #751),SHOCKING SECRET revealed! Mainstream media won't tell you the truth! Insiders confirm secret government mind control chips are secretly broadcasting microwaves through everyday satellite dishes into your living room! Share this before it gets deleted! MUST SEE SECRET! Mainstream media is HIDING this! Share this link before government censors delete this post! Code #50750.,News,"July 24, 2026"
BOMBSHELL: Miracle Herb Cures All Diseases Overnight Doctors Don't Want You To Know !!! (EXPOSED #752),"Big Pharma is PANICKING! Top secret miracle Amazonian leaf completely cures diabetes, heart problems, and baldness in just 24 hours! Doctors are trying to ban this ancient remedy right now! Click here to order before supplies run out! MUST SEE SECRET! Mainstream media is HIDING this! Share this link before government censors delete this post! Code #50751.",Health,"July 25, 2026"
UNBELIEVABLE: Celebrity Replaced By Hologram During Live Television Broadcast !!! (EXPOSED #753),You won't believe your eyes! Hollywood A-lister was caught glitching on live TV proving they are actually a digital hologram operated by secret elites! Look closely at the hands in the video footage! MUST SEE VIDEO! MUST SEE SECRET! Mainstream media is HIDING this! Share this link before government censors delete this post! Code #50752.,Entertainment,"July 25, 2026"
EXPOSED: Alien Spacecraft Landed In Desert And Military Is Hiding Earth Engine !!! (EXPOSED #754),BREAKING NEWS! Former military general leaks secret coordinates of alien crash site! Engineers have reverse engineered anti-gravity fuel engines that generate infinite free electricity! Government coverup EXPOSED! MUST SEE SECRET! Mainstream media is HIDING this! Share this link before government censors delete this post! Code #50753.,Government,"July 26, 2026"
SCAM ALERT: Banks Will Freeze All Cash Accounts Next Week To Enforce Digital Currency !!! (EXPOSED #755),URGENT WARNING! Secret memo leaks financial elites plan to confiscate physical cash and force everyone into digital trackable tokens by next Monday! Withdraw all your savings immediately! PASS THIS ON! MUST SEE SECRET! Mainstream media is HIDING this! Share this link before government censors delete this post! Code #50754.,Finance,"July 26, 2026"
SHOCKING PROOF: Pyramids Were Built As Ancient Wireless Charging Stations For Giants !!! (EXPOSED #756),History books lied to you! Ancient golden energy crystals found under Egyptian ruins prove pyramids were massive power plants built by extraterrestrial giants thousands of years ago! Shocking truth revealed! MUST SEE SECRET! Mainstream media is HIDING this! Share this link before government censors delete this post! Code #50755.,History,"July 26, 2026"
BOMBSHELL EVIDENCE: Drinking Water Contaminated With Mind-Altering Chemicals !!! (EXPOSED #757),WAKE UP PEOPLE! Secret lab tests reveal tap water contains mind control chemicals designed to make citizens submissive to authority! Buy our specialized filtration pitcher today to protect your family! MUST SEE SECRET! Mainstream media is HIDING this! Share this link before government censors delete this post! Code #50756.,News,"July 26, 2026"
SECRET LEAK: Time Traveler From Year 2099 Gives Horrifying Predictions For Next Month !!! (EXPOSED #758),A self-proclaimed time traveler who passed a lie detector test warns that major events will unfold next week! He claims to have brought back digital photos from the future showing flying cars and telepathy! MUST SEE SECRET! Mainstream media is HIDING this! Share this link before government censors delete this post! Code #50757.,Sensational,"July 26, 2026"
SCANDAL: Scientists Admit Earth Magnetic Field Will Reverse Tomorrow Morning !!! (EXPOSED #759),TOTAL CHAOS IMMINENT! Leaked reports from underground physics labs confirm Earth magnetic poles will flip upside down tomorrow morning causing electronics to explode! Stock up on gold immediately! MUST SEE SECRET! Mainstream media is HIDING this! Share this link before government censors delete this post! Code #50758.,Sensational,"July 26, 2026"
SHOCKING TRUTH: Hidden 13th Month Erased From Calendar By Secret Syndicate !!! (EXPOSED #760),ANCIENT CONSPIRACY EXPOSED! Historical documents prove emperors erased an entire month called Undecimber to charge extra interest on bank loans! Share this secret knowledge before censors take it down! MUST SEE SECRET! Mainstream media is HIDING this! Share this link before government censors delete this post! Code #50759.,News,"July 26, 2026"
SECRET SHOCK: Whistleblower Exposes Secret Mind Control Array in Satellite Dishes !!! (EXPOSED #761),SHOCKING SECRET revealed! Mainstream media won't tell you the truth! Insiders confirm secret government mind control chips are secretly broadcasting microwaves through everyday satellite dishes into your living room! Share this before it gets deleted! MUST SEE SECRET! Mainstream media is HIDING this! Share this link before government censors delete this post! Code #50760.,News,"July 24, 2026"
BOMBSHELL: Miracle Herb Cures All Diseases Overnight Doctors Don't Want You To Know !!! (EXPOSED #762),"Big Pharma is PANICKING! Top secret miracle Amazonian leaf completely cures diabetes, heart problems, and baldness in just 24 hours! Doctors are trying to ban this ancient remedy right now! Click here to order before supplies run out! MUST SEE SECRET! Mainstream media is HIDING this! Share this link before government censors delete this post! Code #50761.",Health,"July 25, 2026"
UNBELIEVABLE: Celebrity Replaced By Hologram During Live Television Broadcast !!! (EXPOSED #763),You won't believe your eyes! Hollywood A-lister was caught glitching on live TV proving they are actually a digital hologram operated by secret elites! Look closely at the hands in the video footage! MUST SEE VIDEO! MUST SEE SECRET! Mainstream media is HIDING this! Share this link before government censors delete this post! Code #50762.,Entertainment,"July 25, 2026"
EXPOSED: Alien Spacecraft Landed In Desert And Military Is Hiding Earth Engine !!! (EXPOSED #764),BREAKING NEWS! Former military general leaks secret coordinates of alien crash site! Engineers have reverse engineered anti-gravity fuel engines that generate infinite free electricity! Government coverup EXPOSED! MUST SEE SECRET! Mainstream media is HIDING this! Share this link before government censors delete this post! Code #50763.,Government,"July 26, 2026"
SCAM ALERT: Banks Will Freeze All Cash Accounts Next Week To Enforce Digital Currency !!! (EXPOSED #765),URGENT WARNING! Secret memo leaks financial elites plan to confiscate physical cash and force everyone into digital trackable tokens by next Monday! Withdraw all your savings immediately! PASS THIS ON! MUST SEE SECRET! Mainstream media is HIDING this! Share this link before government censors delete this post! Code #50764.,Finance,"July 26, 2026"
SHOCKING PROOF: Pyramids Were Built As Ancient Wireless Charging Stations For Giants !!! (EXPOSED #766),History books lied to you! Ancient golden energy crystals found under Egyptian ruins prove pyramids were massive power plants built by extraterrestrial giants thousands of years ago! Shocking truth revealed! MUST SEE SECRET! Mainstream media is HIDING this! Share this link before government censors delete this post! Code #50765.,History,"July 26, 2026"
BOMBSHELL EVIDENCE: Drinking Water Contaminated With Mind-Altering Chemicals !!! (EXPOSED #767),WAKE UP PEOPLE! Secret lab tests reveal tap water contains mind control chemicals designed to make citizens submissive to authority! Buy our specialized filtration pitcher today to protect your family! MUST SEE SECRET! Mainstream media is HIDING this! Share this link before government censors delete this post! Code #50766.,News,"July 26, 2026"
SECRET LEAK: Time Traveler From Year 2099 Gives Horrifying Predictions For Next Month !!! (EXPOSED #768),A self-proclaimed time traveler who passed a lie detector test warns that major events will unfold next week! He claims to have brought back digital photos from the future showing flying cars and telepathy! MUST SEE SECRET! Mainstream media is HIDING this! Share this link before government censors delete this post! Code #50767.,Sensational,"July 26, 2026"
SCANDAL: Scientists Admit Earth Magnetic Field Will Reverse Tomorrow Morning !!! (EXPOSED #769),TOTAL CHAOS IMMINENT! Leaked reports from underground physics labs confirm Earth magnetic poles will flip upside down tomorrow morning causing electronics to explode! Stock up on gold immediately! MUST SEE SECRET! Mainstream media is HIDING this! Share this link before government censors delete this post! Code #50768.,Sensational,"July 26, 2026"
SHOCKING TRUTH: Hidden 13th Month Erased From Calendar By Secret Syndicate !!! (EXPOSED #770),ANCIENT CONSPIRACY EXPOSED! Historical documents prove emperors erased an entire month called Undecimber to charge extra interest on bank loans! Share this secret knowledge before censors take it down! MUST SEE SECRET! Mainstream media is HIDING this! Share this link before government censors delete this post! Code #50769.,News,"July 26, 2026"
SECRET SHOCK: Whistleblower Exposes Secret Mind Control Array in Satellite Dishes !!! (EXPOSED #771),SHOCKING SECRET revealed! Mainstream media won't tell you the truth! Insiders confirm secret government mind control chips are secretly broadcasting microwaves through everyday satellite dishes into your living room! Share this before it gets deleted! MUST SEE SECRET! Mainstream media is HIDING this! Share this link before government censors delete this post! Code #50770.,News,"July 24, 2026"
BOMBSHELL: Miracle Herb Cures All Diseases Overnight Doctors Don't Want You To Know !!! (EXPOSED #772),"Big Pharma is PANICKING! Top secret miracle Amazonian leaf completely cures diabetes, heart problems, and baldness in just 24 hours! Doctors are trying to ban this ancient remedy right now! Click here to order before supplies run out! MUST SEE SECRET! Mainstream media is HIDING this! Share this link before government censors delete this post! Code #50771.",Health,"July 25, 2026"
UNBELIEVABLE: Celebrity Replaced By Hologram During Live Television Broadcast !!! (EXPOSED #773),You won't believe your eyes! Hollywood A-lister was caught glitching on live TV proving they are actually a digital hologram operated by secret elites! Look closely at the hands in the video footage! MUST SEE VIDEO! MUST SEE SECRET! Mainstream media is HIDING this! Share this link before government censors delete this post! Code #50772.,Entertainment,"July 25, 2026"
EXPOSED: Alien Spacecraft Landed In Desert And Military Is Hiding Earth Engine !!! (EXPOSED #774),BREAKING NEWS! Former military general leaks secret coordinates of alien crash site! Engineers have reverse engineered anti-gravity fuel engines that generate infinite free electricity! Government coverup EXPOSED! MUST SEE SECRET! Mainstream media is HIDING this! Share this link before government censors delete this post! Code #50773.,Government,"July 26, 2026"
SCAM ALERT: Banks Will Freeze All Cash Accounts Next Week To Enforce Digital Currency !!! (EXPOSED #775),URGENT WARNING! Secret memo leaks financial elites plan to confiscate physical cash and force everyone into digital trackable tokens by next Monday! Withdraw all your savings immediately! PASS THIS ON! MUST SEE SECRET! Mainstream media is HIDING this! Share this link before government censors delete this post! Code #50774.,Finance,"July 26, 2026"
SHOCKING PROOF: Pyramids Were Built As Ancient Wireless Charging Stations For Giants !!! (EXPOSED #776),History books lied to you! Ancient golden energy crystals found under Egyptian ruins prove pyramids were massive power plants built by extraterrestrial giants thousands of years ago! Shocking truth revealed! MUST SEE SECRET! Mainstream media is HIDING this! Share this link before government censors delete this post! Code #50775.,History,"July 26, 2026"
BOMBSHELL EVIDENCE: Drinking Water Contaminated With Mind-Altering Chemicals !!! (EXPOSED #777),WAKE UP PEOPLE! Secret lab tests reveal tap water contains mind control chemicals designed to make citizens submissive to authority! Buy our specialized filtration pitcher today to protect your family! MUST SEE SECRET! Mainstream media is HIDING this! Share this link before government censors delete this post! Code #50776.,News,"July 26, 2026"
SECRET LEAK: Time Traveler From Year 2099 Gives Horrifying Predictions For Next Month !!! (EXPOSED #778),A self-proclaimed time traveler who passed a lie detector test warns that major events will unfold next week! He claims to have brought back digital photos from the future showing flying cars and telepathy! MUST SEE SECRET! Mainstream media is HIDING this! Share this link before government censors delete this post! Code #50777.,Sensational,"July 26, 2026"
SCANDAL: Scientists Admit Earth Magnetic Field Will Reverse Tomorrow Morning !!! (EXPOSED #779),TOTAL CHAOS IMMINENT! Leaked reports from underground physics labs confirm Earth magnetic poles will flip upside down tomorrow morning causing electronics to explode! Stock up on gold immediately! MUST SEE SECRET! Mainstream media is HIDING this! Share this link before government censors delete this post! Code #50778.,Sensational,"July 26, 2026"
SHOCKING TRUTH: Hidden 13th Month Erased From Calendar By Secret Syndicate !!! (EXPOSED #780),ANCIENT CONSPIRACY EXPOSED! Historical documents prove emperors erased an entire month called Undecimber to charge extra interest on bank loans! Share this secret knowledge before censors take it down! MUST SEE SECRET! Mainstream media is HIDING this! Share this link before government censors delete this post! Code #50779.,News,"July 26, 2026"
SECRET SHOCK: Whistleblower Exposes Secret Mind Control Array in Satellite Dishes !!! (EXPOSED #781),SHOCKING SECRET revealed! Mainstream media won't tell you the truth! Insiders confirm secret government mind control chips are secretly broadcasting microwaves through everyday satellite dishes into your living room! Share this before it gets deleted! MUST SEE SECRET! Mainstream media is HIDING this! Share this link before government censors delete this post! Code #50780.,News,"July 24, 2026"
BOMBSHELL: Miracle Herb Cures All Diseases Overnight Doctors Don't Want You To Know !!! (EXPOSED #782),"Big Pharma is PANICKING! Top secret miracle Amazonian leaf completely cures diabetes, heart problems, and baldness in just 24 hours! Doctors are trying to ban this ancient remedy right now! Click here to order before supplies run out! MUST SEE SECRET! Mainstream media is HIDING this! Share this link before government censors delete this post! Code #50781.",Health,"July 25, 2026"
UNBELIEVABLE: Celebrity Replaced By Hologram During Live Television Broadcast !!! (EXPOSED #783),You won't believe your eyes! Hollywood A-lister was caught glitching on live TV proving they are actually a digital hologram operated by secret elites! Look closely at the hands in the video footage! MUST SEE VIDEO! MUST SEE SECRET! Mainstream media is HIDING this! Share this link before government censors delete this post! Code #50782.,Entertainment,"July 25, 2026"
EXPOSED: Alien Spacecraft Landed In Desert And Military Is Hiding Earth Engine !!! (EXPOSED #784),BREAKING NEWS! Former military general leaks secret coordinates of alien crash site! Engineers have reverse engineered anti-gravity fuel engines that generate infinite free electricity! Government coverup EXPOSED! MUST SEE SECRET! Mainstream media is HIDING this! Share this link before government censors delete this post! Code #50783.,Government,"July 26, 2026"
SCAM ALERT: Banks Will Freeze All Cash Accounts Next Week To Enforce Digital Currency !!! (EXPOSED #785),URGENT WARNING! Secret memo leaks financial elites plan to confiscate physical cash and force everyone into digital trackable tokens by next Monday! Withdraw all your savings immediately! PASS THIS ON! MUST SEE SECRET! Mainstream media is HIDING this! Share this link before government censors delete this post! Code #50784.,Finance,"July 26, 2026"
SHOCKING PROOF: Pyramids Were Built As Ancient Wireless Charging Stations For Giants !!! (EXPOSED #786),History books lied to you! Ancient golden energy crystals found under Egyptian ruins prove pyramids were massive power plants built by extraterrestrial giants thousands of years ago! Shocking truth revealed! MUST SEE SECRET! Mainstream media is HIDING this! Share this link before government censors delete this post! Code #50785.,History,"July 26, 2026"
BOMBSHELL EVIDENCE: Drinking Water Contaminated With Mind-Altering Chemicals !!! (EXPOSED #787),WAKE UP PEOPLE! Secret lab tests reveal tap water contains mind control chemicals designed to make citizens submissive to authority! Buy our specialized filtration pitcher today to protect your family! MUST SEE SECRET! Mainstream media is HIDING this! Share this link before government censors delete this post! Code #50786.,News,"July 26, 2026"
SECRET LEAK: Time Traveler From Year 2099 Gives Horrifying Predictions For Next Month !!! (EXPOSED #788),A self-proclaimed time traveler who passed a lie detector test warns that major events will unfold next week! He claims to have brought back digital photos from the future showing flying cars and telepathy! MUST SEE SECRET! Mainstream media is HIDING this! Share this link before government censors delete this post! Code #50787.,Sensational,"July 26, 2026"
SCANDAL: Scientists Admit Earth Magnetic Field Will Reverse Tomorrow Morning !!! (EXPOSED #789),TOTAL CHAOS IMMINENT! Leaked reports from underground physics labs confirm Earth magnetic poles will flip upside down tomorrow morning causing electronics to explode! Stock up on gold immediately! MUST SEE SECRET! Mainstream media is HIDING this! Share this link before government censors delete this post! Code #50788.,Sensational,"July 26, 2026"
SHOCKING TRUTH: Hidden 13th Month Erased From Calendar By Secret Syndicate !!! (EXPOSED #790),ANCIENT CONSPIRACY EXPOSED! Historical documents prove emperors erased an entire month called Undecimber to charge extra interest on bank loans! Share this secret knowledge before censors take it down! MUST SEE SECRET! Mainstream media is HIDING this! Share this link before government censors delete this post! Code #50789.,News,"July 26, 2026"
SECRET SHOCK: Whistleblower Exposes Secret Mind Control Array in Satellite Dishes !!! (EXPOSED #791),SHOCKING SECRET revealed! Mainstream media won't tell you the truth! Insiders confirm secret government mind control chips are secretly broadcasting microwaves through everyday satellite dishes into your living room! Share this before it gets deleted! MUST SEE SECRET! Mainstream media is HIDING this! Share this link before government censors delete this post! Code #50790.,News,"July 24, 2026"
BOMBSHELL: Miracle Herb Cures All Diseases Overnight Doctors Don't Want You To Know !!! (EXPOSED #792),"Big Pharma is PANICKING! Top secret miracle Amazonian leaf completely cures diabetes, heart problems, and baldness in just 24 hours! Doctors are trying to ban this ancient remedy right now! Click here to order before supplies run out! MUST SEE SECRET! Mainstream media is HIDING this! Share this link before government censors delete this post! Code #50791.",Health,"July 25, 2026"
UNBELIEVABLE: Celebrity Replaced By Hologram During Live Television Broadcast !!! (EXPOSED #793),You won't believe your eyes! Hollywood A-lister was caught glitching on live TV proving they are actually a digital hologram operated by secret elites! Look closely at the hands in the video footage! MUST SEE VIDEO! MUST SEE SECRET! Mainstream media is HIDING this! Share this link before government censors delete this post! Code #50792.,Entertainment,"July 25, 2026"
EXPOSED: Alien Spacecraft Landed In Desert And Military Is Hiding Earth Engine !!! (EXPOSED #794),BREAKING NEWS! Former military general leaks secret coordinates of alien crash site! Engineers have reverse engineered anti-gravity fuel engines that generate infinite free electricity! Government coverup EXPOSED! MUST SEE SECRET! Mainstream media is HIDING this! Share this link before government censors delete this post! Code #50793.,Government,"July 26, 2026"
SCAM ALERT: Banks Will Freeze All Cash Accounts Next Week To Enforce Digital Currency !!! (EXPOSED #795),URGENT WARNING! Secret memo leaks financial elites plan to confiscate physical cash and force everyone into digital trackable tokens by next Monday! Withdraw all your savings immediately! PASS THIS ON! MUST SEE SECRET! Mainstream media is HIDING this! Share this link before government censors delete this post! Code #50794.,Finance,"July 26, 2026"
SHOCKING PROOF: Pyramids Were Built As Ancient Wireless Charging Stations For Giants !!! (EXPOSED #796),History books lied to you! Ancient golden energy crystals found under Egyptian ruins prove pyramids were massive power plants built by extraterrestrial giants thousands of years ago! Shocking truth revealed! MUST SEE SECRET! Mainstream media is HIDING this! Share this link before government censors delete this post! Code #50795.,History,"July 26, 2026"
BOMBSHELL EVIDENCE: Drinking Water Contaminated With Mind-Altering Chemicals !!! (EXPOSED #797),WAKE UP PEOPLE! Secret lab tests reveal tap water contains mind control chemicals designed to make citizens submissive to authority! Buy our specialized filtration pitcher today to protect your family! MUST SEE SECRET! Mainstream media is HIDING this! Share this link before government censors delete this post! Code #50796.,News,"July 26, 2026"
SECRET LEAK: Time Traveler From Year 2099 Gives Horrifying Predictions For Next Month !!! (EXPOSED #798),A self-proclaimed time traveler who passed a lie detector test warns that major events will unfold next week! He claims to have brought back digital photos from the future showing flying cars and telepathy! MUST SEE SECRET! Mainstream media is HIDING this! Share this link before government censors delete this post! Code #50797.,Sensational,"July 26, 2026"
SCANDAL: Scientists Admit Earth Magnetic Field Will Reverse Tomorrow Morning !!! (EXPOSED #799),TOTAL CHAOS IMMINENT! Leaked reports from underground physics labs confirm Earth magnetic poles will flip upside down tomorrow morning causing electronics to explode! Stock up on gold immediately! MUST SEE SECRET! Mainstream media is HIDING this! Share this link before government censors delete this post! Code #50798.,Sensational,"July 26, 2026"
SHOCKING TRUTH: Hidden 13th Month Erased From Calendar By Secret Syndicate !!! (EXPOSED #800),ANCIENT CONSPIRACY EXPOSED! Historical documents prove emperors erased an entire month called Undecimber to charge extra interest on bank loans! Share this secret knowledge before censors take it down! MUST SEE SECRET! Mainstream media is HIDING this! Share this link before government censors delete this post! Code #50799.,News,"July 26, 2026"
SECRET SHOCK: Whistleblower Exposes Secret Mind Control Array in Satellite Dishes !!! (EXPOSED #801),SHOCKING SECRET revealed! Mainstream media won't tell you the truth! Insiders confirm secret government mind control chips are secretly broadcasting microwaves through everyday satellite dishes into your living room! Share this before it gets deleted! MUST SEE SECRET! Mainstream media is HIDING this! Share this link before government censors delete this post! Code #50800.,News,"July 24, 2026"
BOMBSHELL: Miracle Herb Cures All Diseases Overnight Doctors Don't Want You To Know !!! (EXPOSED #802),"Big Pharma is PANICKING! Top secret miracle Amazonian leaf completely cures diabetes, heart problems, and baldness in just 24 hours! Doctors are trying to ban this ancient remedy right now! Click here to order before supplies run out! MUST SEE SECRET! Mainstream media is HIDING this! Share this link before government censors delete this post! Code #50801.",Health,"July 25, 2026"
UNBELIEVABLE: Celebrity Replaced By Hologram During Live Television Broadcast !!! (EXPOSED #803),You won't believe your eyes! Hollywood A-lister was caught glitching on live TV proving they are actually a digital hologram operated by secret elites! Look closely at the hands in the video footage! MUST SEE VIDEO! MUST SEE SECRET! Mainstream media is HIDING this! Share this link before government censors delete this post! Code #50802.,Entertainment,"July 25, 2026"
EXPOSED: Alien Spacecraft Landed In Desert And Military Is Hiding Earth Engine !!! (EXPOSED #804),BREAKING NEWS! Former military general leaks secret coordinates of alien crash site! Engineers have reverse engineered anti-gravity fuel engines that generate infinite free electricity! Government coverup EXPOSED! MUST SEE SECRET! Mainstream media is HIDING this! Share this link before government censors delete this post! Code #50803.,Government,"July 26, 2026"
SCAM ALERT: Banks Will Freeze All Cash Accounts Next Week To Enforce Digital Currency !!! (EXPOSED #805),URGENT WARNING! Secret memo leaks financial elites plan to confiscate physical cash and force everyone into digital trackable tokens by next Monday! Withdraw all your savings immediately! PASS THIS ON! MUST SEE SECRET! Mainstream media is HIDING this! Share this link before government censors delete this post! Code #50804.,Finance,"July 26, 2026"
SHOCKING PROOF: Pyramids Were Built As Ancient Wireless Charging Stations For Giants !!! (EXPOSED #806),History books lied to you! Ancient golden energy crystals found under Egyptian ruins prove pyramids were massive power plants built by extraterrestrial giants thousands of years ago! Shocking truth revealed! MUST SEE SECRET! Mainstream media is HIDING this! Share this link before government censors delete this post! Code #50805.,History,"July 26, 2026"
BOMBSHELL EVIDENCE: Drinking Water Contaminated With Mind-Altering Chemicals !!! (EXPOSED #807),WAKE UP PEOPLE! Secret lab tests reveal tap water contains mind control chemicals designed to make citizens submissive to authority! Buy our specialized filtration pitcher today to protect your family! MUST SEE SECRET! Mainstream media is HIDING this! Share this link before government censors delete this post! Code #50806.,News,"July 26, 2026"
SECRET LEAK: Time Traveler From Year 2099 Gives Horrifying Predictions For Next Month !!! (EXPOSED #808),A self-proclaimed time traveler who passed a lie detector test warns that major events will unfold next week! He claims to have brought back digital photos from the future showing flying cars and telepathy! MUST SEE SECRET! Mainstream media is HIDING this! Share this link before government censors delete this post! Code #50807.,Sensational,"July 26, 2026"
SCANDAL: Scientists Admit Earth Magnetic Field Will Reverse Tomorrow Morning !!! (EXPOSED #809),TOTAL CHAOS IMMINENT! Leaked reports from underground physics labs confirm Earth magnetic poles will flip upside down tomorrow morning causing electronics to explode! Stock up on gold immediately! MUST SEE SECRET! Mainstream media is HIDING this! Share this link before government censors delete this post! Code #50808.,Sensational,"July 26, 2026"
SHOCKING TRUTH: Hidden 13th Month Erased From Calendar By Secret Syndicate !!! (EXPOSED #810),ANCIENT CONSPIRACY EXPOSED! Historical documents prove emperors erased an entire month called Undecimber to charge extra interest on bank loans! Share this secret knowledge before censors take it down! MUST SEE SECRET! Mainstream media is HIDING this! Share this link before government censors delete this post! Code #50809.,News,"July 26, 2026"
SECRET SHOCK: Whistleblower Exposes Secret Mind Control Array in Satellite Dishes !!! (EXPOSED #811),SHOCKING SECRET revealed! Mainstream media won't tell you the truth! Insiders confirm secret government mind control chips are secretly broadcasting microwaves through everyday satellite dishes into your living room! Share this before it gets deleted! MUST SEE SECRET! Mainstream media is HIDING this! Share this link before government censors delete this post! Code #50810.,News,"July 24, 2026"
BOMBSHELL: Miracle Herb Cures All Diseases Overnight Doctors Don't Want You To Know !!! (EXPOSED #812),"Big Pharma is PANICKING! Top secret miracle Amazonian leaf completely cures diabetes, heart problems, and baldness in just 24 hours! Doctors are trying to ban this ancient remedy right now! Click here to order before supplies run out! MUST SEE SECRET! Mainstream media is HIDING this! Share this link before government censors delete this post! Code #50811.",Health,"July 25, 2026"
UNBELIEVABLE: Celebrity Replaced By Hologram During Live Television Broadcast !!! (EXPOSED #813),You won't believe your eyes! Hollywood A-lister was caught glitching on live TV proving they are actually a digital hologram operated by secret elites! Look closely at the hands in the video footage! MUST SEE VIDEO! MUST SEE SECRET! Mainstream media is HIDING this! Share this link before government censors delete this post! Code #50812.,Entertainment,"July 25, 2026"
EXPOSED: Alien Spacecraft Landed In Desert And Military Is Hiding Earth Engine !!! (EXPOSED #814),BREAKING NEWS! Former military general leaks secret coordinates of alien crash site! Engineers have reverse engineered anti-gravity fuel engines that generate infinite free electricity! Government coverup EXPOSED! MUST SEE SECRET! Mainstream media is HIDING this! Share this link before government censors delete this post! Code #50813.,Government,"July 26, 2026"
SCAM ALERT: Banks Will Freeze All Cash Accounts Next Week To Enforce Digital Currency !!! (EXPOSED #815),URGENT WARNING! Secret memo leaks financial elites plan to confiscate physical cash and force everyone into digital trackable tokens by next Monday! Withdraw all your savings immediately! PASS THIS ON! MUST SEE SECRET! Mainstream media is HIDING this! Share this link before government censors delete this post! Code #50814.,Finance,"July 26, 2026"
SHOCKING PROOF: Pyramids Were Built As Ancient Wireless Charging Stations For Giants !!! (EXPOSED #816),History books lied to you! Ancient golden energy crystals found under Egyptian ruins prove pyramids were massive power plants built by extraterrestrial giants thousands of years ago! Shocking truth revealed! MUST SEE SECRET! Mainstream media is HIDING this! Share this link before government censors delete this post! Code #50815.,History,"July 26, 2026"
BOMBSHELL EVIDENCE: Drinking Water Contaminated With Mind-Altering Chemicals !!! (EXPOSED #817),WAKE UP PEOPLE! Secret lab tests reveal tap water contains mind control chemicals designed to make citizens submissive to authority! Buy our specialized filtration pitcher today to protect your family! MUST SEE SECRET! Mainstream media is HIDING this! Share this link before government censors delete this post! Code #50816.,News,"July 26, 2026"
SECRET LEAK: Time Traveler From Year 2099 Gives Horrifying Predictions For Next Month !!! (EXPOSED #818),A self-proclaimed time traveler who passed a lie detector test warns that major events will unfold next week! He claims to have brought back digital photos from the future showing flying cars and telepathy! MUST SEE SECRET! Mainstream media is HIDING this! Share this link before government censors delete this post! Code #50817.,Sensational,"July 26, 2026"
SCANDAL: Scientists Admit Earth Magnetic Field Will Reverse Tomorrow Morning !!! (EXPOSED #819),TOTAL CHAOS IMMINENT! Leaked reports from underground physics labs confirm Earth magnetic poles will flip upside down tomorrow morning causing electronics to explode! Stock up on gold immediately! MUST SEE SECRET! Mainstream media is HIDING this! Share this link before government censors delete this post! Code #50818.,Sensational,"July 26, 2026"
SHOCKING TRUTH: Hidden 13th Month Erased From Calendar By Secret Syndicate !!! (EXPOSED #820),ANCIENT CONSPIRACY EXPOSED! Historical documents prove emperors erased an entire month called Undecimber to charge extra interest on bank loans! Share this secret knowledge before censors take it down! MUST SEE SECRET! Mainstream media is HIDING this! Share this link before government censors delete this post! Code #50819.,News,"July 26, 2026"
SECRET SHOCK: Whistleblower Exposes Secret Mind Control Array in Satellite Dishes !!! (EXPOSED #821),SHOCKING SECRET revealed! Mainstream media won't tell you the truth! Insiders confirm secret government mind control chips are secretly broadcasting microwaves through everyday satellite dishes into your living room! Share this before it gets deleted! MUST SEE SECRET! Mainstream media is HIDING this! Share this link before government censors delete this post! Code #50820.,News,"July 24, 2026"
BOMBSHELL: Miracle Herb Cures All Diseases Overnight Doctors Don't Want You To Know !!! (EXPOSED #822),"Big Pharma is PANICKING! Top secret miracle Amazonian leaf completely cures diabetes, heart problems, and baldness in just 24 hours! Doctors are trying to ban this ancient remedy right now! Click here to order before supplies run out! MUST SEE SECRET! Mainstream media is HIDING this! Share this link before government censors delete this post! Code #50821.",Health,"July 25, 2026"
UNBELIEVABLE: Celebrity Replaced By Hologram During Live Television Broadcast !!! (EXPOSED #823),You won't believe your eyes! Hollywood A-lister was caught glitching on live TV proving they are actually a digital hologram operated by secret elites! Look closely at the hands in the video footage! MUST SEE VIDEO! MUST SEE SECRET! Mainstream media is HIDING this! Share this link before government censors delete this post! Code #50822.,Entertainment,"July 25, 2026"
EXPOSED: Alien Spacecraft Landed In Desert And Military Is Hiding Earth Engine !!! (EXPOSED #824),BREAKING NEWS! Former military general leaks secret coordinates of alien crash site! Engineers have reverse engineered anti-gravity fuel engines that generate infinite free electricity! Government coverup EXPOSED! MUST SEE SECRET! Mainstream media is HIDING this! Share this link before government censors delete this post! Code #50823.,Government,"July 26, 2026"
SCAM ALERT: Banks Will Freeze All Cash Accounts Next Week To Enforce Digital Currency !!! (EXPOSED #825),URGENT WARNING! Secret memo leaks financial elites plan to confiscate physical cash and force everyone into digital trackable tokens by next Monday! Withdraw all your savings immediately! PASS THIS ON! MUST SEE SECRET! Mainstream media is HIDING this! Share this link before government censors delete this post! Code #50824.,Finance,"July 26, 2026"
SHOCKING PROOF: Pyramids Were Built As Ancient Wireless Charging Stations For Giants !!! (EXPOSED #826),History books lied to you! Ancient golden energy crystals found under Egyptian ruins prove pyramids were massive power plants built by extraterrestrial giants thousands of years ago! Shocking truth revealed! MUST SEE SECRET! Mainstream media is HIDING this! Share this link before government censors delete this post! Code #50825.,History,"July 26, 2026"
BOMBSHELL EVIDENCE: Drinking Water Contaminated With Mind-Altering Chemicals !!! (EXPOSED #827),WAKE UP PEOPLE! Secret lab tests reveal tap water contains mind control chemicals designed to make citizens submissive to authority! Buy our specialized filtration pitcher today to protect your family! MUST SEE SECRET! Mainstream media is HIDING this! Share this link before government censors delete this post! Code #50826.,News,"July 26, 2026"
SECRET LEAK: Time Traveler From Year 2099 Gives Horrifying Predictions For Next Month !!! (EXPOSED #828),A self-proclaimed time traveler who passed a lie detector test warns that major events will unfold next week! He claims to have brought back digital photos from the future showing flying cars and telepathy! MUST SEE SECRET! Mainstream media is HIDING this! Share this link before government censors delete this post! Code #50827.,Sensational,"July 26, 2026"
SCANDAL: Scientists Admit Earth Magnetic Field Will Reverse Tomorrow Morning !!! (EXPOSED #829),TOTAL CHAOS IMMINENT! Leaked reports from underground physics labs confirm Earth magnetic poles will flip upside down tomorrow morning causing electronics to explode! Stock up on gold immediately! MUST SEE SECRET! Mainstream media is HIDING this! Share this link before government censors delete this post! Code #50828.,Sensational,"July 26, 2026"
SHOCKING TRUTH: Hidden 13th Month Erased From Calendar By Secret Syndicate !!! (EXPOSED #830),ANCIENT CONSPIRACY EXPOSED! Historical documents prove emperors erased an entire month called Undecimber to charge extra interest on bank loans! Share this secret knowledge before censors take it down! MUST SEE SECRET! Mainstream media is HIDING this! Share this link before government censors delete this post! Code #50829.,News,"July 26, 2026"
SECRET SHOCK: Whistleblower Exposes Secret Mind Control Array in Satellite Dishes !!! (EXPOSED #831),SHOCKING SECRET revealed! Mainstream media won't tell you the truth! Insiders confirm secret government mind control chips are secretly broadcasting microwaves through everyday satellite dishes into your living room! Share this before it gets deleted! MUST SEE SECRET! Mainstream media is HIDING this! Share this link before government censors delete this post! Code #50830.,News,"July 24, 2026"
BOMBSHELL: Miracle Herb Cures All Diseases Overnight Doctors Don't Want You To Know !!! (EXPOSED #832),"Big Pharma is PANICKING! Top secret miracle Amazonian leaf completely cures diabetes, heart problems, and baldness in just 24 hours! Doctors are trying to ban this ancient remedy right now! Click here to order before supplies run out! MUST SEE SECRET! Mainstream media is HIDING this! Share this link before government censors delete this post! Code #50831.",Health,"July 25, 2026"
UNBELIEVABLE: Celebrity Replaced By Hologram During Live Television Broadcast !!! (EXPOSED #833),You won't believe your eyes! Hollywood A-lister was caught glitching on live TV proving they are actually a digital hologram operated by secret elites! Look closely at the hands in the video footage! MUST SEE VIDEO! MUST SEE SECRET! Mainstream media is HIDING this! Share this link before government censors delete this post! Code #50832.,Entertainment,"July 25, 2026"
EXPOSED: Alien Spacecraft Landed In Desert And Military Is Hiding Earth Engine !!! (EXPOSED #834),BREAKING NEWS! Former military general leaks secret coordinates of alien crash site! Engineers have reverse engineered anti-gravity fuel engines that generate infinite free electricity! Government coverup EXPOSED! MUST SEE SECRET! Mainstream media is HIDING this! Share this link before government censors delete this post! Code #50833.,Government,"July 26, 2026"
SCAM ALERT: Banks Will Freeze All Cash Accounts Next Week To Enforce Digital Currency !!! (EXPOSED #835),URGENT WARNING! Secret memo leaks financial elites plan to confiscate physical cash and force everyone into digital trackable tokens by next Monday! Withdraw all your savings immediately! PASS THIS ON! MUST SEE SECRET! Mainstream media is HIDING this! Share this link before government censors delete this post! Code #50834.,Finance,"July 26, 2026"
SHOCKING PROOF: Pyramids Were Built As Ancient Wireless Charging Stations For Giants !!! (EXPOSED #836),History books lied to you! Ancient golden energy crystals found under Egyptian ruins prove pyramids were massive power plants built by extraterrestrial giants thousands of years ago! Shocking truth revealed! MUST SEE SECRET! Mainstream media is HIDING this! Share this link before government censors delete this post! Code #50835.,History,"July 26, 2026"
BOMBSHELL EVIDENCE: Drinking Water Contaminated With Mind-Altering Chemicals !!! (EXPOSED #837),WAKE UP PEOPLE! Secret lab tests reveal tap water contains mind control chemicals designed to make citizens submissive to authority! Buy our specialized filtration pitcher today to protect your family! MUST SEE SECRET! Mainstream media is HIDING this! Share this link before government censors delete this post! Code #50836.,News,"July 26, 2026"
SECRET LEAK: Time Traveler From Year 2099 Gives Horrifying Predictions For Next Month !!! (EXPOSED #838),A self-proclaimed time traveler who passed a lie detector test warns that major events will unfold next week! He claims to have brought back digital photos from the future showing flying cars and telepathy! MUST SEE SECRET! Mainstream media is HIDING this! Share this link before government censors delete this post! Code #50837.,Sensational,"July 26, 2026"
SCANDAL: Scientists Admit Earth Magnetic Field Will Reverse Tomorrow Morning !!! (EXPOSED #839),TOTAL CHAOS IMMINENT! Leaked reports from underground physics labs confirm Earth magnetic poles will flip upside down tomorrow morning causing electronics to explode! Stock up on gold immediately! MUST SEE SECRET! Mainstream media is HIDING this! Share this link before government censors delete this post! Code #50838.,Sensational,"July 26, 2026"
SHOCKING TRUTH: Hidden 13th Month Erased From Calendar By Secret Syndicate !!! (EXPOSED #840),ANCIENT CONSPIRACY EXPOSED! Historical documents prove emperors erased an entire month called Undecimber to charge extra interest on bank loans! Share this secret knowledge before censors take it down! MUST SEE SECRET! Mainstream media is HIDING this! Share this link before government censors delete this post! Code #50839.,News,"July 26, 2026"
SECRET SHOCK: Whistleblower Exposes Secret Mind Control Array in Satellite Dishes !!! (EXPOSED #841),SHOCKING SECRET revealed! Mainstream media won't tell you the truth! Insiders confirm secret government mind control chips are secretly broadcasting microwaves through everyday satellite dishes into your living room! Share this before it gets deleted! MUST SEE SECRET! Mainstream media is HIDING this! Share this link before government censors delete this post! Code #50840.,News,"July 24, 2026"
BOMBSHELL: Miracle Herb Cures All Diseases Overnight Doctors Don't Want You To Know !!! (EXPOSED #842),"Big Pharma is PANICKING! Top secret miracle Amazonian leaf completely cures diabetes, heart problems, and baldness in just 24 hours! Doctors are trying to ban this ancient remedy right now! Click here to order before supplies run out! MUST SEE SECRET! Mainstream media is HIDING this! Share this link before government censors delete this post! Code #50841.",Health,"July 25, 2026"
UNBELIEVABLE: Celebrity Replaced By Hologram During Live Television Broadcast !!! (EXPOSED #843),You won't believe your eyes! Hollywood A-lister was caught glitching on live TV proving they are actually a digital hologram operated by secret elites! Look closely at the hands in the video footage! MUST SEE VIDEO! MUST SEE SECRET! Mainstream media is HIDING this! Share this link before government censors delete this post! Code #50842.,Entertainment,"July 25, 2026"
EXPOSED: Alien Spacecraft Landed In Desert And Military Is Hiding Earth Engine !!! (EXPOSED #844),BREAKING NEWS! Former military general leaks secret coordinates of alien crash site! Engineers have reverse engineered anti-gravity fuel engines that generate infinite free electricity! Government coverup EXPOSED! MUST SEE SECRET! Mainstream media is HIDING this! Share this link before government censors delete this post! Code #50843.,Government,"July 26, 2026"
SCAM ALERT: Banks Will Freeze All Cash Accounts Next Week To Enforce Digital Currency !!! (EXPOSED #845),URGENT WARNING! Secret memo leaks financial elites plan to confiscate physical cash and force everyone into digital trackable tokens by next Monday! Withdraw all your savings immediately! PASS THIS ON! MUST SEE SECRET! Mainstream media is HIDING this! Share this link before government censors delete this post! Code #50844.,Finance,"July 26, 2026"
SHOCKING PROOF: Pyramids Were Built As Ancient Wireless Charging Stations For Giants !!! (EXPOSED #846),History books lied to you! Ancient golden energy crystals found under Egyptian ruins prove pyramids were massive power plants built by extraterrestrial giants thousands of years ago! Shocking truth revealed! MUST SEE SECRET! Mainstream media is HIDING this! Share this link before government censors delete this post! Code #50845.,History,"July 26, 2026"
BOMBSHELL EVIDENCE: Drinking Water Contaminated With Mind-Altering Chemicals !!! (EXPOSED #847),WAKE UP PEOPLE! Secret lab tests reveal tap water contains mind control chemicals designed to make citizens submissive to authority! Buy our specialized filtration pitcher today to protect your family! MUST SEE SECRET! Mainstream media is HIDING this! Share this link before government censors delete this post! Code #50846.,News,"July 26, 2026"
SECRET LEAK: Time Traveler From Year 2099 Gives Horrifying Predictions For Next Month !!! (EXPOSED #848),A self-proclaimed time traveler who passed a lie detector test warns that major events will unfold next week! He claims to have brought back digital photos from the future showing flying cars and telepathy! MUST SEE SECRET! Mainstream media is HIDING this! Share this link before government censors delete this post! Code #50847.,Sensational,"July 26, 2026"
SCANDAL: Scientists Admit Earth Magnetic Field Will Reverse Tomorrow Morning !!! (EXPOSED #849),TOTAL CHAOS IMMINENT! Leaked reports from underground physics labs confirm Earth magnetic poles will flip upside down tomorrow morning causing electronics to explode! Stock up on gold immediately! MUST SEE SECRET! Mainstream media is HIDING this! Share this link before government censors delete this post! Code #50848.,Sensational,"July 26, 2026"
SHOCKING TRUTH: Hidden 13th Month Erased From Calendar By Secret Syndicate !!! (EXPOSED #850),ANCIENT CONSPIRACY EXPOSED! Historical documents prove emperors erased an entire month called Undecimber to charge extra interest on bank loans! Share this secret knowledge before censors take it down! MUST SEE SECRET! Mainstream media is HIDING this! Share this link before government censors delete this post! Code #50849.,News,"July 26, 2026"
SECRET SHOCK: Whistleblower Exposes Secret Mind Control Array in Satellite Dishes !!! (EXPOSED #851),SHOCKING SECRET revealed! Mainstream media won't tell you the truth! Insiders confirm secret government mind control chips are secretly broadcasting microwaves through everyday satellite dishes into your living room! Share this before it gets deleted! MUST SEE SECRET! Mainstream media is HIDING this! Share this link before government censors delete this post! Code #50850.,News,"July 24, 2026"
BOMBSHELL: Miracle Herb Cures All Diseases Overnight Doctors Don't Want You To Know !!! (EXPOSED #852),"Big Pharma is PANICKING! Top secret miracle Amazonian leaf completely cures diabetes, heart problems, and baldness in just 24 hours! Doctors are trying to ban this ancient remedy right now! Click here to order before supplies run out! MUST SEE SECRET! Mainstream media is HIDING this! Share this link before government censors delete this post! Code #50851.",Health,"July 25, 2026"
UNBELIEVABLE: Celebrity Replaced By Hologram During Live Television Broadcast !!! (EXPOSED #853),You won't believe your eyes! Hollywood A-lister was caught glitching on live TV proving they are actually a digital hologram operated by secret elites! Look closely at the hands in the video footage! MUST SEE VIDEO! MUST SEE SECRET! Mainstream media is HIDING this! Share this link before government censors delete this post! Code #50852.,Entertainment,"July 25, 2026"
EXPOSED: Alien Spacecraft Landed In Desert And Military Is Hiding Earth Engine !!! (EXPOSED #854),BREAKING NEWS! Former military general leaks secret coordinates of alien crash site! Engineers have reverse engineered anti-gravity fuel engines that generate infinite free electricity! Government coverup EXPOSED! MUST SEE SECRET! Mainstream media is HIDING this! Share this link before government censors delete this post! Code #50853.,Government,"July 26, 2026"
SCAM ALERT: Banks Will Freeze All Cash Accounts Next Week To Enforce Digital Currency !!! (EXPOSED #855),URGENT WARNING! Secret memo leaks financial elites plan to confiscate physical cash and force everyone into digital trackable tokens by next Monday! Withdraw all your savings immediately! PASS THIS ON! MUST SEE SECRET! Mainstream media is HIDING this! Share this link before government censors delete this post! Code #50854.,Finance,"July 26, 2026"
SHOCKING PROOF: Pyramids Were Built As Ancient Wireless Charging Stations For Giants !!! (EXPOSED #856),History books lied to you! Ancient golden energy crystals found under Egyptian ruins prove pyramids were massive power plants built by extraterrestrial giants thousands of years ago! Shocking truth revealed! MUST SEE SECRET! Mainstream media is HIDING this! Share this link before government censors delete this post! Code #50855.,History,"July 26, 2026"
BOMBSHELL EVIDENCE: Drinking Water Contaminated With Mind-Altering Chemicals !!! (EXPOSED #857),WAKE UP PEOPLE! Secret lab tests reveal tap water contains mind control chemicals designed to make citizens submissive to authority! Buy our specialized filtration pitcher today to protect your family! MUST SEE SECRET! Mainstream media is HIDING this! Share this link before government censors delete this post! Code #50856.,News,"July 26, 2026"
SECRET LEAK: Time Traveler From Year 2099 Gives Horrifying Predictions For Next Month !!! (EXPOSED #858),A self-proclaimed time traveler who passed a lie detector test warns that major events will unfold next week! He claims to have brought back digital photos from the future showing flying cars and telepathy! MUST SEE SECRET! Mainstream media is HIDING this! Share this link before government censors delete this post! Code #50857.,Sensational,"July 26, 2026"
SCANDAL: Scientists Admit Earth Magnetic Field Will Reverse Tomorrow Morning !!! (EXPOSED #859),TOTAL CHAOS IMMINENT! Leaked reports from underground physics labs confirm Earth magnetic poles will flip upside down tomorrow morning causing electronics to explode! Stock up on gold immediately! MUST SEE SECRET! Mainstream media is HIDING this! Share this link before government censors delete this post! Code #50858.,Sensational,"July 26, 2026"
SHOCKING TRUTH: Hidden 13th Month Erased From Calendar By Secret Syndicate !!! (EXPOSED #860),ANCIENT CONSPIRACY EXPOSED! Historical documents prove emperors erased an entire month called Undecimber to charge extra interest on bank loans! Share this secret knowledge before censors take it down! MUST SEE SECRET! Mainstream media is HIDING this! Share this link before government censors delete this post! Code #50859.,News,"July 26, 2026"
SECRET SHOCK: Whistleblower Exposes Secret Mind Control Array in Satellite Dishes !!! (EXPOSED #861),SHOCKING SECRET revealed! Mainstream media won't tell you the truth! Insiders confirm secret government mind control chips are secretly broadcasting microwaves through everyday satellite dishes into your living room! Share this before it gets deleted! MUST SEE SECRET! Mainstream media is HIDING this! Share this link before government censors delete this post! Code #50860.,News,"July 24, 2026"
BOMBSHELL: Miracle Herb Cures All Diseases Overnight Doctors Don't Want You To Know !!! (EXPOSED #862),"Big Pharma is PANICKING! Top secret miracle Amazonian leaf completely cures diabetes, heart problems, and baldness in just 24 hours! Doctors are trying to ban this ancient remedy right now! Click here to order before supplies run out! MUST SEE SECRET! Mainstream media is HIDING this! Share this link before government censors delete this post! Code #50861.",Health,"July 25, 2026"
UNBELIEVABLE: Celebrity Replaced By Hologram During Live Television Broadcast !!! (EXPOSED #863),You won't believe your eyes! Hollywood A-lister was caught glitching on live TV proving they are actually a digital hologram operated by secret elites! Look closely at the hands in the video footage! MUST SEE VIDEO! MUST SEE SECRET! Mainstream media is HIDING this! Share this link before government censors delete this post! Code #50862.,Entertainment,"July 25, 2026"
EXPOSED: Alien Spacecraft Landed In Desert And Military Is Hiding Earth Engine !!! (EXPOSED #864),BREAKING NEWS! Former military general leaks secret coordinates of alien crash site! Engineers have reverse engineered anti-gravity fuel engines that generate infinite free electricity! Government coverup EXPOSED! MUST SEE SECRET! Mainstream media is HIDING this! Share this link before government censors delete this post! Code #50863.,Government,"July 26, 2026"
SCAM ALERT: Banks Will Freeze All Cash Accounts Next Week To Enforce Digital Currency !!! (EXPOSED #865),URGENT WARNING! Secret memo leaks financial elites plan to confiscate physical cash and force everyone into digital trackable tokens by next Monday! Withdraw all your savings immediately! PASS THIS ON! MUST SEE SECRET! Mainstream media is HIDING this! Share this link before government censors delete this post! Code #50864.,Finance,"July 26, 2026"
SHOCKING PROOF: Pyramids Were Built As Ancient Wireless Charging Stations For Giants !!! (EXPOSED #866),History books lied to you! Ancient golden energy crystals found under Egyptian ruins prove pyramids were massive power plants built by extraterrestrial giants thousands of years ago! Shocking truth revealed! MUST SEE SECRET! Mainstream media is HIDING this! Share this link before government censors delete this post! Code #50865.,History,"July 26, 2026"
BOMBSHELL EVIDENCE: Drinking Water Contaminated With Mind-Altering Chemicals !!! (EXPOSED #867),WAKE UP PEOPLE! Secret lab tests reveal tap water contains mind control chemicals designed to make citizens submissive to authority! Buy our specialized filtration pitcher today to protect your family! MUST SEE SECRET! Mainstream media is HIDING this! Share this link before government censors delete this post! Code #50866.,News,"July 26, 2026"
SECRET LEAK: Time Traveler From Year 2099 Gives Horrifying Predictions For Next Month !!! (EXPOSED #868),A self-proclaimed time traveler who passed a lie detector test warns that major events will unfold next week! He claims to have brought back digital photos from the future showing flying cars and telepathy! MUST SEE SECRET! Mainstream media is HIDING this! Share this link before government censors delete this post! Code #50867.,Sensational,"July 26, 2026"
SCANDAL: Scientists Admit Earth Magnetic Field Will Reverse Tomorrow Morning !!! (EXPOSED #869),TOTAL CHAOS IMMINENT! Leaked reports from underground physics labs confirm Earth magnetic poles will flip upside down tomorrow morning causing electronics to explode! Stock up on gold immediately! MUST SEE SECRET! Mainstream media is HIDING this! Share this link before government censors delete this post! Code #50868.,Sensational,"July 26, 2026"
SHOCKING TRUTH: Hidden 13th Month Erased From Calendar By Secret Syndicate !!! (EXPOSED #870),ANCIENT CONSPIRACY EXPOSED! Historical documents prove emperors erased an entire month called Undecimber to charge extra interest on bank loans! Share this secret knowledge before censors take it down! MUST SEE SECRET! Mainstream media is HIDING this! Share this link before government censors delete this post! Code #50869.,News,"July 26, 2026"
SECRET SHOCK: Whistleblower Exposes Secret Mind Control Array in Satellite Dishes !!! (EXPOSED #871),SHOCKING SECRET revealed! Mainstream media won't tell you the truth! Insiders confirm secret government mind control chips are secretly broadcasting microwaves through everyday satellite dishes into your living room! Share this before it gets deleted! MUST SEE SECRET! Mainstream media is HIDING this! Share this link before government censors delete this post! Code #50870.,News,"July 24, 2026"
BOMBSHELL: Miracle Herb Cures All Diseases Overnight Doctors Don't Want You To Know !!! (EXPOSED #872),"Big Pharma is PANICKING! Top secret miracle Amazonian leaf completely cures diabetes, heart problems, and baldness in just 24 hours! Doctors are trying to ban this ancient remedy right now! Click here to order before supplies run out! MUST SEE SECRET! Mainstream media is HIDING this! Share this link before government censors delete this post! Code #50871.",Health,"July 25, 2026"
UNBELIEVABLE: Celebrity Replaced By Hologram During Live Television Broadcast !!! (EXPOSED #873),You won't believe your eyes! Hollywood A-lister was caught glitching on live TV proving they are actually a digital hologram operated by secret elites! Look closely at the hands in the video footage! MUST SEE VIDEO! MUST SEE SECRET! Mainstream media is HIDING this! Share this link before government censors delete this post! Code #50872.,Entertainment,"July 25, 2026"
EXPOSED: Alien Spacecraft Landed In Desert And Military Is Hiding Earth Engine !!! (EXPOSED #874),BREAKING NEWS! Former military general leaks secret coordinates of alien crash site! Engineers have reverse engineered anti-gravity fuel engines that generate infinite free electricity! Government coverup EXPOSED! MUST SEE SECRET! Mainstream media is HIDING this! Share this link before government censors delete this post! Code #50873.,Government,"July 26, 2026"
SCAM ALERT: Banks Will Freeze All Cash Accounts Next Week To Enforce Digital Currency !!! (EXPOSED #875),URGENT WARNING! Secret memo leaks financial elites plan to confiscate physical cash and force everyone into digital trackable tokens by next Monday! Withdraw all your savings immediately! PASS THIS ON! MUST SEE SECRET! Mainstream media is HIDING this! Share this link before government censors delete this post! Code #50874.,Finance,"July 26, 2026"
SHOCKING PROOF: Pyramids Were Built As Ancient Wireless Charging Stations For Giants !!! (EXPOSED #876),History books lied to you! Ancient golden energy crystals found under Egyptian ruins prove pyramids were massive power plants built by extraterrestrial giants thousands of years ago! Shocking truth revealed! MUST SEE SECRET! Mainstream media is HIDING this! Share this link before government censors delete this post! Code #50875.,History,"July 26, 2026"
BOMBSHELL EVIDENCE: Drinking Water Contaminated With Mind-Altering Chemicals !!! (EXPOSED #877),WAKE UP PEOPLE! Secret lab tests reveal tap water contains mind control chemicals designed to make citizens submissive to authority! Buy our specialized filtration pitcher today to protect your family! MUST SEE SECRET! Mainstream media is HIDING this! Share this link before government censors delete this post! Code #50876.,News,"July 26, 2026"
SECRET LEAK: Time Traveler From Year 2099 Gives Horrifying Predictions For Next Month !!! (EXPOSED #878),A self-proclaimed time traveler who passed a lie detector test warns that major events will unfold next week! He claims to have brought back digital photos from the future showing flying cars and telepathy! MUST SEE SECRET! Mainstream media is HIDING this! Share this link before government censors delete this post! Code #50877.,Sensational,"July 26, 2026"
SCANDAL: Scientists Admit Earth Magnetic Field Will Reverse Tomorrow Morning !!! (EXPOSED #879),TOTAL CHAOS IMMINENT! Leaked reports from underground physics labs confirm Earth magnetic poles will flip upside down tomorrow morning causing electronics to explode! Stock up on gold immediately! MUST SEE SECRET! Mainstream media is HIDING this! Share this link before government censors delete this post! Code #50878.,Sensational,"July 26, 2026"
SHOCKING TRUTH: Hidden 13th Month Erased From Calendar By Secret Syndicate !!! (EXPOSED #880),ANCIENT CONSPIRACY EXPOSED! Historical documents prove emperors erased an entire month called Undecimber to charge extra interest on bank loans! Share this secret knowledge before censors take it down! MUST SEE SECRET! Mainstream media is HIDING this! Share this link before government censors delete this post! Code #50879.,News,"July 26, 2026"
SECRET SHOCK: Whistleblower Exposes Secret Mind Control Array in Satellite Dishes !!! (EXPOSED #881),SHOCKING SECRET revealed! Mainstream media won't tell you the truth! Insiders confirm secret government mind control chips are secretly broadcasting microwaves through everyday satellite dishes into your living room! Share this before it gets deleted! MUST SEE SECRET! Mainstream media is HIDING this! Share this link before government censors delete this post! Code #50880.,News,"July 24, 2026"
BOMBSHELL: Miracle Herb Cures All Diseases Overnight Doctors Don't Want You To Know !!! (EXPOSED #882),"Big Pharma is PANICKING! Top secret miracle Amazonian leaf completely cures diabetes, heart problems, and baldness in just 24 hours! Doctors are trying to ban this ancient remedy right now! Click here to order before supplies run out! MUST SEE SECRET! Mainstream media is HIDING this! Share this link before government censors delete this post! Code #50881.",Health,"July 25, 2026"
UNBELIEVABLE: Celebrity Replaced By Hologram During Live Television Broadcast !!! (EXPOSED #883),You won't believe your eyes! Hollywood A-lister was caught glitching on live TV proving they are actually a digital hologram operated by secret elites! Look closely at the hands in the video footage! MUST SEE VIDEO! MUST SEE SECRET! Mainstream media is HIDING this! Share this link before government censors delete this post! Code #50882.,Entertainment,"July 25, 2026"
EXPOSED: Alien Spacecraft Landed In Desert And Military Is Hiding Earth Engine !!! (EXPOSED #884),BREAKING NEWS! Former military general leaks secret coordinates of alien crash site! Engineers have reverse engineered anti-gravity fuel engines that generate infinite free electricity! Government coverup EXPOSED! MUST SEE SECRET! Mainstream media is HIDING this! Share this link before government censors delete this post! Code #50883.,Government,"July 26, 2026"
SCAM ALERT: Banks Will Freeze All Cash Accounts Next Week To Enforce Digital Currency !!! (EXPOSED #885),URGENT WARNING! Secret memo leaks financial elites plan to confiscate physical cash and force everyone into digital trackable tokens by next Monday! Withdraw all your savings immediately! PASS THIS ON! MUST SEE SECRET! Mainstream media is HIDING this! Share this link before government censors delete this post! Code #50884.,Finance,"July 26, 2026"
SHOCKING PROOF: Pyramids Were Built As Ancient Wireless Charging Stations For Giants !!! (EXPOSED #886),History books lied to you! Ancient golden energy crystals found under Egyptian ruins prove pyramids were massive power plants built by extraterrestrial giants thousands of years ago! Shocking truth revealed! MUST SEE SECRET! Mainstream media is HIDING this! Share this link before government censors delete this post! Code #50885.,History,"July 26, 2026"
BOMBSHELL EVIDENCE: Drinking Water Contaminated With Mind-Altering Chemicals !!! (EXPOSED #887),WAKE UP PEOPLE! Secret lab tests reveal tap water contains mind control chemicals designed to make citizens submissive to authority! Buy our specialized filtration pitcher today to protect your family! MUST SEE SECRET! Mainstream media is HIDING this! Share this link before government censors delete this post! Code #50886.,News,"July 26, 2026"
SECRET LEAK: Time Traveler From Year 2099 Gives Horrifying Predictions For Next Month !!! (EXPOSED #888),A self-proclaimed time traveler who passed a lie detector test warns that major events will unfold next week! He claims to have brought back digital photos from the future showing flying cars and telepathy! MUST SEE SECRET! Mainstream media is HIDING this! Share this link before government censors delete this post! Code #50887.,Sensational,"July 26, 2026"
SCANDAL: Scientists Admit Earth Magnetic Field Will Reverse Tomorrow Morning !!! (EXPOSED #889),TOTAL CHAOS IMMINENT! Leaked reports from underground physics labs confirm Earth magnetic poles will flip upside down tomorrow morning causing electronics to explode! Stock up on gold immediately! MUST SEE SECRET! Mainstream media is HIDING this! Share this link before government censors delete this post! Code #50888.,Sensational,"July 26, 2026"
SHOCKING TRUTH: Hidden 13th Month Erased From Calendar By Secret Syndicate !!! (EXPOSED #890),ANCIENT CONSPIRACY EXPOSED! Historical documents prove emperors erased an entire month called Undecimber to charge extra interest on bank loans! Share this secret knowledge before censors take it down! MUST SEE SECRET! Mainstream media is HIDING this! Share this link before government censors delete this post! Code #50889.,News,"July 26, 2026"
SECRET SHOCK: Whistleblower Exposes Secret Mind Control Array in Satellite Dishes !!! (EXPOSED #891),SHOCKING SECRET revealed! Mainstream media won't tell you the truth! Insiders confirm secret government mind control chips are secretly broadcasting microwaves through everyday satellite dishes into your living room! Share this before it gets deleted! MUST SEE SECRET! Mainstream media is HIDING this! Share this link before government censors delete this post! Code #50890.,News,"July 24, 2026"
BOMBSHELL: Miracle Herb Cures All Diseases Overnight Doctors Don't Want You To Know !!! (EXPOSED #892),"Big Pharma is PANICKING! Top secret miracle Amazonian leaf completely cures diabetes, heart problems, and baldness in just 24 hours! Doctors are trying to ban this ancient remedy right now! Click here to order before supplies run out! MUST SEE SECRET! Mainstream media is HIDING this! Share this link before government censors delete this post! Code #50891.",Health,"July 25, 2026"
UNBELIEVABLE: Celebrity Replaced By Hologram During Live Television Broadcast !!! (EXPOSED #893),You won't believe your eyes! Hollywood A-lister was caught glitching on live TV proving they are actually a digital hologram operated by secret elites! Look closely at the hands in the video footage! MUST SEE VIDEO! MUST SEE SECRET! Mainstream media is HIDING this! Share this link before government censors delete this post! Code #50892.,Entertainment,"July 25, 2026"
EXPOSED: Alien Spacecraft Landed In Desert And Military Is Hiding Earth Engine !!! (EXPOSED #894),BREAKING NEWS! Former military general leaks secret coordinates of alien crash site! Engineers have reverse engineered anti-gravity fuel engines that generate infinite free electricity! Government coverup EXPOSED! MUST SEE SECRET! Mainstream media is HIDING this! Share this link before government censors delete this post! Code #50893.,Government,"July 26, 2026"
SCAM ALERT: Banks Will Freeze All Cash Accounts Next Week To Enforce Digital Currency !!! (EXPOSED #895),URGENT WARNING! Secret memo leaks financial elites plan to confiscate physical cash and force everyone into digital trackable tokens by next Monday! Withdraw all your savings immediately! PASS THIS ON! MUST SEE SECRET! Mainstream media is HIDING this! Share this link before government censors delete this post! Code #50894.,Finance,"July 26, 2026"
SHOCKING PROOF: Pyramids Were Built As Ancient Wireless Charging Stations For Giants !!! (EXPOSED #896),History books lied to you! Ancient golden energy crystals found under Egyptian ruins prove pyramids were massive power plants built by extraterrestrial giants thousands of years ago! Shocking truth revealed! MUST SEE SECRET! Mainstream media is HIDING this! Share this link before government censors delete this post! Code #50895.,History,"July 26, 2026"
BOMBSHELL EVIDENCE: Drinking Water Contaminated With Mind-Altering Chemicals !!! (EXPOSED #897),WAKE UP PEOPLE! Secret lab tests reveal tap water contains mind control chemicals designed to make citizens submissive to authority! Buy our specialized filtration pitcher today to protect your family! MUST SEE SECRET! Mainstream media is HIDING this! Share this link before government censors delete this post! Code #50896.,News,"July 26, 2026"
SECRET LEAK: Time Traveler From Year 2099 Gives Horrifying Predictions For Next Month !!! (EXPOSED #898),A self-proclaimed time traveler who passed a lie detector test warns that major events will unfold next week! He claims to have brought back digital photos from the future showing flying cars and telepathy! MUST SEE SECRET! Mainstream media is HIDING this! Share this link before government censors delete this post! Code #50897.,Sensational,"July 26, 2026"
SCANDAL: Scientists Admit Earth Magnetic Field Will Reverse Tomorrow Morning !!! (EXPOSED #899),TOTAL CHAOS IMMINENT! Leaked reports from underground physics labs confirm Earth magnetic poles will flip upside down tomorrow morning causing electronics to explode! Stock up on gold immediately! MUST SEE SECRET! Mainstream media is HIDING this! Share this link before government censors delete this post! Code #50898.,Sensational,"July 26, 2026"
SHOCKING TRUTH: Hidden 13th Month Erased From Calendar By Secret Syndicate !!! (EXPOSED #900),ANCIENT CONSPIRACY EXPOSED! Historical documents prove emperors erased an entire month called Undecimber to charge extra interest on bank loans! Share this secret knowledge before censors take it down! MUST SEE SECRET! Mainstream media is HIDING this! Share this link before government censors delete this post! Code #50899.,News,"July 26, 2026"
SECRET SHOCK: Whistleblower Exposes Secret Mind Control Array in Satellite Dishes !!! (EXPOSED #901),SHOCKING SECRET revealed! Mainstream media won't tell you the truth! Insiders confirm secret government mind control chips are secretly broadcasting microwaves through everyday satellite dishes into your living room! Share this before it gets deleted! MUST SEE SECRET! Mainstream media is HIDING this! Share this link before government censors delete this post! Code #50900.,News,"July 24, 2026"
BOMBSHELL: Miracle Herb Cures All Diseases Overnight Doctors Don't Want You To Know !!! (EXPOSED #902),"Big Pharma is PANICKING! Top secret miracle Amazonian leaf completely cures diabetes, heart problems, and baldness in just 24 hours! Doctors are trying to ban this ancient remedy right now! Click here to order before supplies run out! MUST SEE SECRET! Mainstream media is HIDING this! Share this link before government censors delete this post! Code #50901.",Health,"July 25, 2026"
UNBELIEVABLE: Celebrity Replaced By Hologram During Live Television Broadcast !!! (EXPOSED #903),You won't believe your eyes! Hollywood A-lister was caught glitching on live TV proving they are actually a digital hologram operated by secret elites! Look closely at the hands in the video footage! MUST SEE VIDEO! MUST SEE SECRET! Mainstream media is HIDING this! Share this link before government censors delete this post! Code #50902.,Entertainment,"July 25, 2026"
EXPOSED: Alien Spacecraft Landed In Desert And Military Is Hiding Earth Engine !!! (EXPOSED #904),BREAKING NEWS! Former military general leaks secret coordinates of alien crash site! Engineers have reverse engineered anti-gravity fuel engines that generate infinite free electricity! Government coverup EXPOSED! MUST SEE SECRET! Mainstream media is HIDING this! Share this link before government censors delete this post! Code #50903.,Government,"July 26, 2026"
SCAM ALERT: Banks Will Freeze All Cash Accounts Next Week To Enforce Digital Currency !!! (EXPOSED #905),URGENT WARNING! Secret memo leaks financial elites plan to confiscate physical cash and force everyone into digital trackable tokens by next Monday! Withdraw all your savings immediately! PASS THIS ON! MUST SEE SECRET! Mainstream media is HIDING this! Share this link before government censors delete this post! Code #50904.,Finance,"July 26, 2026"
SHOCKING PROOF: Pyramids Were Built As Ancient Wireless Charging Stations For Giants !!! (EXPOSED #906),History books lied to you! Ancient golden energy crystals found under Egyptian ruins prove pyramids were massive power plants built by extraterrestrial giants thousands of years ago! Shocking truth revealed! MUST SEE SECRET! Mainstream media is HIDING this! Share this link before government censors delete this post! Code #50905.,History,"July 26, 2026"
BOMBSHELL EVIDENCE: Drinking Water Contaminated With Mind-Altering Chemicals !!! (EXPOSED #907),WAKE UP PEOPLE! Secret lab tests reveal tap water contains mind control chemicals designed to make citizens submissive to authority! Buy our specialized filtration pitcher today to protect your family! MUST SEE SECRET! Mainstream media is HIDING this! Share this link before government censors delete this post! Code #50906.,News,"July 26, 2026"
SECRET LEAK: Time Traveler From Year 2099 Gives Horrifying Predictions For Next Month !!! (EXPOSED #908),A self-proclaimed time traveler who passed a lie detector test warns that major events will unfold next week! He claims to have brought back digital photos from the future showing flying cars and telepathy! MUST SEE SECRET! Mainstream media is HIDING this! Share this link before government censors delete this post! Code #50907.,Sensational,"July 26, 2026"
SCANDAL: Scientists Admit Earth Magnetic Field Will Reverse Tomorrow Morning !!! (EXPOSED #909),TOTAL CHAOS IMMINENT! Leaked reports from underground physics labs confirm Earth magnetic poles will flip upside down tomorrow morning causing electronics to explode! Stock up on gold immediately! MUST SEE SECRET! Mainstream media is HIDING this! Share this link before government censors delete this post! Code #50908.,Sensational,"July 26, 2026"
SHOCKING TRUTH: Hidden 13th Month Erased From Calendar By Secret Syndicate !!! (EXPOSED #910),ANCIENT CONSPIRACY EXPOSED! Historical documents prove emperors erased an entire month called Undecimber to charge extra interest on bank loans! Share this secret knowledge before censors take it down! MUST SEE SECRET! Mainstream media is HIDING this! Share this link before government censors delete this post! Code #50909.,News,"July 26, 2026"
SECRET SHOCK: Whistleblower Exposes Secret Mind Control Array in Satellite Dishes !!! (EXPOSED #911),SHOCKING SECRET revealed! Mainstream media won't tell you the truth! Insiders confirm secret government mind control chips are secretly broadcasting microwaves through everyday satellite dishes into your living room! Share this before it gets deleted! MUST SEE SECRET! Mainstream media is HIDING this! Share this link before government censors delete this post! Code #50910.,News,"July 24, 2026"
BOMBSHELL: Miracle Herb Cures All Diseases Overnight Doctors Don't Want You To Know !!! (EXPOSED #912),"Big Pharma is PANICKING! Top secret miracle Amazonian leaf completely cures diabetes, heart problems, and baldness in just 24 hours! Doctors are trying to ban this ancient remedy right now! Click here to order before supplies run out! MUST SEE SECRET! Mainstream media is HIDING this! Share this link before government censors delete this post! Code #50911.",Health,"July 25, 2026"
UNBELIEVABLE: Celebrity Replaced By Hologram During Live Television Broadcast !!! (EXPOSED #913),You won't believe your eyes! Hollywood A-lister was caught glitching on live TV proving they are actually a digital hologram operated by secret elites! Look closely at the hands in the video footage! MUST SEE VIDEO! MUST SEE SECRET! Mainstream media is HIDING this! Share this link before government censors delete this post! Code #50912.,Entertainment,"July 25, 2026"
EXPOSED: Alien Spacecraft Landed In Desert And Military Is Hiding Earth Engine !!! (EXPOSED #914),BREAKING NEWS! Former military general leaks secret coordinates of alien crash site! Engineers have reverse engineered anti-gravity fuel engines that generate infinite free electricity! Government coverup EXPOSED! MUST SEE SECRET! Mainstream media is HIDING this! Share this link before government censors delete this post! Code #50913.,Government,"July 26, 2026"
SCAM ALERT: Banks Will Freeze All Cash Accounts Next Week To Enforce Digital Currency !!! (EXPOSED #915),URGENT WARNING! Secret memo leaks financial elites plan to confiscate physical cash and force everyone into digital trackable tokens by next Monday! Withdraw all your savings immediately! PASS THIS ON! MUST SEE SECRET! Mainstream media is HIDING this! Share this link before government censors delete this post! Code #50914.,Finance,"July 26, 2026"
SHOCKING PROOF: Pyramids Were Built As Ancient Wireless Charging Stations For Giants !!! (EXPOSED #916),History books lied to you! Ancient golden energy crystals found under Egyptian ruins prove pyramids were massive power plants built by extraterrestrial giants thousands of years ago! Shocking truth revealed! MUST SEE SECRET! Mainstream media is HIDING this! Share this link before government censors delete this post! Code #50915.,History,"July 26, 2026"
BOMBSHELL EVIDENCE: Drinking Water Contaminated With Mind-Altering Chemicals !!! (EXPOSED #917),WAKE UP PEOPLE! Secret lab tests reveal tap water contains mind control chemicals designed to make citizens submissive to authority! Buy our specialized filtration pitcher today to protect your family! MUST SEE SECRET! Mainstream media is HIDING this! Share this link before government censors delete this post! Code #50916.,News,"July 26, 2026"
SECRET LEAK: Time Traveler From Year 2099 Gives Horrifying Predictions For Next Month !!! (EXPOSED #918),A self-proclaimed time traveler who passed a lie detector test warns that major events will unfold next week! He claims to have brought back digital photos from the future showing flying cars and telepathy! MUST SEE SECRET! Mainstream media is HIDING this! Share this link before government censors delete this post! Code #50917.,Sensational,"July 26, 2026"
SCANDAL: Scientists Admit Earth Magnetic Field Will Reverse Tomorrow Morning !!! (EXPOSED #919),TOTAL CHAOS IMMINENT! Leaked reports from underground physics labs confirm Earth magnetic poles will flip upside down tomorrow morning causing electronics to explode! Stock up on gold immediately! MUST SEE SECRET! Mainstream media is HIDING this! Share this link before government censors delete this post! Code #50918.,Sensational,"July 26, 2026"
SHOCKING TRUTH: Hidden 13th Month Erased From Calendar By Secret Syndicate !!! (EXPOSED #920),ANCIENT CONSPIRACY EXPOSED! Historical documents prove emperors erased an entire month called Undecimber to charge extra interest on bank loans! Share this secret knowledge before censors take it down! MUST SEE SECRET! Mainstream media is HIDING this! Share this link before government censors delete this post! Code #50919.,News,"July 26, 2026"
SECRET SHOCK: Whistleblower Exposes Secret Mind Control Array in Satellite Dishes !!! (EXPOSED #921),SHOCKING SECRET revealed! Mainstream media won't tell you the truth! Insiders confirm secret government mind control chips are secretly broadcasting microwaves through everyday satellite dishes into your living room! Share this before it gets deleted! MUST SEE SECRET! Mainstream media is HIDING this! Share this link before government censors delete this post! Code #50920.,News,"July 24, 2026"
BOMBSHELL: Miracle Herb Cures All Diseases Overnight Doctors Don't Want You To Know !!! (EXPOSED #922),"Big Pharma is PANICKING! Top secret miracle Amazonian leaf completely cures diabetes, heart problems, and baldness in just 24 hours! Doctors are trying to ban this ancient remedy right now! Click here to order before supplies run out! MUST SEE SECRET! Mainstream media is HIDING this! Share this link before government censors delete this post! Code #50921.",Health,"July 25, 2026"
UNBELIEVABLE: Celebrity Replaced By Hologram During Live Television Broadcast !!! (EXPOSED #923),You won't believe your eyes! Hollywood A-lister was caught glitching on live TV proving they are actually a digital hologram operated by secret elites! Look closely at the hands in the video footage! MUST SEE VIDEO! MUST SEE SECRET! Mainstream media is HIDING this! Share this link before government censors delete this post! Code #50922.,Entertainment,"July 25, 2026"
EXPOSED: Alien Spacecraft Landed In Desert And Military Is Hiding Earth Engine !!! (EXPOSED #924),BREAKING NEWS! Former military general leaks secret coordinates of alien crash site! Engineers have reverse engineered anti-gravity fuel engines that generate infinite free electricity! Government coverup EXPOSED! MUST SEE SECRET! Mainstream media is HIDING this! Share this link before government censors delete this post! Code #50923.,Government,"July 26, 2026"
SCAM ALERT: Banks Will Freeze All Cash Accounts Next Week To Enforce Digital Currency !!! (EXPOSED #925),URGENT WARNING! Secret memo leaks financial elites plan to confiscate physical cash and force everyone into digital trackable tokens by next Monday! Withdraw all your savings immediately! PASS THIS ON! MUST SEE SECRET! Mainstream media is HIDING this! Share this link before government censors delete this post! Code #50924.,Finance,"July 26, 2026"
SHOCKING PROOF: Pyramids Were Built As Ancient Wireless Charging Stations For Giants !!! (EXPOSED #926),History books lied to you! Ancient golden energy crystals found under Egyptian ruins prove pyramids were massive power plants built by extraterrestrial giants thousands of years ago! Shocking truth revealed! MUST SEE SECRET! Mainstream media is HIDING this! Share this link before government censors delete this post! Code #50925.,History,"July 26, 2026"
BOMBSHELL EVIDENCE: Drinking Water Contaminated With Mind-Altering Chemicals !!! (EXPOSED #927),WAKE UP PEOPLE! Secret lab tests reveal tap water contains mind control chemicals designed to make citizens submissive to authority! Buy our specialized filtration pitcher today to protect your family! MUST SEE SECRET! Mainstream media is HIDING this! Share this link before government censors delete this post! Code #50926.,News,"July 26, 2026"
SECRET LEAK: Time Traveler From Year 2099 Gives Horrifying Predictions For Next Month !!! (EXPOSED #928),A self-proclaimed time traveler who passed a lie detector test warns that major events will unfold next week! He claims to have brought back digital photos from the future showing flying cars and telepathy! MUST SEE SECRET! Mainstream media is HIDING this! Share this link before government censors delete this post! Code #50927.,Sensational,"July 26, 2026"
SCANDAL: Scientists Admit Earth Magnetic Field Will Reverse Tomorrow Morning !!! (EXPOSED #929),TOTAL CHAOS IMMINENT! Leaked reports from underground physics labs confirm Earth magnetic poles will flip upside down tomorrow morning causing electronics to explode! Stock up on gold immediately! MUST SEE SECRET! Mainstream media is HIDING this! Share this link before government censors delete this post! Code #50928.,Sensational,"July 26, 2026"
SHOCKING TRUTH: Hidden 13th Month Erased From Calendar By Secret Syndicate !!! (EXPOSED #930),ANCIENT CONSPIRACY EXPOSED! Historical documents prove emperors erased an entire month called Undecimber to charge extra interest on bank loans! Share this secret knowledge before censors take it down! MUST SEE SECRET! Mainstream media is HIDING this! Share this link before government censors delete this post! Code #50929.,News,"July 26, 2026"
SECRET SHOCK: Whistleblower Exposes Secret Mind Control Array in Satellite Dishes !!! (EXPOSED #931),SHOCKING SECRET revealed! Mainstream media won't tell you the truth! Insiders confirm secret government mind control chips are secretly broadcasting microwaves through everyday satellite dishes into your living room! Share this before it gets deleted! MUST SEE SECRET! Mainstream media is HIDING this! Share this link before government censors delete this post! Code #50930.,News,"July 24, 2026"
BOMBSHELL: Miracle Herb Cures All Diseases Overnight Doctors Don't Want You To Know !!! (EXPOSED #932),"Big Pharma is PANICKING! Top secret miracle Amazonian leaf completely cures diabetes, heart problems, and baldness in just 24 hours! Doctors are trying to ban this ancient remedy right now! Click here to order before supplies run out! MUST SEE SECRET! Mainstream media is HIDING this! Share this link before government censors delete this post! Code #50931.",Health,"July 25, 2026"
UNBELIEVABLE: Celebrity Replaced By Hologram During Live Television Broadcast !!! (EXPOSED #933),You won't believe your eyes! Hollywood A-lister was caught glitching on live TV proving they are actually a digital hologram operated by secret elites! Look closely at the hands in the video footage! MUST SEE VIDEO! MUST SEE SECRET! Mainstream media is HIDING this! Share this link before government censors delete this post! Code #50932.,Entertainment,"July 25, 2026"
EXPOSED: Alien Spacecraft Landed In Desert And Military Is Hiding Earth Engine !!! (EXPOSED #934),BREAKING NEWS! Former military general leaks secret coordinates of alien crash site! Engineers have reverse engineered anti-gravity fuel engines that generate infinite free electricity! Government coverup EXPOSED! MUST SEE SECRET! Mainstream media is HIDING this! Share this link before government censors delete this post! Code #50933.,Government,"July 26, 2026"
SCAM ALERT: Banks Will Freeze All Cash Accounts Next Week To Enforce Digital Currency !!! (EXPOSED #935),URGENT WARNING! Secret memo leaks financial elites plan to confiscate physical cash and force everyone into digital trackable tokens by next Monday! Withdraw all your savings immediately! PASS THIS ON! MUST SEE SECRET! Mainstream media is HIDING this! Share this link before government censors delete this post! Code #50934.,Finance,"July 26, 2026"
SHOCKING PROOF: Pyramids Were Built As Ancient Wireless Charging Stations For Giants !!! (EXPOSED #936),History books lied to you! Ancient golden energy crystals found under Egyptian ruins prove pyramids were massive power plants built by extraterrestrial giants thousands of years ago! Shocking truth revealed! MUST SEE SECRET! Mainstream media is HIDING this! Share this link before government censors delete this post! Code #50935.,History,"July 26, 2026"
BOMBSHELL EVIDENCE: Drinking Water Contaminated With Mind-Altering Chemicals !!! (EXPOSED #937),WAKE UP PEOPLE! Secret lab tests reveal tap water contains mind control chemicals designed to make citizens submissive to authority! Buy our specialized filtration pitcher today to protect your family! MUST SEE SECRET! Mainstream media is HIDING this! Share this link before government censors delete this post! Code #50936.,News,"July 26, 2026"
SECRET LEAK: Time Traveler From Year 2099 Gives Horrifying Predictions For Next Month !!! (EXPOSED #938),A self-proclaimed time traveler who passed a lie detector test warns that major events will unfold next week! He claims to have brought back digital photos from the future showing flying cars and telepathy! MUST SEE SECRET! Mainstream media is HIDING this! Share this link before government censors delete this post! Code #50937.,Sensational,"July 26, 2026"
SCANDAL: Scientists Admit Earth Magnetic Field Will Reverse Tomorrow Morning !!! (EXPOSED #939),TOTAL CHAOS IMMINENT! Leaked reports from underground physics labs confirm Earth magnetic poles will flip upside down tomorrow morning causing electronics to explode! Stock up on gold immediately! MUST SEE SECRET! Mainstream media is HIDING this! Share this link before government censors delete this post! Code #50938.,Sensational,"July 26, 2026"
SHOCKING TRUTH: Hidden 13th Month Erased From Calendar By Secret Syndicate !!! (EXPOSED #940),ANCIENT CONSPIRACY EXPOSED! Historical documents prove emperors erased an entire month called Undecimber to charge extra interest on bank loans! Share this secret knowledge before censors take it down! MUST SEE SECRET! Mainstream media is HIDING this! Share this link before government censors delete this post! Code #50939.,News,"July 26, 2026"
SECRET SHOCK: Whistleblower Exposes Secret Mind Control Array in Satellite Dishes !!! (EXPOSED #941),SHOCKING SECRET revealed! Mainstream media won't tell you the truth! Insiders confirm secret government mind control chips are secretly broadcasting microwaves through everyday satellite dishes into your living room! Share this before it gets deleted! MUST SEE SECRET! Mainstream media is HIDING this! Share this link before government censors delete this post! Code #50940.,News,"July 24, 2026"
BOMBSHELL: Miracle Herb Cures All Diseases Overnight Doctors Don't Want You To Know !!! (EXPOSED #942),"Big Pharma is PANICKING! Top secret miracle Amazonian leaf completely cures diabetes, heart problems, and baldness in just 24 hours! Doctors are trying to ban this ancient remedy right now! Click here to order before supplies run out! MUST SEE SECRET! Mainstream media is HIDING this! Share this link before government censors delete this post! Code #50941.",Health,"July 25, 2026"
UNBELIEVABLE: Celebrity Replaced By Hologram During Live Television Broadcast !!! (EXPOSED #943),You won't believe your eyes! Hollywood A-lister was caught glitching on live TV proving they are actually a digital hologram operated by secret elites! Look closely at the hands in the video footage! MUST SEE VIDEO! MUST SEE SECRET! Mainstream media is HIDING this! Share this link before government censors delete this post! Code #50942.,Entertainment,"July 25, 2026"
EXPOSED: Alien Spacecraft Landed In Desert And Military Is Hiding Earth Engine !!! (EXPOSED #944),BREAKING NEWS! Former military general leaks secret coordinates of alien crash site! Engineers have reverse engineered anti-gravity fuel engines that generate infinite free electricity! Government coverup EXPOSED! MUST SEE SECRET! Mainstream media is HIDING this! Share this link before government censors delete this post! Code #50943.,Government,"July 26, 2026"
SCAM ALERT: Banks Will Freeze All Cash Accounts Next Week To Enforce Digital Currency !!! (EXPOSED #945),URGENT WARNING! Secret memo leaks financial elites plan to confiscate physical cash and force everyone into digital trackable tokens by next Monday! Withdraw all your savings immediately! PASS THIS ON! MUST SEE SECRET! Mainstream media is HIDING this! Share this link before government censors delete this post! Code #50944.,Finance,"July 26, 2026"
SHOCKING PROOF: Pyramids Were Built As Ancient Wireless Charging Stations For Giants !!! (EXPOSED #946),History books lied to you! Ancient golden energy crystals found under Egyptian ruins prove pyramids were massive power plants built by extraterrestrial giants thousands of years ago! Shocking truth revealed! MUST SEE SECRET! Mainstream media is HIDING this! Share this link before government censors delete this post! Code #50945.,History,"July 26, 2026"
BOMBSHELL EVIDENCE: Drinking Water Contaminated With Mind-Altering Chemicals !!! (EXPOSED #947),WAKE UP PEOPLE! Secret lab tests reveal tap water contains mind control chemicals designed to make citizens submissive to authority! Buy our specialized filtration pitcher today to protect your family! MUST SEE SECRET! Mainstream media is HIDING this! Share this link before government censors delete this post! Code #50946.,News,"July 26, 2026"
SECRET LEAK: Time Traveler From Year 2099 Gives Horrifying Predictions For Next Month !!! (EXPOSED #948),A self-proclaimed time traveler who passed a lie detector test warns that major events will unfold next week! He claims to have brought back digital photos from the future showing flying cars and telepathy! MUST SEE SECRET! Mainstream media is HIDING this! Share this link before government censors delete this post! Code #50947.,Sensational,"July 26, 2026"
SCANDAL: Scientists Admit Earth Magnetic Field Will Reverse Tomorrow Morning !!! (EXPOSED #949),TOTAL CHAOS IMMINENT! Leaked reports from underground physics labs confirm Earth magnetic poles will flip upside down tomorrow morning causing electronics to explode! Stock up on gold immediately! MUST SEE SECRET! Mainstream media is HIDING this! Share this link before government censors delete this post! Code #50948.,Sensational,"July 26, 2026"
SHOCKING TRUTH: Hidden 13th Month Erased From Calendar By Secret Syndicate !!! (EXPOSED #950),ANCIENT CONSPIRACY EXPOSED! Historical documents prove emperors erased an entire month called Undecimber to charge extra interest on bank loans! Share this secret knowledge before censors take it down! MUST SEE SECRET! Mainstream media is HIDING this! Share this link before government censors delete this post! Code #50949.,News,"July 26, 2026"
SECRET SHOCK: Whistleblower Exposes Secret Mind Control Array in Satellite Dishes !!! (EXPOSED #951),SHOCKING SECRET revealed! Mainstream media won't tell you the truth! Insiders confirm secret government mind control chips are secretly broadcasting microwaves through everyday satellite dishes into your living room! Share this before it gets deleted! MUST SEE SECRET! Mainstream media is HIDING this! Share this link before government censors delete this post! Code #50950.,News,"July 24, 2026"
BOMBSHELL: Miracle Herb Cures All Diseases Overnight Doctors Don't Want You To Know !!! (EXPOSED #952),"Big Pharma is PANICKING! Top secret miracle Amazonian leaf completely cures diabetes, heart problems, and baldness in just 24 hours! Doctors are trying to ban this ancient remedy right now! Click here to order before supplies run out! MUST SEE SECRET! Mainstream media is HIDING this! Share this link before government censors delete this post! Code #50951.",Health,"July 25, 2026"
UNBELIEVABLE: Celebrity Replaced By Hologram During Live Television Broadcast !!! (EXPOSED #953),You won't believe your eyes! Hollywood A-lister was caught glitching on live TV proving they are actually a digital hologram operated by secret elites! Look closely at the hands in the video footage! MUST SEE VIDEO! MUST SEE SECRET! Mainstream media is HIDING this! Share this link before government censors delete this post! Code #50952.,Entertainment,"July 25, 2026"
EXPOSED: Alien Spacecraft Landed In Desert And Military Is Hiding Earth Engine !!! (EXPOSED #954),BREAKING NEWS! Former military general leaks secret coordinates of alien crash site! Engineers have reverse engineered anti-gravity fuel engines that generate infinite free electricity! Government coverup EXPOSED! MUST SEE SECRET! Mainstream media is HIDING this! Share this link before government censors delete this post! Code #50953.,Government,"July 26, 2026"
SCAM ALERT: Banks Will Freeze All Cash Accounts Next Week To Enforce Digital Currency !!! (EXPOSED #955),URGENT WARNING! Secret memo leaks financial elites plan to confiscate physical cash and force everyone into digital trackable tokens by next Monday! Withdraw all your savings immediately! PASS THIS ON! MUST SEE SECRET! Mainstream media is HIDING this! Share this link before government censors delete this post! Code #50954.,Finance,"July 26, 2026"
SHOCKING PROOF: Pyramids Were Built As Ancient Wireless Charging Stations For Giants !!! (EXPOSED #956),History books lied to you! Ancient golden energy crystals found under Egyptian ruins prove pyramids were massive power plants built by extraterrestrial giants thousands of years ago! Shocking truth revealed! MUST SEE SECRET! Mainstream media is HIDING this! Share this link before government censors delete this post! Code #50955.,History,"July 26, 2026"
BOMBSHELL EVIDENCE: Drinking Water Contaminated With Mind-Altering Chemicals !!! (EXPOSED #957),WAKE UP PEOPLE! Secret lab tests reveal tap water contains mind control chemicals designed to make citizens submissive to authority! Buy our specialized filtration pitcher today to protect your family! MUST SEE SECRET! Mainstream media is HIDING this! Share this link before government censors delete this post! Code #50956.,News,"July 26, 2026"
SECRET LEAK: Time Traveler From Year 2099 Gives Horrifying Predictions For Next Month !!! (EXPOSED #958),A self-proclaimed time traveler who passed a lie detector test warns that major events will unfold next week! He claims to have brought back digital photos from the future showing flying cars and telepathy! MUST SEE SECRET! Mainstream media is HIDING this! Share this link before government censors delete this post! Code #50957.,Sensational,"July 26, 2026"
SCANDAL: Scientists Admit Earth Magnetic Field Will Reverse Tomorrow Morning !!! (EXPOSED #959),TOTAL CHAOS IMMINENT! Leaked reports from underground physics labs confirm Earth magnetic poles will flip upside down tomorrow morning causing electronics to explode! Stock up on gold immediately! MUST SEE SECRET! Mainstream media is HIDING this! Share this link before government censors delete this post! Code #50958.,Sensational,"July 26, 2026"
SHOCKING TRUTH: Hidden 13th Month Erased From Calendar By Secret Syndicate !!! (EXPOSED #960),ANCIENT CONSPIRACY EXPOSED! Historical documents prove emperors erased an entire month called Undecimber to charge extra interest on bank loans! Share this secret knowledge before censors take it down! MUST SEE SECRET! Mainstream media is HIDING this! Share this link before government censors delete this post! Code #50959.,News,"July 26, 2026"
SECRET SHOCK: Whistleblower Exposes Secret Mind Control Array in Satellite Dishes !!! (EXPOSED #961),SHOCKING SECRET revealed! Mainstream media won't tell you the truth! Insiders confirm secret government mind control chips are secretly broadcasting microwaves through everyday satellite dishes into your living room! Share this before it gets deleted! MUST SEE SECRET! Mainstream media is HIDING this! Share this link before government censors delete this post! Code #50960.,News,"July 24, 2026"
BOMBSHELL: Miracle Herb Cures All Diseases Overnight Doctors Don't Want You To Know !!! (EXPOSED #962),"Big Pharma is PANICKING! Top secret miracle Amazonian leaf completely cures diabetes, heart problems, and baldness in just 24 hours! Doctors are trying to ban this ancient remedy right now! Click here to order before supplies run out! MUST SEE SECRET! Mainstream media is HIDING this! Share this link before government censors delete this post! Code #50961.",Health,"July 25, 2026"
UNBELIEVABLE: Celebrity Replaced By Hologram During Live Television Broadcast !!! (EXPOSED #963),You won't believe your eyes! Hollywood A-lister was caught glitching on live TV proving they are actually a digital hologram operated by secret elites! Look closely at the hands in the video footage! MUST SEE VIDEO! MUST SEE SECRET! Mainstream media is HIDING this! Share this link before government censors delete this post! Code #50962.,Entertainment,"July 25, 2026"
EXPOSED: Alien Spacecraft Landed In Desert And Military Is Hiding Earth Engine !!! (EXPOSED #964),BREAKING NEWS! Former military general leaks secret coordinates of alien crash site! Engineers have reverse engineered anti-gravity fuel engines that generate infinite free electricity! Government coverup EXPOSED! MUST SEE SECRET! Mainstream media is HIDING this! Share this link before government censors delete this post! Code #50963.,Government,"July 26, 2026"
SCAM ALERT: Banks Will Freeze All Cash Accounts Next Week To Enforce Digital Currency !!! (EXPOSED #965),URGENT WARNING! Secret memo leaks financial elites plan to confiscate physical cash and force everyone into digital trackable tokens by next Monday! Withdraw all your savings immediately! PASS THIS ON! MUST SEE SECRET! Mainstream media is HIDING this! Share this link before government censors delete this post! Code #50964.,Finance,"July 26, 2026"
SHOCKING PROOF: Pyramids Were Built As Ancient Wireless Charging Stations For Giants !!! (EXPOSED #966),History books lied to you! Ancient golden energy crystals found under Egyptian ruins prove pyramids were massive power plants built by extraterrestrial giants thousands of years ago! Shocking truth revealed! MUST SEE SECRET! Mainstream media is HIDING this! Share this link before government censors delete this post! Code #50965.,History,"July 26, 2026"
BOMBSHELL EVIDENCE: Drinking Water Contaminated With Mind-Altering Chemicals !!! (EXPOSED #967),WAKE UP PEOPLE! Secret lab tests reveal tap water contains mind control chemicals designed to make citizens submissive to authority! Buy our specialized filtration pitcher today to protect your family! MUST SEE SECRET! Mainstream media is HIDING this! Share this link before government censors delete this post! Code #50966.,News,"July 26, 2026"
SECRET LEAK: Time Traveler From Year 2099 Gives Horrifying Predictions For Next Month !!! (EXPOSED #968),A self-proclaimed time traveler who passed a lie detector test warns that major events will unfold next week! He claims to have brought back digital photos from the future showing flying cars and telepathy! MUST SEE SECRET! Mainstream media is HIDING this! Share this link before government censors delete this post! Code #50967.,Sensational,"July 26, 2026"
SCANDAL: Scientists Admit Earth Magnetic Field Will Reverse Tomorrow Morning !!! (EXPOSED #969),TOTAL CHAOS IMMINENT! Leaked reports from underground physics labs confirm Earth magnetic poles will flip upside down tomorrow morning causing electronics to explode! Stock up on gold immediately! MUST SEE SECRET! Mainstream media is HIDING this! Share this link before government censors delete this post! Code #50968.,Sensational,"July 26, 2026"
SHOCKING TRUTH: Hidden 13th Month Erased From Calendar By Secret Syndicate !!! (EXPOSED #970),ANCIENT CONSPIRACY EXPOSED! Historical documents prove emperors erased an entire month called Undecimber to charge extra interest on bank loans! Share this secret knowledge before censors take it down! MUST SEE SECRET! Mainstream media is HIDING this! Share this link before government censors delete this post! Code #50969.,News,"July 26, 2026"
SECRET SHOCK: Whistleblower Exposes Secret Mind Control Array in Satellite Dishes !!! (EXPOSED #971),SHOCKING SECRET revealed! Mainstream media won't tell you the truth! Insiders confirm secret government mind control chips are secretly broadcasting microwaves through everyday satellite dishes into your living room! Share this before it gets deleted! MUST SEE SECRET! Mainstream media is HIDING this! Share this link before government censors delete this post! Code #50970.,News,"July 24, 2026"
BOMBSHELL: Miracle Herb Cures All Diseases Overnight Doctors Don't Want You To Know !!! (EXPOSED #972),"Big Pharma is PANICKING! Top secret miracle Amazonian leaf completely cures diabetes, heart problems, and baldness in just 24 hours! Doctors are trying to ban this ancient remedy right now! Click here to order before supplies run out! MUST SEE SECRET! Mainstream media is HIDING this! Share this link before government censors delete this post! Code #50971.",Health,"July 25, 2026"
UNBELIEVABLE: Celebrity Replaced By Hologram During Live Television Broadcast !!! (EXPOSED #973),You won't believe your eyes! Hollywood A-lister was caught glitching on live TV proving they are actually a digital hologram operated by secret elites! Look closely at the hands in the video footage! MUST SEE VIDEO! MUST SEE SECRET! Mainstream media is HIDING this! Share this link before government censors delete this post! Code #50972.,Entertainment,"July 25, 2026"
EXPOSED: Alien Spacecraft Landed In Desert And Military Is Hiding Earth Engine !!! (EXPOSED #974),BREAKING NEWS! Former military general leaks secret coordinates of alien crash site! Engineers have reverse engineered anti-gravity fuel engines that generate infinite free electricity! Government coverup EXPOSED! MUST SEE SECRET! Mainstream media is HIDING this! Share this link before government censors delete this post! Code #50973.,Government,"July 26, 2026"
SCAM ALERT: Banks Will Freeze All Cash Accounts Next Week To Enforce Digital Currency !!! (EXPOSED #975),URGENT WARNING! Secret memo leaks financial elites plan to confiscate physical cash and force everyone into digital trackable tokens by next Monday! Withdraw all your savings immediately! PASS THIS ON! MUST SEE SECRET! Mainstream media is HIDING this! Share this link before government censors delete this post! Code #50974.,Finance,"July 26, 2026"
SHOCKING PROOF: Pyramids Were Built As Ancient Wireless Charging Stations For Giants !!! (EXPOSED #976),History books lied to you! Ancient golden energy crystals found under Egyptian ruins prove pyramids were massive power plants built by extraterrestrial giants thousands of years ago! Shocking truth revealed! MUST SEE SECRET! Mainstream media is HIDING this! Share this link before government censors delete this post! Code #50975.,History,"July 26, 2026"
BOMBSHELL EVIDENCE: Drinking Water Contaminated With Mind-Altering Chemicals !!! (EXPOSED #977),WAKE UP PEOPLE! Secret lab tests reveal tap water contains mind control chemicals designed to make citizens submissive to authority! Buy our specialized filtration pitcher today to protect your family! MUST SEE SECRET! Mainstream media is HIDING this! Share this link before government censors delete this post! Code #50976.,News,"July 26, 2026"
SECRET LEAK: Time Traveler From Year 2099 Gives Horrifying Predictions For Next Month !!! (EXPOSED #978),A self-proclaimed time traveler who passed a lie detector test warns that major events will unfold next week! He claims to have brought back digital photos from the future showing flying cars and telepathy! MUST SEE SECRET! Mainstream media is HIDING this! Share this link before government censors delete this post! Code #50977.,Sensational,"July 26, 2026"
SCANDAL: Scientists Admit Earth Magnetic Field Will Reverse Tomorrow Morning !!! (EXPOSED #979),TOTAL CHAOS IMMINENT! Leaked reports from underground physics labs confirm Earth magnetic poles will flip upside down tomorrow morning causing electronics to explode! Stock up on gold immediately! MUST SEE SECRET! Mainstream media is HIDING this! Share this link before government censors delete this post! Code #50978.,Sensational,"July 26, 2026"
SHOCKING TRUTH: Hidden 13th Month Erased From Calendar By Secret Syndicate !!! (EXPOSED #980),ANCIENT CONSPIRACY EXPOSED! Historical documents prove emperors erased an entire month called Undecimber to charge extra interest on bank loans! Share this secret knowledge before censors take it down! MUST SEE SECRET! Mainstream media is HIDING this! Share this link before government censors delete this post! Code #50979.,News,"July 26, 2026"
SECRET SHOCK: Whistleblower Exposes Secret Mind Control Array in Satellite Dishes !!! (EXPOSED #981),SHOCKING SECRET revealed! Mainstream media won't tell you the truth! Insiders confirm secret government mind control chips are secretly broadcasting microwaves through everyday satellite dishes into your living room! Share this before it gets deleted! MUST SEE SECRET! Mainstream media is HIDING this! Share this link before government censors delete this post! Code #50980.,News,"July 24, 2026"
BOMBSHELL: Miracle Herb Cures All Diseases Overnight Doctors Don't Want You To Know !!! (EXPOSED #982),"Big Pharma is PANICKING! Top secret miracle Amazonian leaf completely cures diabetes, heart problems, and baldness in just 24 hours! Doctors are trying to ban this ancient remedy right now! Click here to order before supplies run out! MUST SEE SECRET! Mainstream media is HIDING this! Share this link before government censors delete this post! Code #50981.",Health,"July 25, 2026"
UNBELIEVABLE: Celebrity Replaced By Hologram During Live Television Broadcast !!! (EXPOSED #983),You won't believe your eyes! Hollywood A-lister was caught glitching on live TV proving they are actually a digital hologram operated by secret elites! Look closely at the hands in the video footage! MUST SEE VIDEO! MUST SEE SECRET! Mainstream media is HIDING this! Share this link before government censors delete this post! Code #50982.,Entertainment,"July 25, 2026"
EXPOSED: Alien Spacecraft Landed In Desert And Military Is Hiding Earth Engine !!! (EXPOSED #984),BREAKING NEWS! Former military general leaks secret coordinates of alien crash site! Engineers have reverse engineered anti-gravity fuel engines that generate infinite free electricity! Government coverup EXPOSED! MUST SEE SECRET! Mainstream media is HIDING this! Share this link before government censors delete this post! Code #50983.,Government,"July 26, 2026"
SCAM ALERT: Banks Will Freeze All Cash Accounts Next Week To Enforce Digital Currency !!! (EXPOSED #985),URGENT WARNING! Secret memo leaks financial elites plan to confiscate physical cash and force everyone into digital trackable tokens by next Monday! Withdraw all your savings immediately! PASS THIS ON! MUST SEE SECRET! Mainstream media is HIDING this! Share this link before government censors delete this post! Code #50984.,Finance,"July 26, 2026"
SHOCKING PROOF: Pyramids Were Built As Ancient Wireless Charging Stations For Giants !!! (EXPOSED #986),History books lied to you! Ancient golden energy crystals found under Egyptian ruins prove pyramids were massive power plants built by extraterrestrial giants thousands of years ago! Shocking truth revealed! MUST SEE SECRET! Mainstream media is HIDING this! Share this link before government censors delete this post! Code #50985.,History,"July 26, 2026"
BOMBSHELL EVIDENCE: Drinking Water Contaminated With Mind-Altering Chemicals !!! (EXPOSED #987),WAKE UP PEOPLE! Secret lab tests reveal tap water contains mind control chemicals designed to make citizens submissive to authority! Buy our specialized filtration pitcher today to protect your family! MUST SEE SECRET! Mainstream media is HIDING this! Share this link before government censors delete this post! Code #50986.,News,"July 26, 2026"
SECRET LEAK: Time Traveler From Year 2099 Gives Horrifying Predictions For Next Month !!! (EXPOSED #988),A self-proclaimed time traveler who passed a lie detector test warns that major events will unfold next week! He claims to have brought back digital photos from the future showing flying cars and telepathy! MUST SEE SECRET! Mainstream media is HIDING this! Share this link before government censors delete this post! Code #50987.,Sensational,"July 26, 2026"
SCANDAL: Scientists Admit Earth Magnetic Field Will Reverse Tomorrow Morning !!! (EXPOSED #989),TOTAL CHAOS IMMINENT! Leaked reports from underground physics labs confirm Earth magnetic poles will flip upside down tomorrow morning causing electronics to explode! Stock up on gold immediately! MUST SEE SECRET! Mainstream media is HIDING this! Share this link before government censors delete this post! Code #50988.,Sensational,"July 26, 2026"
SHOCKING TRUTH: Hidden 13th Month Erased From Calendar By Secret Syndicate !!! (EXPOSED #990),ANCIENT CONSPIRACY EXPOSED! Historical documents prove emperors erased an entire month called Undecimber to charge extra interest on bank loans! Share this secret knowledge before censors take it down! MUST SEE SECRET! Mainstream media is HIDING this! Share this link before government censors delete this post! Code #50989.,News,"July 26, 2026"
SECRET SHOCK: Whistleblower Exposes Secret Mind Control Array in Satellite Dishes !!! (EXPOSED #991),SHOCKING SECRET revealed! Mainstream media won't tell you the truth! Insiders confirm secret government mind control chips are secretly broadcasting microwaves through everyday satellite dishes into your living room! Share this before it gets deleted! MUST SEE SECRET! Mainstream media is HIDING this! Share this link before government censors delete this post! Code #50990.,News,"July 24, 2026"
BOMBSHELL: Miracle Herb Cures All Diseases Overnight Doctors Don't Want You To Know !!! (EXPOSED #992),"Big Pharma is PANICKING! Top secret miracle Amazonian leaf completely cures diabetes, heart problems, and baldness in just 24 hours! Doctors are trying to ban this ancient remedy right now! Click here to order before supplies run out! MUST SEE SECRET! Mainstream media is HIDING this! Share this link before government censors delete this post! Code #50991.",Health,"July 25, 2026"
UNBELIEVABLE: Celebrity Replaced By Hologram During Live Television Broadcast !!! (EXPOSED #993),You won't believe your eyes! Hollywood A-lister was caught glitching on live TV proving they are actually a digital hologram operated by secret elites! Look closely at the hands in the video footage! MUST SEE VIDEO! MUST SEE SECRET! Mainstream media is HIDING this! Share this link before government censors delete this post! Code #50992.,Entertainment,"July 25, 2026"
EXPOSED: Alien Spacecraft Landed In Desert And Military Is Hiding Earth Engine !!! (EXPOSED #994),BREAKING NEWS! Former military general leaks secret coordinates of alien crash site! Engineers have reverse engineered anti-gravity fuel engines that generate infinite free electricity! Government coverup EXPOSED! MUST SEE SECRET! Mainstream media is HIDING this! Share this link before government censors delete this post! Code #50993.,Government,"July 26, 2026"
SCAM ALERT: Banks Will Freeze All Cash Accounts Next Week To Enforce Digital Currency !!! (EXPOSED #995),URGENT WARNING! Secret memo leaks financial elites plan to confiscate physical cash and force everyone into digital trackable tokens by next Monday! Withdraw all your savings immediately! PASS THIS ON! MUST SEE SECRET! Mainstream media is HIDING this! Share this link before government censors delete this post! Code #50994.,Finance,"July 26, 2026"
SHOCKING PROOF: Pyramids Were Built As Ancient Wireless Charging Stations For Giants !!! (EXPOSED #996),History books lied to you! Ancient golden energy crystals found under Egyptian ruins prove pyramids were massive power plants built by extraterrestrial giants thousands of years ago! Shocking truth revealed! MUST SEE SECRET! Mainstream media is HIDING this! Share this link before government censors delete this post! Code #50995.,History,"July 26, 2026"
BOMBSHELL EVIDENCE: Drinking Water Contaminated With Mind-Altering Chemicals !!! (EXPOSED #997),WAKE UP PEOPLE! Secret lab tests reveal tap water contains mind control chemicals designed to make citizens submissive to authority! Buy our specialized filtration pitcher today to protect your family! MUST SEE SECRET! Mainstream media is HIDING this! Share this link before government censors delete this post! Code #50996.,News,"July 26, 2026"
SECRET LEAK: Time Traveler From Year 2099 Gives Horrifying Predictions For Next Month !!! (EXPOSED #998),A self-proclaimed time traveler who passed a lie detector test warns that major events will unfold next week! He claims to have brought back digital photos from the future showing flying cars and telepathy! MUST SEE SECRET! Mainstream media is HIDING this! Share this link before government censors delete this post! Code #50997.,Sensational,"July 26, 2026"
SCANDAL: Scientists Admit Earth Magnetic Field Will Reverse Tomorrow Morning !!! (EXPOSED #999),TOTAL CHAOS IMMINENT! Leaked reports from underground physics labs confirm Earth magnetic poles will flip upside down tomorrow morning causing electronics to explode! Stock up on gold immediately! MUST SEE SECRET! Mainstream media is HIDING this! Share this link before government censors delete this post! Code #50998.,Sensational,"July 26, 2026"
SHOCKING TRUTH: Hidden 13th Month Erased From Calendar By Secret Syndicate !!! (EXPOSED #1000),ANCIENT CONSPIRACY EXPOSED! Historical documents prove emperors erased an entire month called Undecimber to charge extra interest on bank loans! Share this secret knowledge before censors take it down! MUST SEE SECRET! Mainstream media is HIDING this! Share this link before government censors delete this post! Code #50999.,News,"July 26, 2026"
